term,df,sumsq,meansq,statistic,p.value
country,4,715970466.8329033,178992616.70822582,65.13946946842161,8.743770978307085e-55
Residuals,17841,49024152341.91554,2747836.575411442,NA,NA
