metric,mean,lower_ci,upper_ci
Average Order Value,480.86692769263976,456.70353834135454,505.030317043925
