customer_id,total_orders,first_order_date,first_order_value,days_since_first_purchase,avg_days_between_purchases,repeat_customer,distinct_products,first_country,predicted_probability
12346,1,2011-01-18T10:01:00Z,77183.6,326.1173611111111,0,0,1,United Kingdom,1.0363793372930027e-9
12347,7,2010-12-07T14:57:00Z,711.79,367.91180555555553,60.839699074074076,1,103,Iceland,0.993123765894363
12348,4,2010-12-16T19:09:00Z,892.8,358.7368055555556,94.25092592592593,1,22,Finland,0.6636615571391016
12350,1,2011-02-02T16:01:00Z,334.4,310.8673611111111,0,0,17,Norway,0.5889934569954012
12352,8,2011-02-16T12:33:00Z,296.5,297.01180555555555,37.15515873015873,1,59,Norway,0.9234642807627919
12353,1,2011-05-19T17:47:00Z,89,204.79375,0,0,4,Bahrain,0.3294960493077083
12354,1,2011-04-21T13:11:00Z,1079.4,232.98541666666668,0,0,58,Spain,0.8758954451773799
12355,1,2011-05-09T13:49:00Z,459.4,214.95902777777778,0,0,13,Bahrain,0.4263276522301537
12356,3,2011-01-18T09:50:00Z,2271.62,326.125,151.47569444444446,1,53,Portugal,0.8561694075649539
12358,2,2011-07-12T10:04:00Z,484.86,151.11527777777778,149.01527777777778,1,13,Austria,0.358822338148164
12359,4,2011-01-12T12:43:00Z,547.5,332.0048611111111,91.33425925925927,1,214,Cyprus,0.9999756652900221
12360,3,2011-05-23T09:43:00Z,1083.58,201.1298611111111,74.11770833333334,1,105,Austria,0.9860071346860457
12361,1,2011-02-25T13:51:00Z,189.9,287.9576388888889,0,0,10,Belgium,0.4837891536987045
12362,10,2011-02-17T10:30:00Z,479.1,296.09722222222223,32.46836419753086,1,201,Belgium,0.9999451540044785
12363,2,2011-04-11T13:29:00Z,299.09999999999997,242.97291666666666,132.8673611111111,1,23,Unspecified,0.5953597149583508
12364,4,2011-08-19T15:24:00Z,623.92,112.89305555555555,34.930092592592594,1,70,Belgium,0.8981198739209951
12365,2,2011-02-21T13:51:00Z,320.69,291.9576388888889,0.009027777777777777,1,22,Cyprus,0.6320473070985473
12370,4,2010-12-14T12:58:00Z,1590.82,360.99444444444447,103.02615740740741,1,143,Cyprus,0.9988735983928636
12372,3,2011-02-16T12:46:00Z,399.22,297.0027777777778,112.48819444444445,1,34,Denmark,0.7622784494553002
12373,1,2011-02-01T13:10:00Z,364.6,311.9861111111111,0,0,14,Austria,0.5500632121081459
12375,2,2011-09-02T14:23:00Z,230.3,98.93541666666667,87.84236111111112,1,14,Finland,0.33454660087763494
12377,2,2010-12-20T09:37:00Z,1001.52,355.13402777777776,39.25555555555555,1,72,Switzerland,0.9619974716692471
12378,1,2011-08-02T10:34:00Z,4008.62,130.09444444444443,0,0,219,Switzerland,0.9998876690272471
12379,2,2011-06-22T16:32:00Z,459.84,170.84583333333333,88.73402777777778,1,39,Belgium,0.703002105089255
12380,4,2011-06-07T09:49:00Z,607.5500000000001,186.12569444444443,54.68935185185185,1,77,Belgium,0.945930686188288
12381,5,2011-08-12T09:57:00Z,1268.74,120.12013888888889,28.778993055555556,1,70,Norway,0.8846953703545001
12383,5,2010-12-22T14:28:00Z,600.72,352.93194444444447,41.93298611111111,1,84,Belgium,0.9811208407214533
12384,2,2011-08-10T11:23:00Z,292.69,122.06041666666667,92.8861111111111,1,26,Switzerland,0.5047966368398612
12386,2,2010-12-08T09:53:00Z,258.9,367.12291666666664,29.113888888888887,1,10,Australia,0.5647066241011829
12388,6,2011-01-17T11:12:00Z,431.3,327.06805555555553,62.21083333333333,1,57,Australia,0.9228217761859194
12393,4,2011-01-11T09:47:00Z,462.5,333.12708333333336,86.74861111111112,1,47,Australia,0.8786981003739672
12394,2,2011-05-06T14:01:00Z,381.08,217.95069444444445,153.7548611111111,1,26,Belgium,0.6015105575195642
12395,12,2010-12-03T16:35:00Z,346.09999999999997,371.84375,31.995328282828282,1,91,Belgium,0.9886071195633077
12397,2,2011-07-27T14:21:00Z,1214.81,135.93680555555557,99.81319444444445,1,110,Belgium,0.9851869291692298
12399,4,2011-03-23T09:42:00Z,288.05,262.13055555555553,47.38263888888889,1,47,Belgium,0.8479056492120287
12401,1,2011-02-09T13:50:00Z,84.3,303.9583333333333,0,0,5,Belgium,0.4434435823169391
12402,1,2011-01-20T13:49:00Z,225.6,323.9590277777778,0,0,11,Belgium,0.5333954188156991
12405,1,2011-07-14T08:52:00Z,1710.39,149.1652777777778,0,0,54,Finland,0.7714207007228577
12406,2,2011-06-09T10:23:00Z,1621.25,184.10208333333333,161.37430555555557,1,92,Denmark,0.9665728427033307
12407,5,2011-03-20T13:21:00Z,226.29999999999998,264.9784722222222,53.717013888888886,1,57,Belgium,0.9060322526288818
12408,5,2011-03-24T14:46:00Z,762.89,260.9194444444444,56.97586805555556,1,81,Belgium,0.9662025613964398
12409,3,2011-06-10T12:19:00Z,6207.08,183.02152777777778,51.964930555555554,1,91,Switzerland,0.8906546937774041
12410,2,2011-02-04T10:38:00Z,625.33,309.09166666666664,6.944444444444445e-4,1,26,Switzerland,0.6775649861852016
12412,3,2011-06-23T13:51:00Z,514.5,169.95763888888888,47.42534722222222,1,43,Denmark,0.7409741993872873
12413,3,2011-01-06T16:12:00Z,479.25,337.8597222222222,135.35,1,29,France,0.7430144796317142
12414,3,2011-02-02T14:51:00Z,153.76,310.9159722222222,46.5,1,16,Austria,0.5880166815763811
12415,21,2011-01-06T11:12:00Z,7011.38,338.06805555555553,15.656597222222222,1,444,Australia,0.9999999991498346
12417,9,2010-12-17T11:51:00Z,291.34,358.0409722222222,44.265711805555554,1,158,Belgium,0.9996281204060531
12418,1,2011-08-19T11:08:00Z,668.58,113.07083333333334,0,0,34,Switzerland,0.573550573075112
12421,4,2011-01-24T15:09:00Z,157.45000000000002,319.9034722222222,101.24953703703704,1,32,Spain,0.7728559291799527
12422,3,2011-01-19T09:13:00Z,238.5,325.15069444444447,114.51215277777777,1,39,Australia,0.830520272494976
12423,8,2010-12-21T10:54:00Z,237.93,354.0805555555556,50.42420634920635,1,97,Belgium,0.9912189233122234
12424,2,2011-06-30T12:06:00Z,1466.32,163.03055555555557,0,1,30,Australia,0.5236856406157083
12426,1,2011-05-29T12:26:00Z,582.73,195.01666666666668,0,0,30,Germany,0.6146147294605151
12427,3,2010-12-03T10:44:00Z,303.5,372.0875,174.9625,1,26,Germany,0.750405455311542
12428,9,2011-03-01T09:33:00Z,1943.4,284.13680555555555,32.24383680555555,1,258,Finland,0.9999955918366095
12429,4,2010-12-09T12:05:00Z,1281.5,366.03125,118.74004629629628,1,82,Denmark,0.9764301253537218
12431,15,2010-12-01T10:03:00Z,358.25,374.11597222222224,24.1484126984127,1,163,Australia,0.9997276727082707
12432,5,2011-06-20T13:27:00Z,2862.06,172.97430555555556,32.481944444444444,1,107,Norway,0.9774110195099246
12433,7,2010-12-01T13:24:00Z,1919.14,373.9763888888889,62.143287037037034,1,219,Norway,0.9999775278670963
12434,2,2011-03-24T13:05:00Z,286.25,260.9895833333333,175.98125,1,46,Australia,0.8404894233379151
12435,2,2011-03-17T07:40:00Z,3978.9900000000002,268.21527777777777,188.05972222222223,1,31,Denmark,0.4849506151063419
12436,1,2011-09-01T12:09:00Z,509.01,100.02847222222222,0,0,16,Norway,0.34238805920013743
12437,18,2011-01-12T14:13:00Z,392.7,331.9423611111111,19.40531045751634,1,118,France,0.9965973721220456
12438,2,2011-07-22T13:29:00Z,890.0699999999999,140.97291666666666,125.99930555555555,1,84,Norway,0.9504964347142575
12441,1,2010-12-08T10:45:00Z,173.55,367.08680555555554,0,0,11,France,0.5828724583668643
12444,5,2011-06-21T14:00:00Z,1870.2,171.95138888888889,37.49357638888889,1,138,Norway,0.996439633399243
12447,1,2011-04-10T13:25:00Z,476.49,243.97569444444446,0,0,26,Belgium,0.6223323633274529
12449,4,2011-06-05T15:37:00Z,858.9300000000001,187.8840277777778,54.97430555555556,1,118,Belgium,0.9928390308699254
12450,2,2011-06-19T14:36:00Z,101.88,173.92638888888888,17.00347222222222,1,7,Spain,0.3335918592295453
12451,5,2011-01-19T09:05:00Z,2919.5099999999998,325.15625,78.49565972222223,1,265,Switzerland,0.9999966807921843
12453,1,2011-07-28T14:08:00Z,707.09,134.94583333333333,0,0,43,Austria,0.7002211921133332
12455,6,2011-02-16T09:56:00Z,1683.9,297.12083333333334,44.64652777777778,1,85,Cyprus,0.969956509021056
12456,3,2011-03-30T09:12:00Z,940.17,255.1513888888889,105.11423611111111,1,105,Switzerland,0.9893054994951664
12457,7,2011-04-14T18:57:00Z,669.25,239.7451388888889,28.79351851851852,1,53,Switzerland,0.8620104351181137
12458,2,2011-02-28T10:55:00Z,441.92,285.0798611111111,213.1875,1,35,Switzerland,0.760267999616495
12461,2,2011-07-08T10:23:00Z,626.88,155.10208333333333,60.27361111111111,1,35,Switzerland,0.6321800581570403
12462,2,2011-02-09T14:44:00Z,762.11,303.92083333333335,284.76875,1,51,Spain,0.8789036633969393
12463,4,2011-04-12T12:47:00Z,350.57,242.00208333333333,62.67986111111111,1,65,Belgium,0.9275085535111204
12464,8,2011-02-03T13:30:00Z,213.9,309.97222222222223,42.71458333333334,1,6,Belgium,0.4542784165991586
12465,2,2011-06-23T13:37:00Z,440.94,169.9673611111111,152.12291666666667,1,46,Belgium,0.7731626967313293
12468,2,2011-01-27T13:29:00Z,220.59,316.97291666666666,128.92152777777778,1,36,Germany,0.8026302086261111
12471,30,2010-12-10T09:35:00Z,1982.4099999999999,365.1354166666667,12.491570881226053,1,150,Germany,0.9991467908148582
12472,7,2010-12-05T14:19:00Z,1631.3,369.93819444444443,56.16458333333333,1,219,Germany,0.9999788037829279
12473,5,2011-06-01T10:15:00Z,672.1899999999999,192.10763888888889,40.536631944444444,1,140,Germany,0.997853525203908
12474,18,2011-01-14T10:06:00Z,47.5,330.1138888888889,18.364093137254905,1,253,Germany,0.9999971615377596
12476,11,2010-12-13T14:39:00Z,12.45,361.9243055555556,34.59173611111111,1,177,Germany,0.999873293259736
12477,6,2011-02-11T12:45:00Z,2355.95,302.00347222222223,55.77583333333333,1,191,Germany,0.9998525660647904
12480,4,2011-01-07T15:27:00Z,816.25,336.8909722222222,102.65856481481482,1,129,Germany,0.9978934621732993
12481,10,2010-12-09T10:13:00Z,159.38,366.1090277777778,38.10308641975309,1,150,Germany,0.9994747055025851
12483,8,2011-01-04T14:20:00Z,547.56,339.9375,46.01607142857143,1,46,Sweden,0.8738379079380725
12484,6,2011-01-07T14:04:00Z,1138.67,336.9486111111111,60.779583333333335,1,256,Spain,0.9999968548924113
12489,1,2011-01-07T13:13:00Z,334.93,336.9840277777778,0,0,15,France,0.5912416801618088
12490,10,2011-01-14T09:13:00Z,864.22,330.15069444444447,36.03194444444445,1,131,France,0.9980197431505443
12492,2,2011-08-26T14:51:00Z,126.39,105.91597222222222,42.016666666666666,1,19,Germany,0.4084472113416686
12493,2,2011-05-26T14:53:00Z,232.5,197.91458333333333,31.808333333333334,1,20,France,0.513134994273155
12494,7,2010-12-09T11:31:00Z,57.6,366.0548611111111,58.31979166666667,1,63,France,0.9552366582615187
12500,11,2011-01-10T09:48:00Z,344.93999999999994,334.12638888888887,31.027222222222225,1,34,Germany,0.7925810481793497
12501,1,2011-01-07T12:28:00Z,2169.39,337.0152777777778,0,0,149,Germany,0.9989336181093856
12502,5,2011-02-03T10:41:00Z,617.25,310.08958333333334,53.51232638888889,1,102,Spain,0.9909421408268864
12506,1,2011-04-21T08:54:00Z,73.5,233.1638888888889,0,0,23,France,0.5994478649451734
12507,3,2011-02-14T09:24:00Z,446.16,299.1430555555556,82.16145833333333,1,19,Spain,0.5946683951837536
12509,1,2011-02-28T14:45:00Z,176.5,284.9201388888889,0,0,7,France,0.44268663280369647
12510,2,2011-01-18T14:04:00Z,681.05,325.9486111111111,182.84097222222223,1,29,Spain,0.7224752067961691
12513,1,2011-08-19T10:51:00Z,612.29,113.0826388888889,0,0,35,France,0.5898101551415291
12514,1,2011-03-17T16:38:00Z,1017.68,267.84166666666664,0,0,51,Italy,0.8529778608730105
12515,1,2010-12-21T15:43:00Z,383.7,353.8798611111111,0,0,16,Italy,0.618085898541906
12516,2,2011-06-12T11:37:00Z,583.2,181.05069444444445,102.9,1,20,Germany,0.4717422346901739
12517,5,2011-06-02T15:13:00Z,766.95,190.90069444444444,40.48802083333333,1,232,Germany,0.9999813234216616
12518,5,2011-08-21T13:18:00Z,324.83,110.98055555555555,27.467881944444443,1,84,Germany,0.9513873413014348
12520,5,2011-03-11T11:35:00Z,987.42,274.0520833333333,48.53958333333333,1,121,Germany,0.995625195141129
12521,1,2011-07-20T10:51:00Z,599.68,143.08263888888888,0,0,38,Germany,0.6575486665789944
12523,11,2011-01-12T09:43:00Z,102.95,332.1298611111111,31.21333333333333,1,84,France,0.9818681729140079
12524,8,2011-01-10T10:35:00Z,337.39,334.09375,46.31507936507937,1,113,Germany,0.9956969780095334
12526,3,2011-09-06T14:19:00Z,520.3,94.93819444444445,46.954861111111114,1,64,Germany,0.8598996069091781
12527,3,2011-01-18T12:05:00Z,132.52,326.03125,121.99652777777777,1,18,Germany,0.6296647339593866
12528,6,2011-01-31T09:05:00Z,493.53,313.15625,60.646527777777784,1,50,Germany,0.885046375273021
12530,4,2011-01-07T10:04:00Z,387.40000000000003,337.1152777777778,92.36805555555556,1,51,Germany,0.9024686435459336
12534,1,2011-08-01T10:26:00Z,1089.18,131.1,0,0,63,Germany,0.8543626711384492
12535,2,2011-06-06T12:47:00Z,371.45,187.00208333333333,94.83402777777778,1,28,France,0.5948163804881242
12539,4,2011-01-10T09:11:00Z,1715.85,334.15208333333334,103.72662037037037,1,157,Spain,0.9993674160611479
12540,17,2010-12-13T09:39:00Z,881.01,362.1326388888889,21.37986111111111,1,277,Spain,0.9999991145992991
12541,3,2011-03-04T09:32:00Z,312.4,281.1375,125.52361111111111,1,46,Spain,0.8509865678750868
12545,2,2011-03-25T12:04:00Z,628.15,260.03194444444443,184.06597222222223,1,42,Spain,0.7957273718844292
12547,2,2011-03-04T12:46:00Z,159.4,281.0027777777778,82.99444444444444,1,7,Spain,0.4396104667801756
12548,1,2011-06-26T15:35:00Z,95.19999999999999,166.88541666666666,0,0,5,Spain,0.30478791134409916
12551,1,2010-12-17T11:23:00Z,168,358.06041666666664,0,0,10,Spain,0.5609381921598057
12553,10,2011-01-14T10:42:00Z,700.31,330.0888888888889,35.694135802469134,1,95,France,0.9878283654786221
12556,2,2011-07-11T13:35:00Z,312.9,151.96875,100.9798611111111,1,100,Spain,0.9817593236279752
12557,5,2010-12-03T12:20:00Z,620,372.0208333333333,88.7984375,1,15,Spain,0.609646732263793
12559,2,2011-01-24T10:12:00Z,486.11,320.1097222222222,8.984027777777778,1,21,Germany,0.6381939950531202
12560,3,2011-07-19T15:55:00Z,1292.31,143.87152777777777,68.95798611111111,1,91,Germany,0.9617566771290424
12561,1,2011-02-10T11:39:00Z,238.85,303.0493055555556,0,0,16,Germany,0.5742456286816053
12562,7,2011-05-25T12:44:00Z,444.96,199.00416666666666,31.69861111111111,1,99,France,0.9837443210708648
12564,1,2011-03-23T14:55:00Z,456.9,261.91319444444446,0,0,21,France,0.5800132678138876
12565,1,2011-02-24T10:34:00Z,145.92,289.09444444444443,0,0,9,Saudi Arabia,0.4749588790604874
12567,10,2010-12-05T11:57:00Z,1526.92,370.03680555555553,38.55131172839506,1,323,France,0.9999999068799488
12569,32,2011-04-01T13:47:00Z,348.68,252.96041666666667,8.068033154121864,1,92,Germany,0.9819946258780804
12571,2,2011-08-10T12:35:00Z,248.35,122.01041666666667,81.90555555555555,1,31,France,0.5720635639159757
12573,1,2011-04-26T15:52:00Z,160.54,227.8736111111111,0,0,26,France,0.6255115157503693
12574,1,2011-01-28T09:20:00Z,218.45000000000002,316.1458333333333,0,0,11,France,0.5254230049743226
12576,5,2011-02-08T11:31:00Z,266.85,305.0548611111111,67.23611111111111,1,72,Poland,0.9611361594461396
12577,3,2010-12-15T16:21:00Z,195.89000000000001,359.8534722222222,161.93854166666668,1,137,France,0.9989302833540312
12578,2,2011-01-13T15:34:00Z,1608.66,330.8861111111111,308.9138888888889,1,111,Italy,0.9932460206764268
12580,1,2011-04-07T10:24:00Z,415.7,247.1013888888889,0,0,24,Germany,0.6047316883674617
12582,2,2011-02-24T11:42:00Z,205.16,289.0472222222222,49.87708333333333,1,21,Finland,0.6240930331403769
12583,15,2010-12-01T08:45:00Z,855.86,374.1701388888889,26.49811507936508,1,115,France,0.9962601027375717
12584,9,2011-03-04T15:15:00Z,463.63,280.89930555555554,34.595486111111114,1,44,Italy,0.8316787273428614
12585,2,2010-12-23T12:58:00Z,1262.85,351.99444444444447,117.02847222222222,1,77,Germany,0.9679651505198091
12589,2,2011-07-18T12:05:00Z,131.5,145.03125,115.9263888888889,1,29,France,0.5786228871884342
12590,2,2011-05-12T14:46:00Z,9341.26,211.91944444444445,0.004166666666666667,1,68,Germany,0.5501832824528466
12591,1,2011-01-26T14:35:00Z,452.85,317.9270833333333,0,0,26,Italy,0.6956033997963301
12592,2,2011-05-10T13:44:00Z,231.8,213.9625,121.05555555555556,1,11,Germany,0.4146092229597468
12593,3,2011-05-05T09:29:00Z,236,219.13958333333332,55.06736111111111,1,14,France,0.45813931765978927
12594,10,2011-01-21T09:52:00Z,341,323.12361111111113,31.678086419753086,1,50,Italy,0.893271258329615
12596,2,2011-04-11T13:22:00Z,269.95,242.9777777777778,190.98611111111111,1,25,Spain,0.6219240643926529
12597,4,2011-03-16T14:00:00Z,516.15,268.9513888888889,82.99374999999999,1,184,Spain,0.9998494040832572
12598,8,2011-02-28T11:58:00Z,720.86,285.0361111111111,39.28769841269842,1,84,France,0.9740285843513026
12599,7,2011-02-08T13:28:00Z,201.86,304.9736111111111,45.83402777777778,1,32,France,0.7591512363826588
12600,10,2010-12-03T12:57:00Z,76.5,371.9951388888889,38.09969135802469,1,32,Germany,0.8133323853599814
12601,5,2011-01-11T10:38:00Z,144.26,333.09166666666664,35.74635416666667,1,21,Germany,0.6712987342061081
12604,2,2011-03-23T12:06:00Z,178.5,262.03055555555557,182.0847222222222,1,15,France,0.5213100195780013
12609,3,2011-01-25T15:13:00Z,287.93,318.90069444444447,120.028125,1,57,Germany,0.922993620127044
12610,5,2011-08-05T13:52:00Z,946.75,126.95694444444445,25.955208333333335,1,85,Italy,0.9493630276843746
12613,5,2011-03-22T15:42:00Z,803.66,262.88055555555553,51.242534722222224,1,124,Germany,0.9962540084094339
12614,1,2011-03-07T10:22:00Z,315.6,278.10277777777776,0,0,20,Germany,0.5934918719729332
12615,4,2011-06-24T13:35:00Z,634.74,168.96875,55.35347222222222,1,82,France,0.954345083158012
12616,2,2011-02-15T14:17:00Z,255.6,297.93958333333336,202.04166666666666,1,25,France,0.6769731187913343
12619,9,2011-03-31T13:10:00Z,205.98,253.98611111111111,29.633854166666666,1,50,Germany,0.8653395600640706
12620,3,2011-05-19T12:10:00Z,561.66,205.02777777777777,94.96180555555556,1,89,France,0.9728550550066629
12621,20,2010-12-09T10:16:00Z,464.61,366.1069444444444,19.160416666666666,1,261,Germany,0.9999982106107264
12622,1,2011-04-21T16:39:00Z,180.1,232.84097222222223,0,0,11,Germany,0.4379671282475399
12623,1,2011-03-08T13:50:00Z,305.1,276.9583333333333,0,0,18,Germany,0.5676785799180503
12624,2,2011-06-15T12:34:00Z,299.94,178.01111111111112,71.10416666666667,1,36,France,0.685497654107372
12625,2,2011-01-24T13:27:00Z,1716.62,319.97430555555553,107.85208333333334,1,73,Germany,0.9498861936957529
12626,9,2011-01-17T11:01:00Z,1096,327.0756944444444,37.90147569444444,1,232,Germany,0.999988714800514
12627,7,2011-07-22T13:59:00Z,768.02,140.95208333333332,21.6537037037037,1,162,Germany,0.9991218912568919
12633,4,2011-02-25T08:44:00Z,1012.8199999999999,288.17083333333335,76.37407407407407,1,73,Germany,0.9521138339104118
12635,2,2011-07-08T08:43:00Z,683.64,155.17152777777778,65.09791666666666,1,96,Germany,0.9757325445685797
12637,8,2011-01-20T10:47:00Z,1516.68,324.0854166666667,36.58918650793651,1,205,France,0.9999481007308635
12639,1,2011-04-15T12:48:00Z,486.1,239.0013888888889,0,0,22,Sweden,0.5665198996184416
12641,1,2011-08-16T13:26:00Z,185.9,115.975,0,0,10,Sweden,0.30794371607296167
12642,3,2011-08-24T09:23:00Z,366.45,108.14375,41.11805555555556,1,39,Germany,0.6489268986667753
12643,6,2011-01-11T11:48:00Z,871.1999999999999,333.04305555555555,40.809444444444445,1,11,France,0.500697057333556
12644,1,2011-08-02T10:33:00Z,477.90999999999997,130.0951388888889,0,0,31,Germany,0.5658044902909943
12645,4,2011-01-27T13:08:00Z,369.29999999999995,316.9875,94.3263888888889,1,58,Germany,0.9245530407288752
12647,12,2010-12-05T14:02:00Z,286.5,369.95,31.541287878787877,1,78,Germany,0.9780299080166891
12648,1,2011-07-08T11:55:00Z,318.05,155.03819444444446,0,0,21,Germany,0.4740049033685263
12649,3,2011-05-11T14:37:00Z,375,212.92569444444445,52.50138888888889,1,28,Germany,0.621380970090396
12651,1,2011-01-09T12:46:00Z,114,335.0027777777778,0,0,9,France,0.5267978876025589
12652,1,2011-01-12T15:00:00Z,919.98,331.90972222222223,0,0,48,France,0.8705755225709143
12653,2,2011-02-16T10:53:00Z,779.1,297.08125,147.99166666666667,1,37,Israel,0.7722486823018263
12654,5,2011-02-17T13:16:00Z,166.6,295.9819444444444,71.21770833333333,1,31,Germany,0.7439151066298526
12656,5,2011-04-20T09:20:00Z,541.2,234.14583333333334,54.04548611111111,1,89,France,0.9761245142768994
12662,11,2010-12-01T13:04:00Z,261.48,373.9902777777778,37.29548611111111,1,129,Germany,0.9984499727387641
12664,9,2011-01-21T11:42:00Z,661.58,323.0472222222222,39.27821180555556,1,10,Finland,0.49071048808320433
12665,1,2011-01-19T08:34:00Z,63,325.1777777777778,0,0,3,Germany,0.4419178314894406
12668,4,2010-12-19T12:46:00Z,469.87,356.0027777777778,114.6412037037037,1,115,Germany,0.9963451076257643
12669,3,2011-03-28T10:15:00Z,1136.3,257.1076388888889,52.99270833333333,1,98,France,0.9840238062869404
12670,5,2011-04-21T10:16:00Z,633.05,233.10694444444445,55.55329861111111,1,58,France,0.8881969106830061
12672,1,2011-01-14T09:20:00Z,225.9,330.1458333333333,0,0,10,France,0.5271271297923509
12673,2,2011-01-17T11:46:00Z,220.9,327.0444444444444,321.08958333333334,1,42,Germany,0.8529514042557573
12674,4,2011-05-16T09:10:00Z,586.74,208.15277777777777,56.37546296296296,1,52,France,0.8408973682050069
12676,6,2011-02-01T15:41:00Z,509.5,311.88125,57.37277777777778,1,33,Sweden,0.7592766041992421
12678,12,2010-12-21T11:00:00Z,150,354.0763888888889,28.280555555555555,1,105,France,0.9943187677527171
12679,4,2011-03-01T12:26:00Z,794.0600000000001,284.01666666666665,75.00092592592593,1,43,France,0.813355415920442
12680,4,2011-08-18T15:44:00Z,311.78,113.87916666666666,37.62638888888889,1,33,France,0.584702435401436
12681,22,2010-12-07T10:08:00Z,1033.52,368.1125,16.812334656084655,1,267,France,0.9999984904600783
12682,31,2010-12-03T13:59:00Z,336.24,371.95208333333335,12.26113425925926,1,209,France,0.9999749096118704
12683,15,2010-12-09T10:37:00Z,213.88,366.09236111111113,25.80327380952381,1,177,France,0.9998687694186735
12684,7,2011-05-10T12:55:00Z,489.09999999999997,213.99652777777777,34.312268518518515,1,61,France,0.8987416874063161
12685,6,2011-09-07T10:28:00Z,549.24,94.09861111111111,13.0275,1,117,France,0.9895945306287054
12686,1,2010-12-03T09:51:00Z,89.14,372.12430555555557,0,0,7,France,0.5426515268818535
12688,1,2011-08-18T08:49:00Z,4873.81,114.1673611111111,0,0,171,Israel,0.9981749746167135
12689,2,2011-08-04T10:04:00Z,511.03,128.11527777777778,101.93541666666667,1,57,France,0.8316488510569151
12690,1,2011-05-18T09:09:00Z,389.01,206.15347222222223,0,0,16,France,0.4599104834581063
12691,6,2010-12-17T14:46:00Z,180,357.9194444444444,65.81708333333333,1,21,France,0.6926031376255253
12693,4,2011-01-24T12:58:00Z,162.05,319.99444444444447,64.06782407407407,1,35,Germany,0.7989026836383177
12694,2,2011-06-09T17:48:00Z,439.5,183.79305555555555,112.80416666666666,1,32,France,0.6363867210261459
12695,4,2011-05-13T13:15:00Z,89.25,210.98263888888889,67.66828703703703,1,23,France,0.5751272256279574
12697,3,2011-06-23T15:44:00Z,390.5,169.87916666666666,70.35520833333334,1,37,Sweden,0.683932180678318
12700,4,2011-05-08T16:10:00Z,1092.43,215.86111111111111,69.25856481481482,1,193,France,0.9998616629118958
12701,2,2011-04-11T13:02:00Z,337.08,242.99166666666667,162.90625,1,50,Germany,0.8554594163916573
12704,8,2011-06-23T10:20:00Z,329.56,170.10416666666666,23.160218253968253,1,64,Finland,0.8994216967692075
12705,9,2010-12-17T15:58:00Z,858,357.86944444444447,42.73602430555555,1,228,Germany,0.9999885864964918
12707,1,2011-02-21T08:38:00Z,603.42,292.175,0,0,33,France,0.7385522697642406
12708,10,2010-12-06T10:43:00Z,196.44,369.08819444444447,37.66273148148148,1,86,Germany,0.9856740594476725
12709,15,2010-12-08T09:49:00Z,522.7,367.12569444444443,25.088740079365078,1,93,Germany,0.9890138816696572
12710,3,2011-05-22T14:05:00Z,718.96,201.94791666666666,52.45659722222222,1,75,Germany,0.9425288143488754
12712,13,2010-12-03T14:30:00Z,175.53,371.93055555555554,28.561863425925925,1,58,Germany,0.9424227532862445
12714,5,2011-02-18T10:53:00Z,968.3,295.08125,71.30034722222223,1,216,France,0.9999712318636036
12715,1,2011-08-25T15:22:00Z,353.86,106.89444444444445,0,0,20,Sweden,0.40751210508850366
12716,2,2011-07-29T13:28:00Z,677.9,133.9736111111111,129.81041666666667,1,60,France,0.8499854967667915
12717,2,2011-04-08T10:32:00Z,609.74,246.09583333333333,94.17708333333333,1,49,Greece,0.8412633963361118
12720,25,2010-12-05T15:21:00Z,473.39,369.8951388888889,15.278993055555555,1,211,Germany,0.9999763405000456
12721,6,2010-12-20T11:38:00Z,286.6,355.05,64.6048611111111,1,133,France,0.9986235003565518
12722,4,2011-07-12T11:55:00Z,302.92,151.03819444444446,21.707175925925924,1,50,France,0.8003150511538966
12724,4,2011-01-11T15:00:00Z,154.9,332.90972222222223,109.01435185185186,1,47,France,0.886994349659099
12725,1,2010-12-03T15:45:00Z,427.8,371.87847222222223,0,0,24,Italy,0.7237664080690211
12726,7,2010-12-17T12:56:00Z,170.28,357.99583333333334,54.83784722222222,1,57,France,0.9360969867888855
12727,7,2011-01-23T15:17:00Z,514.5,320.8979166666667,51.64224537037037,1,109,France,0.9941326327252931
12728,4,2011-01-11T13:31:00Z,252.54,332.9715277777778,87.02777777777777,1,38,France,0.8274432311723702
12729,1,2011-08-18T11:40:00Z,453.01,114.04861111111111,0,0,26,France,0.48553513982689545
12731,12,2010-12-10T10:56:00Z,1071.9,365.07916666666665,31.003977272727273,1,109,France,0.9943866456337064
12732,1,2011-06-13T11:33:00Z,236.26000000000002,180.0534722222222,0,0,12,France,0.39143760234894776
12733,1,2011-04-19T16:19:00Z,383.95,234.85486111111112,0,0,22,USA,0.5687227662206091
12734,1,2010-12-22T12:47:00Z,110.39999999999999,353.00208333333336,0,0,4,France,0.48168577356867437
12735,2,2011-01-06T14:26:00Z,319.77,337.93333333333334,21.965972222222224,1,38,France,0.8279818281539537
12736,1,2011-01-11T07:57:00Z,234,333.2034722222222,0,0,4,France,0.45220046542336356
12738,1,2010-12-02T18:27:00Z,155.35,372.7659722222222,0,0,11,Germany,0.5900113051690599
12739,2,2011-09-01T17:45:00Z,975.54,99.79513888888889,20.802083333333332,1,38,United Arab Emirates,0.590356180390456
12743,2,2011-07-28T16:06:00Z,347.35,134.86388888888888,0.010416666666666666,1,114,Unspecified,0.9903327586395754
12744,7,2011-01-25T13:26:00Z,2053.07,318.975,44.48518518518518,1,178,Singapore,0.9997516854152066
12747,11,2010-12-05T15:38:00Z,358.56,369.8833333333333,36.69555555555556,1,42,United Kingdom,0.8707281155149482
12748,209,2010-12-01T12:48:00Z,4.95,374.00138888888887,1.793175747863248,1,1768,United Kingdom,0.9999999999999998
12749,5,2011-05-10T15:25:00Z,859.1,213.89236111111111,52.442881944444444,1,160,United Kingdom,0.9992726285264528
12750,1,2011-08-03T09:13:00Z,275.88,129.15069444444444,0,0,15,Poland,0.37361270069128094
12753,6,2010-12-12T11:44:00Z,3590.59,363.04583333333335,67.99277777777777,1,132,Japan,0.9966571201532032
12754,3,2011-02-04T10:31:00Z,45.57,309.0965277777778,36.468402777777776,1,49,Japan,0.8899090369338871
12755,2,2010-12-09T10:44:00Z,3794.4,366.0875,85.08194444444445,1,4,Japan,0.2711393186305066
12757,13,2011-05-12T19:01:00Z,602.83,211.7423611111111,16.31070601851852,1,237,Portugal,0.9999873966684084
12758,2,2011-03-08T12:05:00Z,1570.19,277.03125,159.9284722222222,1,84,Portugal,0.9666107405057688
12759,3,2011-03-09T08:09:00Z,444.8,276.1951388888889,111.63888888888889,1,81,Netherlands,0.9707785962486221
12763,2,2010-12-05T15:46:00Z,320.08,369.8777777777778,230.93472222222223,1,16,Japan,0.638211657436262
12764,1,2011-01-27T10:19:00Z,1693.88,317.1048611111111,0,0,45,Lebanon,0.8148484556576527
12766,7,2010-12-08T13:53:00Z,1149.29,366.95625,60.46446759259259,1,205,Portugal,0.9999608887964329
12769,1,2011-04-15T10:25:00Z,1143.6,239.10069444444446,0,0,32,Brazil,0.6487999953720059
12770,1,2011-05-13T09:33:00Z,1351.45,211.13680555555555,0,0,12,Japan,0.35416366968567053
12775,5,2011-02-01T13:45:00Z,214.45,311.96180555555554,73.52916666666667,1,47,Netherlands,0.875863279003541
12778,6,2011-01-31T14:35:00Z,134.48,312.9270833333333,58.574305555555554,1,40,Netherlands,0.8341979360554058
12779,8,2010-12-03T13:40:00Z,248.16,371.96527777777777,47.70267857142857,1,88,Poland,0.9870538119697665
12781,2,2011-02-28T08:43:00Z,549.26,285.1715277777778,221.07916666666668,1,25,Czech Republic,0.6472588282902151
12782,5,2010-12-17T11:30:00Z,463.5,358.05555555555554,88.22673611111111,1,81,Portugal,0.9792311708019308
12785,1,2010-12-10T13:48:00Z,311.95,364.95972222222224,0,0,14,Portugal,0.609350830439583
12787,3,2011-05-31T09:36:00Z,158.1,193.13472222222222,91.48194444444445,1,17,Netherlands,0.47394741579302224
12790,1,2011-05-31T14:14:00Z,324.92,192.94166666666666,0,0,21,Netherlands,0.5146236317255476
12791,1,2010-12-01T11:27:00Z,192.60000000000002,374.0576388888889,0,0,2,Netherlands,0.473150479519468
12792,1,2011-03-28T11:36:00Z,400.54,257.0513888888889,0,0,25,Portugal,0.6281521972929077
12793,2,2010-12-03T15:14:00Z,131.8,371.9,36.87361111111111,1,21,Portugal,0.7079972019883466
12794,2,2011-09-02T12:01:00Z,317,99.03402777777778,45.12013888888889,1,43,Portugal,0.689021215564282
12797,1,2010-12-09T10:55:00Z,254.03,366.0798611111111,0,0,13,Portugal,0.6017612173826173
12798,3,2011-06-22T10:11:00Z,1607.04,171.11041666666668,80.11840277777777,1,6,Japan,0.2398733377259064
12802,1,2011-06-06T09:36:00Z,427.58,187.13472222222222,0,0,25,Netherlands,0.5532749634253499
12808,3,2010-12-06T10:27:00Z,129.4,369.09930555555553,165.9923611111111,1,27,Portugal,0.7659685845866915
12809,1,2011-06-15T10:51:00Z,489.31,178.08263888888888,0,0,25,Portugal,0.539506947185179
12811,3,2011-02-28T15:39:00Z,240.25,284.8826388888889,11.876041666666667,1,27,Portugal,0.6880796002821241
12814,1,2011-08-30T12:11:00Z,125.92,102.02708333333334,0,0,2,Poland,0.21929489465049645
12815,2,2011-05-25T13:34:00Z,615.36,198.96944444444443,50.865972222222226,1,38,Poland,0.7090239842825087
12816,2,2011-06-16T13:24:00Z,318.65000000000003,176.9763888888889,80.97013888888888,1,27,Poland,0.5750396064280712
12817,1,2011-03-03T16:28:00Z,166.04,281.8486111111111,0,0,4,Austria,0.40213226672941843
12818,1,2011-03-23T12:06:00Z,1542.0800000000002,262.03055555555557,0,0,14,Austria,0.41908822100341114
12820,4,2011-01-17T12:34:00Z,170.46,327.0111111111111,107.70324074074074,1,55,United Kingdom,0.9202738823796478
12821,1,2011-05-09T15:51:00Z,92.72,214.87430555555557,0,0,6,United Kingdom,0.36264933229194446
12823,5,2011-02-16T12:15:00Z,306,297.02430555555554,55.451388888888886,1,1,United Kingdom,0.37204164350788643
12826,7,2010-12-09T15:21:00Z,155,365.8951388888889,60.465740740740735,1,58,United Kingdom,0.9412859300350467
12828,6,2011-08-01T16:16:00Z,227,130.85694444444445,25.53736111111111,1,46,United Kingdom,0.7527043593028758
12829,2,2010-12-14T14:54:00Z,85.75,360.9138888888889,23.846527777777776,1,9,United Kingdom,0.556540770489787
12830,6,2011-06-21T10:53:00Z,2221.84,172.08125,26.808472222222225,1,13,United Kingdom,0.2792905527130446
12831,1,2011-03-22T13:02:00Z,215.05,262.9916666666667,0,0,9,United Kingdom,0.4423304642788016
12832,2,2011-09-02T13:48:00Z,267.8,98.95972222222223,65.9875,1,27,United Kingdom,0.49437080335655836
12833,1,2011-07-17T13:46:00Z,417.38,145.9611111111111,0,0,24,United Kingdom,0.4965253550828403
12834,1,2011-03-02T09:49:00Z,312.38,283.12569444444443,0,0,18,United Kingdom,0.5737613916429714
12836,4,2011-02-01T11:19:00Z,846.69,312.06319444444443,84.05347222222223,1,148,United Kingdom,0.9991170608696531
12837,1,2011-06-19T16:07:00Z,134.1,173.86319444444445,0,0,12,United Kingdom,0.3914647447010296
12838,2,2010-12-01T11:57:00Z,390.79,374.03680555555553,340.0159722222222,1,115,United Kingdom,0.9966887656484604
12839,14,2010-12-07T15:48:00Z,402.61,367.87638888888887,28.06650641025641,1,95,United Kingdom,0.9904239522575243
12840,4,2011-04-27T12:21:00Z,854.07,227.02013888888888,27.626851851851853,1,67,United Kingdom,0.9209266811368072
12841,25,2010-12-03T10:43:00Z,294.25,372.08819444444447,15.292534722222221,1,229,United Kingdom,0.9999912205108983
12842,2,2011-02-04T12:36:00Z,310.73,309.0097222222222,238.12291666666667,1,34,United Kingdom,0.7756762078927301
12843,8,2011-03-20T14:38:00Z,93.4,264.925,28.413789682539683,1,69,United Kingdom,0.9490208323299132
12844,2,2011-08-01T13:11:00Z,174.88,130.98541666666668,101.01388888888889,1,47,United Kingdom,0.7648258238894353
12845,4,2011-02-22T14:10:00Z,65.09,290.94444444444446,7.658333333333334,1,26,United Kingdom,0.6924839331935327
12849,2,2011-03-16T12:26:00Z,704.5,269.01666666666665,237.05208333333334,1,47,United Kingdom,0.8372928692917186
12851,1,2011-09-04T12:41:00Z,135.18,97.00625,0,0,43,United Kingdom,0.6973562264508103
12852,1,2011-02-18T08:47:00Z,311.55,295.16875,0,0,17,United Kingdom,0.5738917039096297
12853,6,2011-01-28T10:28:00Z,427.40000000000003,316.0986111111111,36.20847222222223,1,66,United Kingdom,0.9479479266584582
12854,3,2011-01-25T13:35:00Z,389.9,318.96875,119.97222222222223,1,95,United Kingdom,0.9882269074170706
12855,1,2010-12-02T09:37:00Z,38.1,373.13402777777776,0,0,3,United Kingdom,0.49529766751004833
12857,2,2011-02-10T12:32:00Z,801.6,303.0125,91.90833333333333,1,37,United Kingdom,0.7757101058850306
12864,1,2011-07-24T13:03:00Z,147.12,138.9909722222222,0,0,3,United Kingdom,0.25671147038828507
12865,2,2011-08-08T10:11:00Z,981.38,124.11041666666667,97.18055555555556,1,86,Austria,0.9508062476236657
12866,1,2011-03-01T14:11:00Z,559.12,283.94375,0,0,26,Belgium,0.6572368165991965
12867,7,2010-12-14T16:39:00Z,362.79,360.8409722222222,55.658680555555556,1,240,United Kingdom,0.9999946975532932
12868,6,2010-12-01T12:50:00Z,203.3,374,37.58222222222222,1,72,United Kingdom,0.9713590898662163
12871,2,2011-05-16T13:32:00Z,132,207.97083333333333,123.06597222222223,1,8,United Kingdom,0.3774579043170681
12872,2,2010-12-09T14:44:00Z,378.53000000000003,365.92083333333335,38.83888888888889,1,58,United Kingdom,0.93794573737882
12873,1,2011-03-02T14:58:00Z,374,282.9111111111111,0,0,4,United Kingdom,0.3901059590960211
12875,2,2010-12-12T12:03:00Z,293.76000000000005,363.03263888888887,219.14375,1,1,United Kingdom,0.4417803300878666
12876,2,2011-05-27T13:34:00Z,726.43,196.96944444444443,138.95277777777778,1,67,Belgium,0.9135959652943193
12877,12,2010-12-16T12:23:00Z,150.06,359.01875,32.26559343434344,1,100,United Kingdom,0.9928018553879047
12878,2,2011-03-18T14:02:00Z,315.18,266.95,29.961805555555557,1,38,United Kingdom,0.7798387082280561
12879,3,2011-09-09T12:11:00Z,140.5,92.02708333333334,23.504513888888887,1,7,United Kingdom,0.25780689247222327
12881,1,2011-03-09T11:44:00Z,298,276.04583333333335,0,0,7,United Kingdom,0.42535619735750607
12885,3,2011-08-08T11:45:00Z,645.35,124.04513888888889,30.039930555555557,1,66,United Kingdom,0.8820032359172714
12886,2,2011-05-04T11:21:00Z,775,220.06180555555557,151.95,1,75,United Kingdom,0.9458874532899794
12888,2,2011-03-29T14:31:00Z,272.76,255.9298611111111,41.06319444444444,1,4,United Kingdom,0.36884561000457305
12891,3,2011-02-20T11:28:00Z,42,293.05694444444447,53.521875,1,2,United Kingdom,0.3967374345858884
12897,2,2011-02-11T11:40:00Z,128.8,302.0486111111111,97.02291666666666,1,3,United Kingdom,0.41312373284663473
12901,28,2011-03-14T10:41:00Z,349.8,271.08958333333334,9.702829218106997,1,30,United Kingdom,0.7022802624564779
12902,1,2011-03-20T12:06:00Z,138.68,265.03055555555557,0,0,10,United Kingdom,0.4623739557286209
12904,2,2011-06-20T13:18:00Z,244.69,172.98055555555555,154.05277777777778,1,59,United Kingdom,0.877190339723157
12908,2,2011-01-31T12:37:00Z,318,313.00902777777776,136.1263888888889,1,1,United Kingdom,0.3876254144053518
12909,5,2011-03-31T12:51:00Z,278.65,253.99930555555557,53.49861111111111,1,78,United Kingdom,0.9642574811939001
12910,8,2011-04-12T10:01:00Z,720.22,242.1173611111111,31.16934523809524,1,48,United Kingdom,0.8276871213429876
12913,5,2010-12-06T16:36:00Z,417.62,368.84305555555557,90.95399305555556,1,37,United Kingdom,0.8358556566632467
12915,2,2010-12-02T12:33:00Z,199.65,373.01180555555555,223.95902777777778,1,19,United Kingdom,0.6832505114707202
12916,4,2011-01-23T10:43:00Z,847.85,321.08819444444447,60.66481481481481,1,53,United Kingdom,0.8945194968186605
12917,1,2011-08-03T16:42:00Z,594,128.8388888888889,0,0,2,United Kingdom,0.21805631640378928
12919,6,2011-06-23T09:22:00Z,206.2,170.14444444444445,32.236805555555556,1,34,United Kingdom,0.660591933256215
12921,37,2010-12-01T15:06:00Z,322.40000000000003,373.90555555555557,10.112577160493828,1,233,United Kingdom,0.9999928701870162
12922,1,2011-07-01T15:35:00Z,405.38,161.88541666666666,0,0,28,United Kingdom,0.5661152745251654
12924,4,2011-01-16T11:49:00Z,58.190000000000005,328.0423611111111,79.69583333333334,1,22,United Kingdom,0.682828582972664
12928,5,2010-12-15T15:45:00Z,392.34000000000003,359.87847222222223,80.9859375,1,59,United Kingdom,0.9392178343772576
12929,1,2011-02-01T12:08:00Z,117.85,312.02916666666664,0,0,8,United Kingdom,0.4886805200792794
12930,2,2011-06-21T13:25:00Z,221.56,171.97569444444446,93.07847222222222,1,20,United Kingdom,0.4857375647813537
12931,15,2010-12-17T09:45:00Z,144,358.12847222222223,24.00863095238095,1,28,United Kingdom,0.7660552234421606
12933,3,2011-03-01T11:30:00Z,110.75,284.05555555555554,129.60694444444445,1,102,United Kingdom,0.9911266173362013
12935,7,2011-01-24T13:58:00Z,431.63,319.9527777777778,52.85729166666667,1,80,United Kingdom,0.9745321916324186
12937,4,2011-03-17T14:19:00Z,217.42999999999998,267.93819444444443,84.01064814814815,1,81,United Kingdom,0.971457234935745
12939,8,2011-01-09T11:20:00Z,1933.2,335.0625,38.59057539682539,1,21,United Kingdom,0.5622895603797033
12942,3,2010-12-09T09:34:00Z,258.75,366.1361111111111,117.10590277777777,1,68,United Kingdom,0.963294591302509
12944,2,2010-12-20T10:41:00Z,286.95,355.08958333333334,319.0159722222222,1,29,United Kingdom,0.7662364060153947
12945,1,2011-02-24T14:15:00Z,462.95,288.94097222222223,0,0,23,United Kingdom,0.6323472044601426
12947,6,2010-12-01T16:21:00Z,304.04,373.8534722222222,45.94791666666667,1,83,United Kingdom,0.9831723641260636
12948,7,2011-03-20T10:17:00Z,371.8,265.10625,41.38113425925926,1,82,United Kingdom,0.97142657279145594
12949,8,2011-04-01T13:20:00Z,1534.3,252.97916666666666,31.702876984126984,1,166,United Kingdom,0.9994625808750455
12951,6,2011-01-13T10:33:00Z,188.69,331.09513888888887,64.41402777777778,1,53,United Kingdom,0.9133415429060932
12955,11,2011-03-17T09:03:00Z,473.82,268.15763888888887,26.63097222222222,1,81,United Kingdom,0.9695479531786465
12956,1,2011-02-06T16:08:00Z,108.07,306.8625,0,0,19,United Kingdom,0.6238710827754103
12957,8,2011-01-04T12:18:00Z,413.68,340.02222222222224,47.12847222222222,1,208,United Kingdom,0.9999690204460263
12962,2,2011-08-18T13:38:00Z,170.54,113.96666666666667,106.09513888888888,1,15,United Kingdom,0.3647504479073281
12963,8,2010-12-09T09:14:00Z,365.8,366.15,51.021924603174604,1,75,United Kingdom,0.9734724401658329
12967,2,2010-12-03T09:49:00Z,1368.4,372.12569444444443,13.389583333333333,1,19,United Kingdom,0.6121692332783916
12968,1,2011-08-19T15:44:00Z,135.95,112.87916666666666,0,0,5,United Kingdom,0.25547971439274225
12970,4,2011-01-21T14:04:00Z,17.2,322.9486111111111,105.00601851851853,1,116,United Kingdom,0.9964457643161865
12971,86,2010-12-02T16:42:00Z,45.12,372.8388888888889,4.339035947712418,1,94,United Kingdom,0.9910118864492511
12974,1,2011-05-26T09:33:00Z,144.8,198.13680555555555,0,0,8,United Kingdom,0.366703848373617
12976,1,2011-05-12T09:55:00Z,738.6,212.12152777777777,0,0,22,United Kingdom,0.5210970217118586
12977,1,2011-07-06T16:40:00Z,39.24,156.84027777777777,0,0,9,United Kingdom,0.3439551155564249
12980,9,2010-12-16T11:36:00Z,889.32,359.0513888888889,25.114409722222224,1,6,United Kingdom,0.4628707655070745
12981,2,2011-07-29T14:14:00Z,187.18,133.94166666666666,103.90694444444445,1,12,United Kingdom,0.34789150317788
12982,1,2011-04-11T11:51:00Z,390.53999999999996,243.04097222222222,0,0,28,United Kingdom,0.6506576711737593
12987,2,2011-05-26T12:00:00Z,304.3,198.03472222222223,124.00208333333333,1,27,United Kingdom,0.5981028662265971
12988,1,2011-02-20T14:31:00Z,535.32,292.9298611111111,0,0,75,United Kingdom,0.9623253998485705
12989,15,2010-12-10T13:24:00Z,202.5,364.9763888888889,25.791865079365078,1,41,United Kingdom,0.8670815644217543
12990,3,2011-02-02T15:39:00Z,97.5,310.8826388888889,139.4451388888889,1,8,United Kingdom,0.48878000173929537
12991,2,2011-08-19T14:39:00Z,303.56,112.92430555555555,89.03819444444444,1,31,United Kingdom,0.5588003446969197
12993,4,2011-02-14T14:29:00Z,102.9,298.93125,91.68518518518518,1,26,United Kingdom,0.6977106251228636
12994,3,2011-03-16T08:31:00Z,352.6,269.1798611111111,132.15,1,52,United Kingdom,0.8798921394541107
12997,4,2011-01-26T15:49:00Z,305.55,317.87569444444443,98.33287037037037,1,45,United Kingdom,0.8643138875736308
12999,3,2011-04-08T10:26:00Z,320.28,246.1,24.561805555555555,1,25,United Kingdom,0.6219848319755557
13000,3,2010-12-10T10:26:00Z,201.75,365.1,129.00590277777778,1,30,United Kingdom,0.7866762559126933
13001,13,2011-01-17T12:45:00Z,805.45,327.00347222222223,26.840625,1,166,United Kingdom,0.9996783178888775
13002,1,2011-01-25T15:18:00Z,120.94999999999999,318.89722222222224,0,0,7,United Kingdom,0.4829477290554619
13003,3,2011-05-09T08:23:00Z,59.050000000000004,215.18541666666667,54.55104166666667,1,4,United Kingdom,0.34130394324308566
13004,18,2010-12-17T08:20:00Z,357.01,358.1875,20.360580065359475,1,277,United Kingdom,0.9999992156520702
13005,2,2011-04-07T13:32:00Z,321.65,246.97083333333333,72.88958333333333,1,21,United Kingdom,0.5729053403531158
13008,1,2011-01-20T14:24:00Z,229.46999999999997,323.9347222222222,0,0,14,United Kingdom,0.5716081880360422
13011,1,2010-12-02T17:22:00Z,50.550000000000004,372.81111111111113,0,0,3,United Kingdom,0.49412617280067006
13012,8,2011-02-18T09:43:00Z,377.27000000000004,295.1298611111111,40.7343253968254,1,67,United Kingdom,0.9466602544918773
13013,13,2010-12-03T12:28:00Z,841.94,372.0152777777778,30.842187499999998,1,155,United Kingdom,0.9995270738192037
13014,10,2011-03-03T18:28:00Z,515.38,281.7652777777778,30.08325617283951,1,67,United Kingdom,0.9416866255350951
13015,5,2011-04-04T14:28:00Z,556.77,249.93194444444444,48.98802083333333,1,156,United Kingdom,0.9992929993369021
13016,3,2011-08-08T15:00:00Z,425.25,123.90972222222223,24.981944444444444,1,39,United Kingdom,0.6608732812946002
13018,28,2011-02-17T11:05:00Z,331.2,296.0729166666667,10.337011316872427,1,313,United Kingdom,0.9999998426752055
13021,9,2010-12-16T10:12:00Z,157.35,359.1097222222222,44.283420138888886,1,101,United Kingdom,0.993153168029979
13023,2,2011-08-02T09:34:00Z,336.4,130.13611111111112,65.28680555555556,1,36,United Kingdom,0.6368880175738713
13026,5,2011-03-09T11:35:00Z,84.36,276.0520833333333,68.55607638888888,1,32,United Kingdom,0.7414660275192905
13027,6,2010-12-20T12:45:00Z,1440,355.00347222222223,48.174166666666665,1,6,United Kingdom,0.42270266575395143
13029,3,2010-12-21T13:53:00Z,382.5,353.95625,161.40277777777777,1,8,United Kingdom,0.5166727385555059
13030,2,2010-12-06T14:31:00Z,427.74,368.9298611111111,356.99930555555557,1,76,United Kingdom,0.9746750767601055
13033,1,2010-12-17T14:23:00Z,190.55,357.93541666666664,0,0,11,United Kingdom,0.5720933886651962
13034,2,2010-12-05T14:52:00Z,165.85999999999999,369.91527777777776,314.8951388888889,1,37,United Kingdom,0.8453788761159604
13035,2,2011-03-24T09:21:00Z,333,261.1451388888889,186.98333333333332,1,23,United Kingdom,0.6120739615771057
13037,3,2011-03-28T15:42:00Z,250.42000000000002,256.88055555555553,59.00138888888889,1,44,United Kingdom,0.824865722135108
13038,3,2011-02-22T11:43:00Z,395.1,291.0465277777778,105.06041666666667,1,24,United Kingdom,0.6505050949335535
13043,1,2011-03-11T14:52:00Z,516.42,273.91527777777776,0,0,13,United Kingdom,0.48595652482754315
13044,1,2011-02-21T15:20:00Z,560.47,291.8958333333333,0,0,33,United Kingdom,0.7405025943981667
13045,1,2011-09-01T15:04:00Z,305.28,99.90694444444445,0,0,18,United Kingdom,0.3785785336827876
13046,2,2011-03-18T15:43:00Z,197.72,266.8798611111111,235.70347222222222,1,33,United Kingdom,0.7380428737558556
13047,10,2010-12-01T08:34:00Z,278.73,374.1777777777778,38.01635802469136,1,106,United Kingdom,0.9948828140567825
13048,4,2011-01-16T14:36:00Z,477.61,327.9263888888889,104.31643518518518,1,77,United Kingdom,0.971005591972429
13049,2,2011-01-25T16:33:00Z,153.78,318.84513888888887,253.95694444444445,1,14,United Kingdom,0.571094312831144
13050,17,2010-12-08T09:30:00Z,328.01,367.1388888888889,21.999479166666667,1,246,United Kingdom,0.9999962560115885
13052,1,2011-05-11T14:12:00Z,348.15000000000003,212.94305555555556,0,0,18,United Kingdom,0.49584274152891333
13055,3,2011-05-10T08:58:00Z,344.86,214.1611111111111,67.6138888888889,1,74,United Kingdom,0.94770143017295
13058,3,2011-07-11T12:01:00Z,47.550000000000004,152.03402777777777,63.514583333333334,1,5,United Kingdom,0.29391615300335583
13059,1,2011-04-04T10:40:00Z,183.4,250.09027777777777,0,0,8,United Kingdom,0.41794049820005974
13060,1,2011-03-31T11:37:00Z,307.53000000000003,254.05069444444445,0,0,15,United Kingdom,0.5041563843056894
13062,1,2011-06-01T15:12:00Z,346.98,191.9013888888889,0,0,11,United Kingdom,0.38437292334448503
13064,4,2011-01-16T13:41:00Z,203.3,327.96458333333334,104.9837962962963,1,51,United Kingdom,0.9032492199447082
13065,1,2010-12-01T16:52:00Z,205.86,373.83194444444445,0,0,14,United Kingdom,0.6250563387523378
13068,2,2011-01-24T08:20:00Z,165,320.1875,309.27777777777777,1,1,United Kingdom,0.40473157530303566
13069,24,2010-12-05T11:02:00Z,326.59999999999997,370.075,16.039160628019324,1,281,United Kingdom,0.9999993996065769
13070,1,2011-05-31T13:45:00Z,228.8,192.96180555555554,0,0,9,United Kingdom,0.368401934946923
13072,1,2011-03-18T08:12:00Z,177.15,267.19305555555553,0,0,7,United Kingdom,0.4237678777270107
13075,1,2011-08-02T10:19:00Z,919.61,130.10486111111112,0,0,22,United Kingdom,0.42090331524158925
13077,4,2010-12-08T14:59:00Z,313.72,366.91041666666666,121.72800925925925,1,99,United Kingdom,0.9923534223376703
13078,26,2010-12-08T09:07:00Z,514.39,367.15486111111113,14.530805555555554,1,95,United Kingdom,0.9901094588104542
13079,5,2011-07-22T14:41:00Z,23.8,140.92291666666668,34.02291666666667,1,2,United Kingdom,0.25461944138073167
13080,1,2011-06-13T14:59:00Z,58.08,179.91041666666666,0,0,6,United Kingdom,0.3303970221822338
13081,11,2010-12-03T17:20:00Z,2355.1800000000003,371.8125,35.973194444444445,1,503,United Kingdom,0.9999999999899573
13082,9,2011-01-05T15:42:00Z,379.44,338.88055555555553,26.50295138888889,1,63,United Kingdom,0.9457186050763846
13085,2,2011-02-17T13:57:00Z,278.1,295.9534722222222,137.92638888888888,1,17,United Kingdom,0.57688018100523
13089,97,2010-12-05T10:27:00Z,734.3999999999999,370.09930555555553,3.8223017939814814,1,636,United Kingdom,0.9999999999999998
13090,14,2010-12-02T07:48:00Z,160.6,373.20972222222224,28.015544871794873,1,98,United Kingdom,0.9924724933851203
13092,5,2010-12-15T12:27:00Z,185.45000000000002,360.0159722222222,72.23802083333334,1,19,United Kingdom,0.6717545502305804
13093,8,2010-12-01T15:00:00Z,799.4,373.90972222222223,13.983531746031746,1,97,United Kingdom,0.9906608130607001
13094,12,2010-12-06T10:34:00Z,223.68,369.09444444444443,31.558901515151515,1,4,United Kingdom,0.4916532139292477
13097,10,2010-12-14T15:13:00Z,304.90000000000003,360.90069444444447,36.423611111111114,1,214,United Kingdom,0.9999798632026415
13098,28,2011-01-26T13:46:00Z,648.8,317.9611111111111,11.704423868312757,1,156,United Kingdom,0.999460616938508
13099,1,2011-09-01T17:40:00Z,207.36,99.79861111111111,0,0,1,United Kingdom,0.20540309641131932
13101,1,2011-04-19T14:37:00Z,101.19,234.92569444444445,0,0,8,United Kingdom,0.4072587361240123
13102,24,2010-12-09T13:38:00Z,316.82,365.96666666666664,15.82469806763285,1,140,United Kingdom,0.9990794796397581
13104,6,2010-12-20T11:58:00Z,101.76,355.0361111111111,70.21000000000001,1,14,United Kingdom,0.6123065078572291
13106,1,2011-07-29T15:12:00Z,76.5,133.9013888888889,0,0,1,United Kingdom,0.2367810820398266
13107,4,2011-01-10T12:28:00Z,566.84,334.0152777777778,96.36666666666667,1,54,United Kingdom,0.9105131332557019
13108,1,2010-12-02T10:35:00Z,350.06,373.09375,0,0,10,United Kingdom,0.565158248502141
13109,2,2011-07-05T14:56:00Z,369.85,157.9125,97.80555555555556,1,41,United Kingdom,0.7177100930753187
13110,7,2011-02-01T15:24:00Z,271.55,311.8930555555556,46.66041666666666,1,109,United Kingdom,0.9942770384924886
13113,24,2010-12-08T13:21:00Z,372.96999999999997,366.9784722222222,15.91207729468599,1,95,United Kingdom,0.9904611382356817
13115,4,2011-06-08T16:15:00Z,878.55,184.85763888888889,57.61643518518519,1,88,United Kingdom,0.9663008728615883
13116,1,2011-07-24T14:33:00Z,501.14,138.9284722222222,0,0,30,United Kingdom,0.5609491167726904
13117,8,2010-12-02T13:11:00Z,202.12,372.98541666666665,50.13601190476191,1,66,United Kingdom,0.9611434842824105
13118,5,2011-02-24T12:32:00Z,190.93,289.0125,67.25243055555555,1,68,United Kingdom,0.9503025506852186
13120,1,2011-04-15T10:19:00Z,30.6,239.10486111111112,0,0,1,United Kingdom,0.3313698833429746
13121,1,2011-03-15T16:47:00Z,283.73,269.8354166666667,0,0,50,United Kingdom,0.8708604659841811
13122,2,2011-04-13T14:12:00Z,903.67,240.94305555555556,146.0701388888889,1,54,United Kingdom,0.8614439717595047
13124,3,2010-12-15T15:00:00Z,1256.32,359.90972222222223,134.953125,1,185,United Kingdom,0.9998828386174119
13126,8,2010-12-08T11:42:00Z,203.64000000000001,367.0472222222222,51.704166666666666,1,124,United Kingdom,0.9979614595228168
13130,1,2011-09-06T15:30:00Z,64,94.88888888888889,0,0,2,United Kingdom,0.21680250159649297
13131,3,2011-06-05T10:54:00Z,324.90000000000003,188.08055555555555,82.05104166666666,1,30,United Kingdom,0.6235671990314178
13132,1,2011-03-23T12:44:00Z,77.3,262.00416666666666,0,0,3,United Kingdom,0.37492182745386565
13133,2,2011-02-08T15:48:00Z,52.35,304.87638888888887,30.77986111111111,1,7,United Kingdom,0.47229278234070143
13134,4,2011-04-13T12:57:00Z,500.2,240.9951388888889,51.6337962962963,1,94,United Kingdom,0.982204764377573
13135,1,2011-05-27T10:52:00Z,3096,197.08194444444445,0,0,1,United Kingdom,0.15534097265507518
13136,5,2011-05-11T12:47:00Z,574.46,213.00208333333333,39.009375,1,94,United Kingdom,0.9795649193180672
13137,8,2011-02-04T11:54:00Z,217.93,309.0388888888889,42.57291666666667,1,345,United Kingdom,0.9999999725950482
13138,6,2010-12-02T15:03:00Z,193.23,372.90763888888887,70.015,1,31,United Kingdom,0.8010769750372998
13139,7,2011-03-25T11:57:00Z,409.5,260.03680555555553,40.51354166666667,1,132,United Kingdom,0.9977405596724055
13140,3,2010-12-08T15:12:00Z,159.51,366.9013888888889,129.00729166666667,1,40,United Kingdom,0.8633234796237576
13141,5,2011-01-28T13:04:00Z,215.52,315.9902777777778,57.717013888888886,1,113,United Kingdom,0.9954937356575896
13144,1,2011-01-11T11:15:00Z,110.95,333.06597222222223,0,0,3,United Kingdom,0.44724107300760213
13145,4,2010-12-02T18:06:00Z,295,372.78055555555557,110.92569444444445,1,5,United Kingdom,0.5039235661169048
13147,4,2011-09-01T12:28:00Z,118.8,100.01527777777778,29.68773148148148,1,1,United Kingdom,0.2093997687714532
13148,12,2010-12-10T13:06:00Z,309.40000000000003,364.9888888888889,30.463194444444444,1,231,United Kingdom,0.9999918062791301
13149,4,2011-02-23T13:57:00Z,376.74,289.9534722222222,91.65555555555555,1,76,United Kingdom,0.9651500354430557
13151,1,2011-02-17T12:29:00Z,1257.8700000000001,296.01458333333335,0,0,73,United Kingdom,0.9506966383340378
13155,4,2010-12-06T12:44:00Z,379.7,369.00416666666666,111.70763888888888,1,67,United Kingdom,0.9606846813382973
13157,4,2011-02-14T14:03:00Z,197.82,298.94930555555555,82.99699074074074,1,69,United Kingdom,0.9545239845008847
13158,4,2011-01-25T09:58:00Z,256.40999999999997,319.11944444444447,74.69444444444444,1,59,United Kingdom,0.9306581175485704
13159,4,2011-08-16T11:44:00Z,457.31,116.04583333333333,35.66111111111111,1,114,United Kingdom,0.989213948320694
13161,1,2011-01-30T14:03:00Z,112.75,313.94930555555555,0,0,8,United Kingdom,0.4910980896017869
13162,4,2011-01-09T10:43:00Z,753.26,335.08819444444447,70.7398148148148,1,74,United Kingdom,0.9648984810348796
13165,2,2010-12-23T14:06:00Z,354.64,351.9472222222222,305.0409722222222,1,40,United Kingdom,0.8490040952227684
13166,1,2011-03-01T15:16:00Z,417.2,283.8986111111111,0,0,39,United Kingdom,0.796284529439094
13167,4,2011-07-19T12:13:00Z,242.91,144.02569444444444,41.669212962962966,1,51,United Kingdom,0.8062161003421766
13168,4,2011-01-25T13:55:00Z,632.1800000000001,318.9548611111111,93.9863425925926,1,102,United Kingdom,0.9912467135434797
13169,2,2011-04-01T14:24:00Z,505.2,252.93472222222223,188.9076388888889,1,11,United Kingdom,0.4382992544956557
13171,3,2011-02-13T14:16:00Z,140.35,299.9402777777778,138.9204861111111,1,37,United Kingdom,0.8025070236790085
13173,2,2010-12-07T14:30:00Z,165.94,367.93055555555554,363.05625,1,41,United Kingdom,0.8696490974092436
13174,3,2010-12-05T16:24:00Z,1415.97,369.8513888888889,176.4621527777778,1,228,United Kingdom,0.9999874453464687
13178,11,2010-12-14T12:22:00Z,710,361.01944444444445,33.41611111111111,1,95,United Kingdom,0.989313164821153
13183,9,2011-01-09T10:50:00Z,625.0400000000001,335.0833333333333,40.873263888888886,1,51,United Kingdom,0.8959885563357732
13184,10,2011-02-22T17:25:00Z,212.52,290.80902777777777,30.641743827160496,1,138,United Kingdom,0.9986242180185065
13185,1,2011-03-17T11:56:00Z,71.4,268.0375,0,0,1,United Kingdom,0.35726042068365504
13186,3,2011-08-03T09:09:00Z,988.34,129.15347222222223,44.55243055555555,1,69,United Kingdom,0.8907992641225472
13187,1,2011-01-06T18:57:00Z,236.02,337.7451388888889,0,0,37,United Kingdom,0.8235749470900249
13189,2,2011-08-16T13:12:00Z,127,115.98472222222222,96.89375,1,29,United Kingdom,0.547934088374001
13192,2,2011-05-18T14:57:00Z,464.32,205.91180555555556,109.96944444444445,1,57,United Kingdom,0.8751315182799393
13194,1,2011-07-27T09:01:00Z,60.7,136.15902777777777,0,0,3,United Kingdom,0.25872504011874264
13196,4,2011-03-22T14:24:00Z,512.13,262.9347222222222,83.65972222222221,1,97,United Kingdom,0.9860556776185954
13198,6,2010-12-13T09:29:00Z,384.55,362.13958333333335,70.24833333333333,1,199,United Kingdom,0.9999554335828277
13199,38,2010-12-08T10:51:00Z,468.68,367.0826388888889,9.81266891891892,1,48,United Kingdom,0.8982311773186745
13200,4,2011-08-05T14:50:00Z,319.32,126.91666666666667,35.677083333333336,1,42,United Kingdom,0.7034852286195382
13203,4,2011-04-11T14:40:00Z,165.71,242.92361111111111,77.61226851851852,1,56,United Kingdom,0.8942148355726572
13207,2,2011-07-12T11:35:00Z,197.52000000000004,151.05208333333334,135.13680555555555,1,7,United Kingdom,0.30652010442347394
13208,6,2011-02-03T19:32:00Z,168.45,309.72083333333336,50.11972222222222,1,124,United Kingdom,0.9974116078259571
13209,8,2010-12-13T10:31:00Z,318.85,362.0965277777778,47.30585317460317,1,255,United Kingdom,0.9999976075430221
13210,1,2011-09-07T08:18:00Z,353.48,94.18888888888888,0,0,22,United Kingdom,0.41935389726712574
13211,3,2010-12-13T16:17:00Z,110.7,361.85625,175.4673611111111,1,45,United Kingdom,0.8902966823801708
13213,5,2011-05-24T12:22:00Z,320.48,200.01944444444445,35.74305555555556,1,82,United Kingdom,0.9629428423168875
13216,1,2011-03-17T12:18:00Z,333.74,268.02222222222224,0,0,5,United Kingdom,0.38962278833156255
13217,3,2011-07-06T12:08:00Z,85,157.02916666666667,17.070833333333333,1,3,United Kingdom,0.2751797390422703
13218,1,2011-08-04T16:59:00Z,62.63999999999999,127.82708333333333,0,0,5,United Kingdom,0.2718186769841422
13220,4,2011-04-17T10:59:00Z,83.4,237.07708333333332,52.703472222222224,1,18,United Kingdom,0.5393987313729973
13221,2,2010-12-15T13:24:00Z,498.16,359.9763888888889,119.14861111111111,1,62,United Kingdom,0.9461402946486057
13223,2,2011-04-21T15:16:00Z,100.8,232.8986111111111,31.90763888888889,1,5,United Kingdom,0.36824342681461725
13224,2,2011-07-11T14:10:00Z,1212.26,151.94444444444446,91.03125,1,101,United Kingdom,0.9781217203735271
13225,7,2010-12-13T09:49:00Z,1206.72,362.12569444444443,59.692129629629626,1,23,United Kingdom,0.6600284137110781
13226,1,2011-03-11T14:35:00Z,108.21,273.9270833333333,0,0,16,United Kingdom,0.5516556921903064
13227,1,2011-05-22T11:47:00Z,257.7,202.04375,0,0,9,United Kingdom,0.3758231337241383
13229,1,2011-04-28T12:07:00Z,160.95,226.0298611111111,0,0,10,United Kingdom,0.4192569177676881
13230,14,2010-12-09T19:28:00Z,93.45,365.7236111111111,27.758279914529915,1,393,United Kingdom,0.9999999982842902
13232,7,2011-04-10T13:48:00Z,117.43,243.9597222222222,38.478125,1,147,United Kingdom,0.9989693542041016
13233,2,2011-01-07T14:49:00Z,304.24,336.9173611111111,261.94166666666666,1,43,United Kingdom,0.861843414228525
13235,1,2011-05-11T17:13:00Z,1031.07,212.8173611111111,0,0,53,United Kingdom,0.8347676333074193
13236,2,2011-08-25T08:58:00Z,439.23,107.16111111111111,82.16111111111111,1,34,United Kingdom,0.5820640472458766
13238,4,2010-12-14T14:37:00Z,91.15,360.92569444444445,114.34722222222223,1,20,United Kingdom,0.6893080039055088
13239,1,2011-03-23T10:25:00Z,329.56,262.10069444444446,0,0,21,United Kingdom,0.5883745391375909
13240,4,2010-12-09T12:49:00Z,224.07,366.00069444444443,89.6849537037037,1,59,United Kingdom,0.9431450231191976
13242,3,2011-05-10T12:26:00Z,41.6,214.01666666666668,50.509375,1,12,United Kingdom,0.4396485844411711
13243,1,2011-05-20T13:14:00Z,600.07,203.98333333333332,0,0,56,United Kingdom,0.8642444573696877
13244,1,2011-09-08T11:46:00Z,121.74,93.04444444444445,0,0,27,United Kingdom,0.4975938820299357
13246,6,2011-01-13T13:36:00Z,336.07,330.96805555555557,62.42694444444444,1,110,United Kingdom,0.9949088895828617
13248,2,2011-06-03T13:05:00Z,387.46999999999997,189.98958333333334,64.98263888888889,1,25,United Kingdom,0.5589447327329921
13249,3,2011-03-23T15:26:00Z,291.84,261.89166666666665,84.45833333333333,1,21,United Kingdom,0.5905643006606418
13253,2,2011-01-04T15:43:00Z,476.47999999999996,339.8798611111111,182.76805555555555,1,35,United Kingdom,0.7994261855322377
13255,2,2010-12-01T11:58:00Z,225.7,374.0361111111111,364.0527777777778,1,13,United Kingdom,0.6117786043721691
13258,3,2011-05-18T13:11:00Z,224.62,205.98541666666668,96.92361111111111,1,28,United Kingdom,0.623633982078891
13261,2,2011-02-27T10:41:00Z,845.1,286.08958333333334,17.070138888888888,1,8,United Kingdom,0.41344646222037124
13262,1,2011-03-21T15:06:00Z,200.29,263.90555555555557,0,0,11,United Kingdom,0.470033737313872
13263,35,2011-01-18T16:31:00Z,141.66,325.8465277777778,9.526307189542484,1,450,United Kingdom,0.9999999998928965
13265,5,2011-03-11T09:54:00Z,307.44,274.1222222222222,55.053472222222226,1,66,United Kingdom,0.940006570429662
13266,12,2011-03-28T10:14:00Z,302.21999999999997,257.10833333333335,22.28945707070707,1,82,United Kingdom,0.9709699317742961
13267,19,2010-12-08T09:20:00Z,328.45,367.1458333333333,20.226543209876542,1,88,United Kingdom,0.9865047308239325
13268,11,2011-03-17T13:20:00Z,653.57,267.9791666666667,24.993819444444444,1,257,United Kingdom,0.9999964567793856
13269,15,2010-12-05T11:51:00Z,351.43,370.0409722222222,26.294742063492063,1,177,United Kingdom,0.9998662288412232
13270,1,2010-12-08T14:53:00Z,590,366.9145833333333,0,0,1,United Kingdom,0.42670951505834664
13272,2,2011-09-11T12:06:00Z,140.96,90.03055555555555,58.079166666666666,1,15,United Kingdom,0.3428057882549134
13273,1,2011-08-18T14:02:00Z,138.98,113.95,0,0,16,United Kingdom,0.37880424902057713
13276,2,2011-09-01T10:03:00Z,137.38,100.11597222222223,36.111805555555556,1,30,United Kingdom,0.5430631579411594
13277,4,2011-07-29T10:06:00Z,75.9,134.11388888888888,39.322916666666664,1,5,United Kingdom,0.27654859352399364
13280,3,2011-01-06T17:10:00Z,307.35,337.81944444444446,107.41805555555555,1,67,United Kingdom,0.9560547179322556
13282,3,2011-05-03T12:03:00Z,344.7,221.0326388888889,101.07291666666667,1,29,United Kingdom,0.6434784076641945
13283,2,2011-06-07T12:39:00Z,25.5,186.0076388888889,125.88263888888889,1,7,United Kingdom,0.3499122042296758
13284,1,2011-01-13T09:23:00Z,201.19,331.14375,0,0,13,United Kingdom,0.5683755882380347
13285,4,2011-02-22T17:13:00Z,666.89,290.8173611111111,88.94583333333333,1,157,United Kingdom,0.9994211918650077
13291,1,2011-07-07T10:36:00Z,361.11,156.09305555555557,0,0,41,United Kingdom,0.71657723945009
13292,2,2011-02-28T15:00:00Z,249.57,284.90972222222223,245.79444444444445,1,29,United Kingdom,0.7094378021056758
13294,2,2011-04-04T12:37:00Z,483.65,250.0090277777778,59.84513888888889,1,48,United Kingdom,0.8410403952922516
13295,1,2010-12-15T11:21:00Z,201.20000000000002,360.06180555555557,0,0,10,United Kingdom,0.5609180376258527
13296,1,2011-07-25T13:46:00Z,87.4,137.9611111111111,0,0,5,United Kingdom,0.27928812810994147
13299,1,2011-03-16T12:55:00Z,142.5,268.99652777777777,0,0,5,United Kingdom,0.40270703238187877
13300,1,2011-06-23T13:09:00Z,371.89,169.98680555555555,0,0,20,United Kingdom,0.4736823163838173
13301,4,2011-02-20T13:13:00Z,173.91,292.9840277777778,62.975,1,75,United Kingdom,0.9656429905837437
13302,1,2011-07-07T17:56:00Z,63.75,155.7875,0,0,1,United Kingdom,0.2550006549225708
13304,1,2010-12-23T14:35:00Z,300.42,351.9270833333333,0,0,21,United Kingdom,0.6801681202833584
13305,10,2010-12-02T12:10:00Z,136.2,373.02777777777777,40.90316358024691,1,50,United Kingdom,0.9164530229184226
13307,1,2011-08-11T17:14:00Z,15,120.81666666666666,0,0,1,United Kingdom,0.22953661398875203
13308,3,2011-05-20T13:13:00Z,814.95,203.98402777777778,90.42291666666667,1,49,United Kingdom,0.8070331297765274
13309,5,2011-02-04T12:29:00Z,390.71,309.01458333333335,75.29253472222223,1,82,United Kingdom,0.9761478829586699
13310,3,2011-01-19T14:50:00Z,410.18,324.9166666666667,148.053125,1,65,United Kingdom,0.9474956253034063
13311,2,2011-07-12T14:26:00Z,490.11,150.93333333333334,145.93680555555557,1,25,United Kingdom,0.5100966611756372
13313,5,2011-01-04T10:00:00Z,307.3,340.11805555555554,79.32083333333334,1,47,United Kingdom,0.8860933098075408
13316,4,2011-03-30T13:01:00Z,1622.48,254.9923611111111,72.34236111111112,1,66,United Kingdom,0.9106504041215517
13317,6,2010-12-16T09:22:00Z,205.8,359.14444444444445,58.435138888888886,1,100,United Kingdom,0.992699908714427
13319,26,2010-12-09T10:04:00Z,670.48,366.1152777777778,14.405833333333332,1,209,United Kingdom,0.9999718931449592
13320,4,2011-05-10T10:29:00Z,319.81,214.09791666666666,45.10601851851852,1,77,United Kingdom,0.95517674652425
13324,10,2010-12-14T09:50:00Z,650.1,361.125,36.03070987654321,1,25,United Kingdom,0.712965346862372
13327,8,2010-12-09T15:32:00Z,685,365.8875,46.68343253968254,1,74,United Kingdom,0.9696865113502753
13328,1,2011-01-27T15:22:00Z,1308.48,316.89444444444445,0,0,17,United Kingdom,0.532170237434744
13329,2,2010-12-08T10:11:00Z,304.2,367.11041666666665,335.0125,1,16,United Kingdom,0.6364060214813747
13330,3,2011-01-28T10:08:00Z,335.82,316.1125,111.54826388888888,1,37,United Kingdom,0.805431060440326
13334,3,2011-02-07T11:42:00Z,1660.44,306.0472222222222,111.57604166666667,1,207,United Kingdom,0.999947456440319
13338,1,2011-07-05T09:06:00Z,487.02000000000004,158.15555555555557,0,0,19,United Kingdom,0.44053515325532777
13339,1,2011-05-23T08:31:00Z,860.12,201.1798611111111,0,0,54,United Kingdom,0.841090520171148
13340,7,2011-03-08T11:39:00Z,3678.0299999999997,277.0493055555556,38.51111111111111,1,128,United Kingdom,0.9939028717315618
13341,1,2011-03-24T09:50:00Z,775.85,261.125,0,0,42,United Kingdom,0.7901052032054785
13343,1,2011-06-15T12:24:00Z,353.43,178.01805555555555,0,0,19,United Kingdom,0.47063817917387524
13344,3,2011-03-07T10:28:00Z,1656.15,278.0986111111111,104.98506944444445,1,115,United Kingdom,0.9930154071202808
13345,1,2011-02-25T09:01:00Z,389.5,288.1590277777778,0,0,20,United Kingdom,0.5992958884444637
13355,1,2011-08-09T14:48:00Z,674.7,122.91805555555555,0,0,32,United Kingdom,0.5581374505415173
13357,1,2011-03-27T13:56:00Z,609.95,257.95416666666665,0,0,85,United Kingdom,0.9730951309653989
13358,1,2011-03-16T11:52:00Z,439.03,269.04027777777776,0,0,29,United Kingdom,0.6843467918053335
13362,4,2011-02-25T11:33:00Z,812.7,288.05347222222224,92.71018518518518,1,128,United Kingdom,0.9972620235900631
13365,2,2011-05-06T12:00:00Z,700.6,218.03472222222223,184.025,1,122,United Kingdom,0.9950929622428141
13368,2,2011-01-06T12:32:00Z,35.400000000000006,338.0125,80.89375,1,29,United Kingdom,0.7648585100703348
13369,1,2010-12-09T11:30:00Z,308.28000000000003,366.05555555555554,0,0,14,United Kingdom,0.6107119526849796
13370,1,2010-12-03T10:26:00Z,754.87,372.1,0,0,39,United Kingdom,0.83979007453912
13372,1,2011-09-11T12:46:00Z,378.64,90.00277777777778,0,0,23,United Kingdom,0.42597247232589086
13373,3,2011-03-08T14:35:00Z,987.7,276.9270833333333,107.92222222222222,1,135,United Kingdom,0.9979064365705771
13376,3,2011-04-19T13:03:00Z,376,234.9909722222222,67.5670138888889,1,45,United Kingdom,0.8135891297048914
13379,3,2011-07-26T12:26:00Z,136.29,137.01666666666668,55.027430555555554,1,85,United Kingdom,0.9604047408593532
13381,6,2011-02-14T10:10:00Z,416.11,299.1111111111111,53.415,1,77,United Kingdom,0.9677819660215173
13382,1,2011-03-04T10:03:00Z,222.99,281.11597222222224,0,0,15,United Kingdom,0.5390027664782435
13384,7,2011-06-14T12:47:00Z,1172.6,179.00208333333333,24.654745370370367,1,123,United Kingdom,0.9937581387072412
13385,1,2011-01-14T09:52:00Z,534.57,330.12361111111113,0,0,35,United Kingdom,0.7900230668731845
13388,2,2011-07-31T12:52:00Z,621.3,131.9986111111111,0,1,35,United Kingdom,0.6089371615973802
13389,3,2011-04-21T12:12:00Z,257.89,233.0263888888889,110.53784722222223,1,50,United Kingdom,0.8526773968642967
13391,1,2011-05-20T10:50:00Z,59.8,204.08333333333334,0,0,1,United Kingdom,0.2970048944745979
13394,8,2011-02-03T10:39:00Z,313.76,310.0909722222222,44.00565476190476,1,124,United Kingdom,0.9973149853495831
13395,1,2011-06-07T15:04:00Z,307.71999999999997,185.90694444444443,0,0,21,United Kingdom,0.5081340611365959
13396,2,2011-01-24T13:37:00Z,387.27000000000004,319.96736111111113,290.1402777777778,1,42,United Kingdom,0.8433455202932378
13397,5,2011-01-04T13:50:00Z,299.92,339.9583333333333,66.71979166666667,1,28,United Kingdom,0.7438751174893327
13398,1,2011-05-31T13:17:00Z,457.34,192.98125,0,0,26,United Kingdom,0.5703638807097382
13402,2,2010-12-02T17:12:00Z,308.28000000000003,372.81805555555553,244.94375,1,32,United Kingdom,0.804428492133431
13404,2,2011-05-11T11:57:00Z,217.81,213.03680555555556,211.15277777777777,1,11,United Kingdom,0.4145309173149933
13405,3,2011-01-26T09:27:00Z,160.05,318.1409722222222,121.65763888888888,1,25,United Kingdom,0.7011403252255216
13408,62,2010-12-01T10:39:00Z,1024.68,374.0909722222222,6.097290528233151,1,234,United Kingdom,0.9999918590121228
13410,5,2011-02-21T14:38:00Z,250.23999999999998,291.925,66.75954861111111,1,15,United Kingdom,0.5488483299405862
13411,1,2011-08-24T13:57:00Z,213.55,107.95347222222222,0,0,17,United Kingdom,0.3802714793845776
13414,3,2011-02-16T12:13:00Z,390,297.02569444444447,81.49027777777778,1,23,United Kingdom,0.6448824294817258
13417,2,2011-05-18T16:26:00Z,236,205.85,200.6826388888889,1,26,United Kingdom,0.5981035982373295
13418,18,2010-12-02T10:45:00Z,610.64,373.08680555555554,21.234395424836602,1,223,United Kingdom,0.9999870238846574
13420,2,2011-06-22T11:35:00Z,55.8,171.05208333333334,20.884027777777778,1,8,United Kingdom,0.3451632696963318
13421,2,2011-02-22T15:46:00Z,825.04,290.8777777777778,249.94097222222223,1,88,United Kingdom,0.9787509919081961
13425,3,2011-02-18T08:34:00Z,401.57,295.1777777777778,93.18020833333334,1,66,United Kingdom,0.9436478339201397
13426,10,2010-12-15T12:43:00Z,336.98,360.0048611111111,39.8716049382716,1,103,United Kingdom,0.9935513358100042
13427,3,2011-05-08T15:58:00Z,214.5,215.86944444444444,97.93888888888888,1,25,United Kingdom,0.5974330750634079
13434,2,2011-09-04T10:35:00Z,72.84,97.09375,22.163194444444443,1,9,United Kingdom,0.2862382897344496
13435,7,2011-06-03T17:07:00Z,443.72,189.8215277777778,30.650231481481484,1,68,United Kingdom,0.9208452619903572
13437,7,2011-06-02T14:30:00Z,1440.9,190.93055555555554,29.32986111111111,1,143,United Kingdom,0.9977386981252951
13439,1,2011-03-29T14:20:00Z,283.71,255.9375,0,0,54,United Kingdom,0.886552100798111
13441,1,2011-09-09T09:38:00Z,296.64,92.13333333333334,0,0,13,United Kingdom,0.31289387886865444
13448,6,2010-12-01T10:52:00Z,426.56,374.08194444444445,71.41402777777778,1,137,United Kingdom,0.9989311726229642
13450,6,2011-05-05T19:48:00Z,240.6,218.7097222222222,38.33416666666666,1,32,United Kingdom,0.6821467583701953
13451,5,2011-01-09T15:35:00Z,401.49,334.8854166666667,77.00399305555555,1,315,United Kingdom,0.9999998779193767
13452,2,2011-03-14T11:38:00Z,295,271.05,11.111805555555556,1,1,United Kingdom,0.3467800632528765
13453,2,2011-02-23T09:44:00Z,185,290.12916666666666,123.99305555555556,1,16,United Kingdom,0.5639893623923614
13455,2,2010-12-08T13:11:00Z,692.94,366.98541666666665,341.9236111111111,1,42,United Kingdom,0.8589492588243591
13456,6,2011-05-16T15:34:00Z,207.66,207.88611111111112,37.94777777777777,1,43,United Kingdom,0.7852502835845244
13458,14,2010-12-15T12:05:00Z,1185.8600000000001,360.03125,27.08782051282051,1,242,United Kingdom,0.9999940399971353
13461,3,2011-06-29T10:23:00Z,576.4,164.10208333333333,62.47152777777778,1,14,United Kingdom,0.3783891395142784
13462,1,2011-04-01T11:20:00Z,151.5,253.0625,0,0,9,United Kingdom,0.4358548403227116
13466,1,2011-06-08T16:39:00Z,307.90000000000003,184.84097222222223,0,0,17,United Kingdom,0.45516726652300266
13468,37,2010-12-01T15:08:00Z,308.65000000000003,373.90416666666664,10.328144290123456,1,184,United Kingdom,0.9999095602733141
13470,2,2011-08-16T17:06:00Z,115.5,115.82222222222222,15.910416666666666,1,7,United Kingdom,0.27936898373605107
13473,2,2011-01-11T08:45:00Z,241.26,333.1701388888889,272.1076388888889,1,21,United Kingdom,0.665700846912685
13474,1,2011-04-17T13:53:00Z,229.59,236.95625,0,0,59,United Kingdom,0.9044394491769187
13475,4,2011-02-14T12:36:00Z,317.12,299.0097222222222,35.68425925925926,1,64,United Kingdom,0.9400938450898251
13476,2,2011-03-03T14:43:00Z,727.6,281.9215277777778,102.88680555555555,1,56,United Kingdom,0.896170644507578
13477,6,2011-02-21T12:29:00Z,185.4,292.01458333333335,50.796527777777776,1,57,United Kingdom,0.9163825483820119
13479,2,2011-04-19T11:27:00Z,144.35,235.0576388888889,33.97083333333333,1,14,United Kingdom,0.48135736125408424
13481,5,2011-03-28T09:07:00Z,665.28,257.15486111111113,52.75,1,98,United Kingdom,0.9858678664476329
13482,1,2011-04-21T17:03:00Z,184.64,232.82430555555555,0,0,11,United Kingdom,0.4376544102153085
13484,1,2011-04-12T16:30:00Z,313.8,241.84722222222223,0,0,8,United Kingdom,0.40097540459769393
13485,1,2011-04-20T13:58:00Z,454.24,233.95277777777778,0,0,23,United Kingdom,0.5759326120376881
13486,3,2011-07-07T17:19:00Z,202.16,155.81319444444443,38.41458333333333,1,69,United Kingdom,0.9184939730445897
13487,3,2010-12-21T14:54:00Z,193.15,353.9138888888889,147.94201388888888,1,26,United Kingdom,0.7409814915417974
13488,13,2010-12-07T13:01:00Z,1381.92,367.9923611111111,29.172453703703706,1,271,United Kingdom,0.9999986547268401
13489,4,2011-02-18T10:42:00Z,77.28,295.0888888888889,63.03564814814815,1,11,United Kingdom,0.5119248525149459
13491,10,2010-12-02T14:30:00Z,98.9,372.93055555555554,35.63904320987654,1,73,United Kingdom,0.9733692338851021
13492,3,2011-05-09T10:06:00Z,315.3,215.11388888888888,39.089930555555554,1,38,Switzerland,0.738824224848661
13493,2,2011-02-25T16:42:00Z,179.35,287.8388888888889,11.953472222222222,1,6,Switzerland,0.432838662156837
13494,1,2011-02-01T11:58:00Z,316.26000000000005,312.0361111111111,0,0,18,United Kingdom,0.6038620678698196
13495,5,2010-12-06T15:14:00Z,510.95,368.9,90.20954861111112,1,34,United Kingdom,0.8096230467698112
13496,2,2010-12-15T10:17:00Z,501.01,360.10625,349.0284722222222,1,28,United Kingdom,0.7503578976453718
13497,2,2010-12-06T11:37:00Z,153.5,369.05069444444445,85.89375,1,19,United Kingdom,0.6821673859199806
13499,5,2011-03-15T08:52:00Z,158.23000000000002,270.16527777777776,63.025868055555556,1,31,United Kingdom,0.722451068706286
13500,3,2011-08-09T12:20:00Z,326.4,123.02083333333333,49.567708333333336,1,60,United Kingdom,0.8556663633359721
13501,1,2011-02-24T18:59:00Z,1340.32,288.74375,0,0,52,Switzerland,0.8600343540701503
13502,3,2011-01-20T09:03:00Z,114.6,324.15763888888887,153.53333333333333,1,17,United Kingdom,0.616675599298977
13505,4,2011-04-21T12:07:00Z,1009.6899999999999,233.0298611111111,53.330787037037034,1,182,Switzerland,0.9997776102616993
13506,2,2010-12-05T12:15:00Z,301.12,370.02430555555554,53.06805555555555,1,26,United Kingdom,0.7488437982149613
13507,4,2011-07-17T11:50:00Z,1242.3799999999999,146.04166666666666,47.3525462962963,1,146,United Kingdom,0.9977688645479598
13508,1,2011-04-10T11:58:00Z,110.97,244.0361111111111,0,0,12,United Kingdom,0.46737295498754344
13509,7,2011-02-28T13:27:00Z,209.32,284.97430555555553,45.97719907407407,1,27,United Kingdom,0.6899140315953436
13510,4,2011-06-09T09:32:00Z,585.32,184.1375,60.72546296296296,1,86,United Kingdom,0.9653244964061302
13512,1,2011-03-24T10:03:00Z,251.21,261.11597222222224,0,0,15,United Kingdom,0.5155286614819793
13513,1,2011-08-05T11:50:00Z,205.1,127.04166666666667,0,0,10,United Kingdom,0.3171677780633488
13515,4,2011-04-06T10:33:00Z,203.4,248.0951388888889,58.34560185185185,1,50,United Kingdom,0.8624151172566745
13516,3,2011-04-15T11:06:00Z,146,239.07222222222222,108.54479166666667,1,43,United Kingdom,0.8097007001780748
13517,3,2011-06-13T08:44:00Z,1101.86,180.17083333333332,60.062152777777776,1,125,United Kingdom,0.9945016626604604
13520,6,2010-12-03T10:36:00Z,303.4,372.09305555555557,62.59777777777778,1,49,Switzerland,0.9084619342308855
13523,5,2010-12-08T14:22:00Z,566.95,366.93611111111113,83.25850694444445,1,157,United Kingdom,0.9995947039063121
13524,5,2011-05-04T12:26:00Z,159.2,220.01666666666668,44.75138888888889,1,17,United Kingdom,0.5029999307862528
13525,2,2011-04-05T15:36:00Z,282.88,248.88472222222222,233.85069444444446,1,5,United Kingdom,0.37320780623187844
13527,7,2011-01-17T11:17:00Z,110.45,327.06458333333336,48.83877314814814,1,153,United Kingdom,0.9994743526861403
13529,2,2011-05-19T11:50:00Z,181.1,205.04166666666666,125.89236111111111,1,15,United Kingdom,0.4594462216878605
13531,2,2010-12-08T15:03:00Z,305.45,366.90763888888887,161.07847222222222,1,17,United Kingdom,0.6480571418192086
13533,3,2011-03-17T12:47:00Z,128.49,268.00208333333336,42.48159722222222,1,61,United Kingdom,0.9250297515685363
13534,25,2010-12-16T15:23:00Z,253.5,358.89375,14.832436342592592,1,119,United Kingdom,0.9972278455173896
13538,7,2011-01-28T10:40:00Z,166.8,316.09027777777777,45.37430555555556,1,10,United Kingdom,0.5158072977050271
13539,3,2011-02-03T15:23:00Z,164.1,309.89375,111.89409722222223,1,35,United Kingdom,0.7916828872691153
13544,2,2011-04-13T12:09:00Z,122.91,241.02847222222223,200.99166666666667,1,76,United Kingdom,0.9599219177889522
13546,3,2011-05-23T12:14:00Z,188.16,201.025,94.05416666666666,1,72,United Kingdom,0.9414539581855536
13548,2,2011-04-10T11:35:00Z,281.01,244.05208333333334,147.13541666666666,1,114,United Kingdom,0.994061773079286
13549,7,2011-04-11T13:42:00Z,183.5,242.9638888888889,36.13634259259259,1,37,United Kingdom,0.7583263355227441
13551,1,2011-01-24T14:46:00Z,91.80000000000001,319.9194444444444,0,0,4,United Kingdom,0.4472297884662839
13552,12,2011-01-28T10:10:00Z,313.7,316.1111111111111,22.655871212121212,1,82,United Kingdom,0.9773092562573791
13555,4,2011-05-22T11:06:00Z,976.12,202.07222222222222,42.6875,1,128,United Kingdom,0.9958551567800775
13557,2,2011-03-04T12:14:00Z,240.68,281.025,252.13194444444446,1,31,United Kingdom,0.7275035559173397
13561,1,2011-05-08T12:39:00Z,141.85999999999999,216.0076388888889,0,0,14,United Kingdom,0.4609364039434588
13562,3,2011-04-08T12:42:00Z,603.27,246.00555555555556,81.96145833333334,1,50,United Kingdom,0.8482440984443853
13563,2,2011-07-22T17:21:00Z,310.88,140.81180555555557,55.891666666666666,1,49,United Kingdom,0.7841282854106155
13564,3,2010-12-06T17:26:00Z,540,368.80833333333334,111.93993055555555,1,68,United Kingdom,0.9610143333392912
13565,2,2011-01-09T14:28:00Z,110.17999999999999,334.93194444444447,315.00347222222223,1,35,United Kingdom,0.8112156521919529
13568,1,2011-06-19T14:42:00Z,192.85,173.92222222222222,0,0,41,United Kingdom,0.7406376807793106
13569,2,2010-12-07T12:29:00Z,118.32000000000001,368.01458333333335,350.0263888888889,1,73,United Kingdom,0.9726750214639167
13570,1,2011-04-10T13:36:00Z,239.49,243.96805555555557,0,0,27,United Kingdom,0.6488295597644145
13571,12,2011-03-31T12:43:00Z,145.27,254.0048611111111,21.901767676767676,1,157,United Kingdom,0.9994083269825886
13572,1,2011-05-18T11:59:00Z,1384.25,206.03541666666666,0,0,32,United Kingdom,0.600329951318346
13573,2,2011-03-31T14:47:00Z,31.770000000000003,253.91875,202.99027777777778,1,24,United Kingdom,0.6355541598403253
13575,5,2011-06-16T14:24:00Z,88.55,176.93472222222223,38.23784722222222,1,41,United Kingdom,0.7483590259455393
13576,18,2010-12-01T17:24:00Z,349.15000000000003,373.8097222222222,21.3484477124183,1,78,United Kingdom,0.9780343252595112
13577,4,2011-04-12T10:33:00Z,356.75,242.0951388888889,72.0662037037037,1,61,United Kingdom,0.912146017050094
13579,2,2010-12-05T16:10:00Z,164.7,369.8611111111111,354.68819444444443,1,19,United Kingdom,0.6822885753898896
13581,1,2011-02-03T14:41:00Z,118,309.92291666666665,0,0,10,United Kingdom,0.5123425766715154
13583,1,2011-07-07T10:40:00Z,781.03,156.09027777777777,0,0,53,United Kingdom,0.8084161329486365
13584,1,2011-02-06T12:49:00Z,142.4,307.00069444444443,0,0,24,United Kingdom,0.6807353095602982
13588,9,2011-03-29T15:53:00Z,113.30000000000001,255.87291666666667,29.97300347222222,1,131,United Kingdom,0.9977589595122596
13589,2,2011-06-13T12:44:00Z,147,180.00416666666666,164.9763888888889,1,21,United Kingdom,0.5123364274622377
13590,6,2011-02-09T13:25:00Z,309.06,303.97569444444446,58.39569444444444,1,70,United Kingdom,0.9564112819326263
13591,3,2011-03-18T12:18:00Z,462.2,267.02222222222224,101.00277777777778,1,56,United Kingdom,0.8966742682457408
13592,4,2011-03-20T14:01:00Z,76.72,264.9506944444444,76.27499999999999,1,15,United Kingdom,0.5311645434238771
13593,5,2011-01-07T16:32:00Z,559.85,336.84583333333336,56.96927083333333,1,77,United Kingdom,0.9714798585714348
13599,21,2010-12-08T10:11:00Z,253.24,367.11041666666665,18.26246527777778,1,171,United Kingdom,0.9998197395766428
13600,1,2011-01-31T15:27:00Z,219.52,312.8909722222222,0,0,19,United Kingdom,0.6231040014590441
13601,2,2011-05-12T16:52:00Z,373.2,211.83194444444445,166.02708333333334,1,90,United Kingdom,0.9761123610895197
13606,3,2011-02-01T11:42:00Z,70.02,312.0472222222222,141.1263888888889,1,40,United Kingdom,0.8360151485385652
13610,7,2011-02-27T14:44:00Z,239.17000000000002,285.92083333333335,45.50625,1,165,United Kingdom,0.999651308678079
13611,3,2010-12-15T10:31:00Z,303.15000000000003,360.0965277777778,135.09027777777777,1,67,United Kingdom,0.9599825967998294
13614,4,2011-01-13T12:37:00Z,205.75,331.00902777777776,102.0300925925926,1,171,United Kingdom,0.9997918158275619
13615,1,2011-01-25T08:21:00Z,417.69,319.18680555555557,0,0,23,United Kingdom,0.6649495887726387
13617,3,2011-06-12T12:55:00Z,131.10999999999999,180.99652777777777,70.01909722222223,1,31,United Kingdom,0.6403903598864497
13618,1,2011-06-19T11:09:00Z,177.34,174.0701388888889,0,0,13,United Kingdom,0.40137154088498006
13621,1,2011-08-15T08:26:00Z,213.85,117.18333333333334,0,0,19,United Kingdom,0.41469212750836104
13623,5,2011-02-15T13:08:00Z,156,297.9875,66.73819444444445,1,75,United Kingdom,0.966509090327489
13626,1,2011-04-01T10:05:00Z,257.23,253.11458333333334,0,0,19,United Kingdom,0.5581169827062954
13627,5,2010-12-17T09:52:00Z,311.19,358.12361111111113,74.54652777777778,1,84,United Kingdom,0.9828687321585555
13629,11,2011-01-05T12:09:00Z,660,339.0284722222222,31.505000000000003,1,28,United Kingdom,0.7245489285438363
13630,7,2011-02-27T12:49:00Z,299.14,286.00069444444443,46.683680555555554,1,51,United Kingdom,0.8835571377639719
13631,11,2011-03-17T17:13:00Z,80,267.8173611111111,16.76972222222222,1,6,United Kingdom,0.41802245757578665
13632,5,2011-04-10T15:07:00Z,261.58,243.9048611111111,54.705555555555556,1,121,United Kingdom,0.9958822491472117
13634,5,2011-01-16T15:30:00Z,362,327.8888888888889,73.48090277777777,1,156,United Kingdom,0.9995209850712553
13636,5,2011-02-27T14:29:00Z,154.5,285.93125,62.208506944444444,1,57,United Kingdom,0.9149750337763086
13637,3,2011-04-27T13:06:00Z,422.6,226.98888888888888,87.00902777777777,1,79,United Kingdom,0.9605242644310633
13642,1,2011-05-08T12:34:00Z,354.8,216.01111111111112,0,0,57,United Kingdom,0.8828626407146266
13643,3,2011-06-07T11:40:00Z,87.9,186.04861111111111,77.08229166666666,1,24,United Kingdom,0.561421224773803
13644,4,2011-08-26T11:53:00Z,851.09,106.03958333333334,29.697685185185183,1,144,United Kingdom,0.9973457674445604
13645,1,2011-08-11T16:11:00Z,252.1,120.86041666666667,0,0,5,United Kingdom,0.25623399247427164
13647,4,2011-04-19T09:49:00Z,424.64,235.12569444444443,75.03032407407407,1,65,United Kingdom,0.9241179290566767
13649,2,2010-12-08T14:46:00Z,197.8,366.9194444444444,109.87847222222223,1,23,United Kingdom,0.7212149753346545
13650,6,2011-03-17T12:37:00Z,372.12,268.00902777777776,50.19791666666667,1,79,United Kingdom,0.9671700379059113
13652,3,2010-12-06T09:21:00Z,308.8,369.1451388888889,161.48958333333334,1,48,United Kingdom,0.9028119363014591
13654,6,2011-03-11T12:54:00Z,312.93,273.9972222222222,46.02916666666667,1,157,United Kingdom,0.999432910969343
13655,2,2011-04-12T09:53:00Z,383.65,242.12291666666667,127.18888888888888,1,52,United Kingdom,0.8659785333850284
13656,2,2011-01-06T15:42:00Z,162.70000000000002,337.88055555555553,172.78402777777777,1,49,United Kingdom,0.8987801111169492
13657,2,2011-05-22T12:35:00Z,152.34,202.01041666666666,190.99791666666667,1,16,United Kingdom,0.47098051306526434
13658,5,2011-05-19T17:15:00Z,933.3,204.81597222222223,48.67673611111111,1,91,United Kingdom,0.9729824644225763
13659,2,2011-01-23T12:08:00Z,1045.4,321.02916666666664,115.0201388888889,1,92,United Kingdom,0.9838613055237615
13662,3,2011-03-25T13:23:00Z,227.70000000000002,259.9770833333333,86.97256944444445,1,50,United Kingdom,0.8676820628477774
13663,1,2011-06-13T15:44:00Z,189.47,179.87916666666666,0,0,13,United Kingdom,0.4066673716582953
13666,3,2011-02-25T13:05:00Z,43.65,287.9895833333333,113.55347222222223,1,12,United Kingdom,0.5194185050967571
13667,1,2011-07-13T15:42:00Z,305.02,149.88055555555556,0,0,82,United Kingdom,0.9545291016041756
13668,21,2010-12-12T12:35:00Z,177.66,363.0104166666667,17.999166666666667,1,284,United Kingdom,0.9999994906398748
13669,2,2011-07-13T11:44:00Z,48.150000000000006,150.04583333333332,98.90833333333333,1,9,United Kingdom,0.336810754678564
13672,2,2011-01-11T13:54:00Z,62.13,332.9555555555556,30.999305555555555,1,4,United Kingdom,0.4631923115519052
13675,2,2011-02-28T12:14:00Z,308.44,285.025,133.0298611111111,1,25,United Kingdom,0.6614887410591432
13678,1,2011-07-11T10:14:00Z,232.6,152.10833333333332,0,0,16,United Kingdom,0.41245355540332657
13680,4,2011-01-04T14:12:00Z,871.48,339.94305555555553,112.66087962962963,1,164,United Kingdom,0.9996566715330198
13681,4,2011-07-07T15:21:00Z,203.46,155.89513888888888,45.9425925925926,1,37,United Kingdom,0.6814871114027711
13682,1,2011-06-05T14:06:00Z,59.5,187.94722222222222,0,0,3,United Kingdom,0.304138336770487
13684,1,2011-02-27T10:13:00Z,67.23,286.1090277777778,0,0,29,United Kingdom,0.7203063637533677
13686,1,2011-06-10T09:10:00Z,72,183.15277777777777,0,0,8,United Kingdom,0.3561394653824473
13692,3,2011-04-17T12:57:00Z,856.63,236.9951388888889,105.96527777777777,1,48,United Kingdom,0.8192247811006046
13694,50,2010-12-01T12:12:00Z,842.12,374.0263888888889,7.548752834467121,1,366,United Kingdom,0.9999999918071244
13695,15,2011-03-25T11:31:00Z,83.14,260.0548611111111,16.294394841269842,1,46,United Kingdom,0.847021235199049
13699,1,2011-07-07T16:51:00Z,308.58000000000004,155.83263888888888,0,0,14,United Kingdom,0.38661281752836985
13700,10,2011-01-16T13:18:00Z,120.73,327.98055555555555,33.44305555555556,1,139,United Kingdom,0.9989146066239454
13703,1,2011-01-25T13:10:00Z,99.5,318.9861111111111,0,0,1,United Kingdom,0.4076444299671411
13705,3,2010-12-01T10:29:00Z,318.14,374.09791666666666,183.04270833333334,1,25,United Kingdom,0.741486919940458
13706,1,2011-02-10T09:21:00Z,330.79,303.1451388888889,0,0,20,United Kingdom,0.6184623254801564
13707,2,2011-01-28T13:27:00Z,583.41,315.97430555555553,48.19166666666667,1,48,United Kingdom,0.87278059696787
13708,1,2011-03-13T13:46:00Z,296.88,271.9611111111111,0,0,49,United Kingdom,0.8655784059255744
13709,13,2011-01-28T14:57:00Z,474.7,315.91180555555553,25.98443287037037,1,244,United Kingdom,0.9999946081221637
13711,2,2011-05-05T10:29:00Z,170.96,219.09791666666666,0.001388888888888889,1,11,United Kingdom,0.42394195353491343
13712,1,2011-04-07T12:33:00Z,228.84,247.01180555555555,0,0,10,United Kingdom,0.43714975225934216
13715,5,2010-12-02T08:52:00Z,272.65000000000003,373.16527777777776,22.859201388888888,1,89,United Kingdom,0.9876854746384937
13716,1,2011-03-15T13:49:00Z,138.28,269.9590277777778,0,0,21,United Kingdom,0.6086921808413549
13717,6,2011-02-14T13:21:00Z,298.05,298.9784722222222,53.20722222222222,1,92,United Kingdom,0.9853977867430969
13718,2,2011-02-17T11:58:00Z,114.05,296.0361111111111,49.05972222222222,1,9,United Kingdom,0.48457268444457435
13719,5,2011-04-19T13:56:00Z,132.9,234.95416666666668,54.765625,1,56,United Kingdom,0.8917390894011444
13720,4,2011-03-30T09:17:00Z,266.2,255.14791666666667,46.04837962962963,1,42,United Kingdom,0.8075466189879832
13722,3,2011-03-02T11:43:00Z,1463.47,283.0465277777778,75.52118055555556,1,75,United Kingdom,0.9503830967525745
13723,1,2011-05-06T17:04:00Z,199.85000000000002,217.82361111111112,0,0,6,United Kingdom,0.35907840015734305
13725,8,2011-02-04T12:18:00Z,947.65,309.02222222222224,36.986607142857146,1,95,United Kingdom,0.985793511146444
13726,2,2011-08-31T11:06:00Z,292.68,101.07222222222222,61.988194444444446,1,39,United Kingdom,0.6463707824612074
13728,6,2011-02-02T12:09:00Z,158.57999999999998,311.0284722222222,54.78888888888889,1,38,United Kingdom,0.8171623907240554
13730,2,2011-07-01T12:47:00Z,306.75,162.00208333333333,25.825,1,38,United Kingdom,0.6924846966200583
13731,2,2011-04-07T10:10:00Z,308.12,247.11111111111111,27.18263888888889,1,36,United Kingdom,0.7458693323389047
13735,4,2011-04-19T13:49:00Z,935.15,234.95902777777778,69.96412037037037,1,158,United Kingdom,0.9992485883050163
13736,2,2011-03-24T13:04:00Z,357.53,260.9902777777778,255.09375,1,166,United Kingdom,0.9996194549387896
13737,1,2011-05-23T16:32:00Z,339.59999999999997,200.84583333333333,0,0,29,United Kingdom,0.6234654463535539
13740,1,2011-04-13T10:32:00Z,350.75,241.09583333333333,0,0,23,United Kingdom,0.590103651390517
13741,3,2011-05-06T13:43:00Z,162.96,217.96319444444444,72.90833333333333,1,34,United Kingdom,0.7078054924080355
13742,12,2011-01-23T14:59:00Z,469.18,320.91041666666666,27.621717171717172,1,200,United Kingdom,0.9999482609710222
13743,7,2011-03-25T14:46:00Z,141.72,259.9194444444444,42.80127314814815,1,8,United Kingdom,0.43104201733849046
13744,2,2011-02-20T14:08:00Z,893.16,292.9458333333333,197.04930555555555,1,54,United Kingdom,0.8865183474713585
13745,1,2011-06-30T16:43:00Z,300.04,162.83819444444444,0,0,25,United Kingdom,0.5354882510337751
13747,1,2010-12-01T10:37:00Z,79.6,374.09236111111113,0,0,1,United Kingdom,0.46768326629130413
13748,5,2010-12-01T09:00:00Z,204,374.15972222222223,69.5078125,1,24,United Kingdom,0.73733902815174035
13750,5,2011-01-07T11:49:00Z,325.44,337.0423611111111,70.7546875,1,20,United Kingdom,0.6528206734531588
13751,1,2011-02-24T15:56:00Z,296.25,288.87083333333334,0,0,9,United Kingdom,0.4648344762387755
13752,6,2011-04-07T12:04:00Z,277.6,247.03194444444443,24.418333333333333,1,64,United Kingdom,0.9267759453704175
13753,1,2011-02-25T12:48:00Z,741.26,288.00138888888887,0,0,35,United Kingdom,0.7479702958319682
13754,2,2011-01-26T14:58:00Z,156,317.9111111111111,165.8701388888889,1,11,United Kingdom,0.5314381494248271
13756,14,2010-12-07T11:41:00Z,532.8000000000001,368.04791666666665,28.093108974358977,1,66,United Kingdom,0.9568744427281213
13758,7,2010-12-01T12:08:00Z,362.45,374.02916666666664,60.32673611111111,1,104,United Kingdom,0.994196297190358
13760,2,2011-03-28T12:52:00Z,135.09,256.99861111111113,202.13958333333332,1,50,United Kingdom,0.8689995318968446
13761,2,2011-06-13T08:43:00Z,491.71,180.17152777777778,129.22083333333333,1,68,United Kingdom,0.9167789816118338
13762,1,2011-05-05T09:15:00Z,306.72,219.14930555555554,0,0,7,United Kingdom,0.3658871290679896
13764,3,2011-01-06T14:53:00Z,499.89,337.9145833333333,133.44097222222223,1,183,United Kingdom,0.9998828858827552
13767,37,2010-12-01T10:47:00Z,507.88,374.0854166666667,10.310435956790123,1,55,United Kingdom,0.9283219700707497
13769,10,2010-12-07T13:28:00Z,322.3,367.9736111111111,40.56327160493827,1,73,United Kingdom,0.9712021744791123
13771,4,2011-04-06T15:47:00Z,871.6,247.87708333333333,60.97939814814814,1,114,United Kingdom,0.9931803554863232
13772,3,2011-04-14T12:31:00Z,228.42,240.01319444444445,102.98333333333333,1,141,United Kingdom,0.9985264477831027
13777,33,2010-12-01T16:01:00Z,1552.98,373.8673611111111,11.6515625,1,36,United Kingdom,0.7854857934855809
13778,1,2011-08-28T15:25:00Z,178.7,103.89236111111111,0,0,9,United Kingdom,0.286554669084295
13780,2,2011-06-22T11:43:00Z,116.28000000000002,171.04652777777778,163.0875,1,56,United Kingdom,0.8624547230911762
13781,1,2011-04-03T12:08:00Z,127.84,251.02916666666667,0,0,17,United Kingdom,0.5386197046660924
13782,6,2011-01-16T11:08:00Z,191.94,328.0708333333333,63.006388888888885,1,96,United Kingdom,0.989786127978461
13784,11,2011-01-11T14:38:00Z,113.64,332.925,32.278819444444444,1,9,United Kingdom,0.5245745431179066
13786,1,2010-12-07T13:53:00Z,230.4,367.95625,0,0,7,United Kingdom,0.52888305567929
13787,2,2010-12-10T14:45:00Z,106.4,364.9201388888889,288.88958333333335,1,24,United Kingdom,0.7345571727751764
13791,2,2011-06-24T16:38:00Z,937,168.84166666666667,40.795833333333334,1,7,United Kingdom,0.28202265436930607
13792,2,2011-02-25T14:03:00Z,74.60000000000001,287.94930555555555,221.01944444444445,1,13,United Kingdom,0.5302854580426242
13798,57,2010-12-02T17:24:00Z,408,372.8097222222222,6.623846726190476,1,113,United Kingdom,0.9962914986888558
13799,2,2011-02-18T14:18:00Z,341.7,294.93888888888887,177.90902777777777,1,32,United Kingdom,0.74414030468501835
13800,1,2011-02-03T12:27:00Z,558.32,310.0159722222222,0,0,33,United Kingdom,0.7554220102022414
13802,3,2011-02-01T12:03:00Z,969.74,312.03263888888887,86.47604166666666,1,55,United Kingdom,0.8975371857358323
13803,1,2011-03-29T12:57:00Z,277.07,255.9951388888889,0,0,17,United Kingdom,0.5341815652792093
13804,7,2011-02-23T09:09:00Z,723.63,290.1534722222222,43.190162037037034,1,124,United Kingdom,0.9967398900010174
13805,2,2011-08-02T15:29:00Z,500.24,129.88958333333332,76.97291666666666,1,10,United Kingdom,0.303145847238153
13807,1,2010-12-07T15:48:00Z,112.6,367.87638888888887,0,0,7,United Kingdom,0.5365361309838325
13808,5,2011-09-04T12:07:00Z,573.46,97.02986111111112,22.751909722222223,1,70,United Kingdom,0.8929295962057003
13809,1,2011-02-07T13:15:00Z,155.05,305.9826388888889,0,0,11,Cyprus,0.5185994415213122
13811,3,2011-04-14T18:40:00Z,258.75,239.75694444444446,27.81736111111111,1,7,Germany,0.38986970808394983
13812,3,2011-08-26T12:54:00Z,278.74,105.99722222222222,31.532291666666666,1,33,Germany,0.5785055816407625
13813,4,2011-07-28T10:33:00Z,385.14,135.0951388888889,31.667824074074076,1,54,Germany,0.8183333847729165
13814,2,2011-07-25T13:54:00Z,617.54,137.95555555555555,44.99583333333333,1,37,Germany,0.6395743659896442
13815,4,2011-01-25T12:16:00Z,1012.01,319.0236111111111,98.69513888888889,1,132,Germany,0.9979486412420084
13817,2,2010-12-23T11:46:00Z,128.7,352.0444444444444,322.25208333333336,1,20,Germany,0.6788419536561228
13819,3,2011-01-24T10:38:00Z,408.3,320.09166666666664,9,1,26,United Kingdom,0.7000623335032994
13821,2,2011-03-23T11:30:00Z,270.15,262.05555555555554,116.92986111111111,1,51,United Kingdom,0.8732880861767697
13823,2,2011-09-09T10:42:00Z,650.42,92.08888888888889,72.98611111111111,1,39,United Kingdom,0.6153229023807711
13824,5,2011-02-02T13:07:00Z,442.88,310.98819444444445,69.4954861111111,1,34,United Kingdom,0.7710673087210438
13826,1,2011-06-16T13:48:00Z,189.5,176.9597222222222,0,0,10,United Kingdom,0.36674845428897307
13827,3,2011-07-19T15:38:00Z,112.74,143.88333333333333,42.9375,1,83,United Kingdom,0.9577427266744655
13831,6,2010-12-05T12:13:00Z,408,370.02569444444447,70.6288888888889,1,58,United Kingdom,0.9385267305064322
13833,1,2011-07-03T13:27:00Z,384.8,159.97430555555556,0,0,28,United Kingdom,0.5654132845307716
13835,4,2011-05-08T15:22:00Z,328.45,215.89444444444445,63.33680555555555,1,48,United Kingdom,0.8262078468832378
13837,2,2011-01-26T12:15:00Z,113.7,318.02430555555554,105.99652777777777,1,17,United Kingdom,0.6104244995660029
13838,4,2010-12-05T10:45:00Z,238.11,370.08680555555554,121.33680555555556,1,144,United Kingdom,0.9992803147658262
13841,1,2011-04-01T12:10:00Z,85,253.02777777777777,0,0,1,United Kingdom,0.34164643895640334
13842,9,2010-12-08T10:39:00Z,310.57,367.0909722222222,38.501041666666666,1,155,United Kingdom,0.9995800622870866
13846,3,2010-12-14T16:07:00Z,411.4,360.86319444444445,167.91666666666666,1,55,United Kingdom,0.9261711539343906
13848,3,2010-12-08T15:10:00Z,320,366.90277777777777,136.95416666666668,1,3,United Kingdom,0.4699765791958024
13849,2,2011-06-22T10:11:00Z,593.5799999999999,171.11041666666668,119.03333333333333,1,97,United Kingdom,0.9789354470225046
13850,1,2011-08-02T14:04:00Z,1595.48,129.94861111111112,0,0,93,United Kingdom,0.9603889504756754
13851,3,2011-02-24T17:18:00Z,246.32,288.81388888888887,96.40208333333334,1,77,United Kingdom,0.9677866563308319
13854,25,2010-12-09T10:48:00Z,309.4,366.08472222222224,14.872048611111111,1,39,United Kingdom,0.8517192463240564
13856,3,2011-05-20T13:13:00Z,94.4,203.98402777777778,17.43402777777778,1,10,United Kingdom,0.4003806298582146
13859,1,2011-01-17T16:14:00Z,201.16,326.85833333333335,0,0,27,United Kingdom,0.7278089891526313
13862,8,2011-01-11T15:13:00Z,425.1,332.90069444444447,44.86418650793651,1,97,United Kingdom,0.9899000488566986
13863,1,2011-04-06T10:20:00Z,305.78,248.10416666666666,0,0,20,United Kingdom,0.5623976354348755
13865,4,2011-02-23T12:04:00Z,123.3,290.03194444444443,77.0201388888889,1,26,United Kingdom,0.6883542748723648
13867,3,2011-05-05T17:28:00Z,138.85,218.80694444444444,93.46527777777777,1,51,United Kingdom,0.8553781450569437
13869,4,2010-12-17T15:14:00Z,323.62,357.9,77.98125,1,234,United Kingdom,0.9999927419788979
13870,8,2011-02-25T09:09:00Z,544.03,288.1534722222222,40.739484126984124,1,91,United Kingdom,0.9828436083389791
13871,13,2011-02-04T09:30:00Z,456.05,309.1388888888889,23.837905092592592,1,155,United Kingdom,0.9994390021222007
13873,3,2011-02-03T09:37:00Z,121.45,310.13402777777776,95.01076388888889,1,21,United Kingdom,0.65033476600393
13874,1,2010-12-16T18:20:00Z,540.45,358.7708333333333,0,0,18,United Kingdom,0.637635323522079
13875,5,2011-02-11T15:39:00Z,340.65,301.8826388888889,61.93697916666667,1,79,United Kingdom,0.9717569558373021
13880,13,2010-12-07T14:00:00Z,97.8,367.9513888888889,28.832407407407405,1,125,United Kingdom,0.9981249759003624
13881,20,2011-02-01T10:14:00Z,1025.34,312.10833333333335,16.21622807017544,1,72,United Kingdom,0.954281562344546
13883,5,2011-03-31T17:17:00Z,980.41,253.81458333333333,60.68194444444445,1,108,United Kingdom,0.9906835770253918
13884,5,2011-03-01T13:40:00Z,138.15,283.96527777777777,69.02951388888889,1,45,United Kingdom,0.8517879984317277
13885,2,2011-05-23T08:52:00Z,399.15000000000003,201.1652777777778,11.260416666666666,1,28,United Kingdom,0.6077898895584369
13887,1,2011-05-19T17:22:00Z,349.55,204.8111111111111,0,0,19,United Kingdom,0.49991273227098576
13888,2,2011-05-05T14:41:00Z,239.52,218.92291666666668,98.81388888888888,1,38,United Kingdom,0.7458098064022413
13889,1,2011-09-08T09:13:00Z,416.90000000000003,93.15069444444444,0,0,15,United Kingdom,0.3295742733708291
13890,10,2010-12-16T09:31:00Z,190.35,359.1381944444444,39.69483024691358,1,74,United Kingdom,0.9725260592617304
13892,4,2011-04-07T12:04:00Z,54.519999999999996,247.03194444444443,73.33009259259259,1,26,United Kingdom,0.6511472423190087
13893,1,2011-02-15T11:30:00Z,821.1,298.05555555555554,0,0,21,United Kingdom,0.5947085422794205
13894,3,2011-02-02T12:54:00Z,160.85,310.9972222222222,143.43402777777777,1,25,United Kingdom,0.6945627566237355
13895,4,2011-06-28T10:17:00Z,382.46000000000004,165.10625,45.425925925925924,1,97,United Kingdom,0.9795388297256244
13898,1,2011-01-18T10:28:00Z,155.93,326.0986111111111,0,0,12,United Kingdom,0.5531408722954104
13899,2,2011-03-10T09:30:00Z,298.5,275.1388888888889,258.1736111111111,1,19,United Kingdom,0.5788750355861088
13900,3,2011-03-22T10:13:00Z,357.58,263.1090277777778,39.69201388888889,1,42,United Kingdom,0.8091595977656731
13901,5,2011-01-25T09:01:00Z,214.4,319.1590277777778,61.56024305555555,1,144,United Kingdom,0.9991081724207291
13904,2,2011-02-18T11:18:00Z,201.12,295.06388888888887,257.09930555555553,1,24,United Kingdom,0.6659405961632974
13908,4,2011-03-08T12:04:00Z,496,277.03194444444443,65.66319444444444,1,104,United Kingdom,0.9908742268046491
13911,9,2011-02-04T14:46:00Z,335.53,308.9194444444444,31.379947916666666,1,120,United Kingdom,0.996661439570555
13917,2,2011-06-01T12:46:00Z,65.38,192.00277777777777,141.88194444444446,1,16,United Kingdom,0.4658872355601836
13918,2,2011-03-31T18:05:00Z,198.20000000000002,253.78125,203.76388888888889,1,30,United Kingdom,0.6948982876654916
13919,2,2011-08-10T10:15:00Z,213.15,122.10763888888889,62.172916666666666,1,24,Denmark,0.48414128864182926
13922,1,2010-12-23T10:38:00Z,172.25,352.09166666666664,0,0,7,United Kingdom,0.5155447535920565
13925,4,2011-07-28T12:09:00Z,380.12,135.02847222222223,14.008796296296296,1,28,United Kingdom,0.5389705806738081
13928,4,2011-07-29T15:59:00Z,104.2,133.86875,40.924537037037034,1,23,United Kingdom,0.491098413989147
13929,2,2011-01-17T15:11:00Z,412.85,326.90208333333334,157.01041666666666,1,8,United Kingdom,0.4853450656188092
13930,2,2011-07-26T11:00:00Z,210,137.07638888888889,78.94791666666667,1,15,United Kingdom,0.3858038139088508
13931,2,2011-03-04T08:43:00Z,378.21000000000004,281.1715277777778,185.06180555555557,1,56,United Kingdom,0.9041614891182469
13932,1,2011-02-18T12:02:00Z,307.4,295.03333333333336,0,0,16,United Kingdom,0.5612741248573794
13933,2,2011-07-14T13:35:00Z,300.99,148.96875,39.019444444444446,1,23,United Kingdom,0.4944863338142494
13934,1,2011-03-21T08:39:00Z,922.1,264.1743055555556,0,0,31,United Kingdom,0.6745989966125058
13936,1,2011-06-13T08:47:00Z,376.58,180.16875,0,0,26,United Kingdom,0.5619498559285426
13937,1,2011-06-23T16:35:00Z,158.85,169.84375,0,0,9,United Kingdom,0.3495798140651452
13939,3,2011-02-01T11:30:00Z,184.5,312.05555555555554,144.04270833333334,1,43,United Kingdom,0.8525139183029464
13940,4,2011-07-18T16:05:00Z,218.62,144.86458333333334,42.32175925925926,1,39,United Kingdom,0.6926657086377744
13941,5,2010-12-02T10:17:00Z,1095.1200000000001,373.10625,87.74409722222222,1,24,United Kingdom,0.6883510998232717
13946,3,2011-03-17T10:02:00Z,209.85,268.1166666666667,94.07326388888889,1,11,United Kingdom,0.47395679059025114
13948,1,2010-12-14T10:18:00Z,102,361.10555555555555,0,0,3,United Kingdom,0.4780526052077524
13949,6,2011-09-06T11:55:00Z,537.9,95.03819444444444,18.380555555555553,1,124,United Kingdom,0.9927930435821875
13950,4,2011-04-07T11:29:00Z,179.30999999999997,247.05625,78.37847222222221,1,33,United Kingdom,0.7220592239234483
13951,3,2011-02-18T15:21:00Z,212.56,294.8951388888889,59.02847222222222,1,38,United Kingdom,0.8042414454343859
13952,2,2011-04-15T09:27:00Z,2042.761,239.14097222222222,20.98125,1,120,United Kingdom,0.992935848773792
13953,7,2010-12-22T10:29:00Z,500,353.09791666666666,57.53877314814815,1,8,United Kingdom,0.5079946064754415
13955,2,2011-02-07T12:24:00Z,205.1,306.0180555555556,151.20486111111111,1,33,United Kingdom,0.7691694242237496
13956,5,2011-03-13T12:51:00Z,119.72,271.99930555555557,66.50503472222222,1,123,United Kingdom,0.996831924629351
13959,3,2010-12-12T13:56:00Z,214.74,362.95416666666665,141.52430555555554,1,79,United Kingdom,0.9788838582267672
13962,2,2011-04-08T11:21:00Z,117.6,246.06180555555557,223.89305555555555,1,11,United Kingdom,0.4562178639202011
13963,4,2010-12-07T09:21:00Z,151.3,368.1451388888889,19.741203703703704,1,35,United Kingdom,0.8307752112103033
13967,1,2011-07-17T12:02:00Z,80.7,146.03333333333333,0,0,2,United Kingdom,0.25597839247647264
13969,18,2010-12-09T19:32:00Z,317.59000000000003,365.72083333333336,21.048161764705885,1,334,United Kingdom,0.9999999610489377
13971,8,2011-02-27T12:27:00Z,333.48,286.0159722222222,38.14077380952381,1,118,United Kingdom,0.9959145610452724
13972,2,2011-05-22T11:34:00Z,145.9,202.05277777777778,131.01388888888889,1,15,United Kingdom,0.4585340525435102
13973,1,2011-02-25T15:21:00Z,264.7,287.8951388888889,0,0,11,United Kingdom,0.49176109519683625
13975,6,2011-03-08T12:19:00Z,678.76,277.0215277777778,49.00833333333333,1,240,United Kingdom,0.9999917095109069
13976,1,2011-05-17T09:13:00Z,357.98,207.15069444444444,0,0,10,United Kingdom,0.38705435966840124
13982,4,2010-12-09T13:57:00Z,428.6,365.9534722222222,108.70069444444444,1,72,United Kingdom,0.9686137687322773
13983,12,2010-12-08T10:38:00Z,329.36,367.09166666666664,30.638131313131314,1,91,United Kingdom,0.9884232857285079
13984,5,2010-12-08T15:58:00Z,154.8,366.86944444444447,84.96527777777777,1,14,United Kingdom,0.6211291866963173
13985,15,2011-03-20T13:48:00Z,393,264.95972222222224,18.58125,1,108,United Kingdom,0.9923849982173866
13988,6,2011-03-30T11:48:00Z,631.06,255.04305555555555,46.98708333333333,1,188,United Kingdom,0.999866033805224
13989,2,2011-04-14T15:39:00Z,896.67,239.8826388888889,173.75555555555556,1,33,United Kingdom,0.6757378065161712
13990,1,2011-05-10T15:19:00Z,311.3,213.89652777777778,0,0,16,United Kingdom,0.47337292733424063
13991,6,2011-07-19T12:58:00Z,126.35,143.99444444444444,26.227777777777778,1,58,United Kingdom,0.8605277037144424
13993,9,2011-01-13T10:43:00Z,323.15000000000003,331.08819444444447,35.99157986111111,1,66,United Kingdom,0.9523288427104801
13994,6,2011-07-14T18:28:00Z,288.57,148.76527777777778,28.93847222222222,1,122,United Kingdom,0.9940622544403189
13995,5,2011-04-08T08:20:00Z,310.45,246.1875,57.562847222222224,1,55,United Kingdom,0.8868107688827207
13999,12,2010-12-13T11:23:00Z,302.1,362.06041666666664,31.917739898989897,1,102,United Kingdom,0.9933311298882226
14000,1,2011-05-12T16:50:00Z,635.66,211.83333333333334,0,0,15,United Kingdom,0.4370639656294481
14001,3,2010-12-01T12:58:00Z,301.24,373.99444444444447,163.94895833333334,1,34,United Kingdom,0.8212746661290999
14002,2,2011-07-06T14:59:00Z,224.79,156.91041666666666,22.038888888888888,1,47,United Kingdom,0.7822102532787029
14004,7,2011-02-24T09:28:00Z,900.02,289.1402777777778,40.86944444444445,1,102,United Kingdom,0.9893293330084769
14005,5,2011-05-08T10:33:00Z,187.16,216.0951388888889,51.522222222222226,1,53,United Kingdom,0.8649176717855039
14006,3,2011-01-31T15:11:00Z,304.44,312.90208333333334,98.38472222222222,1,22,United Kingdom,0.6538806087317917
14009,2,2011-05-18T13:00:00Z,380.91,205.99305555555554,7.115972222222222,1,42,United Kingdom,0.7668612753248183
14012,1,2011-03-07T12:26:00Z,328.8,278.01666666666665,0,0,11,United Kingdom,0.4768360081298065
14013,3,2011-03-09T08:59:00Z,118.5,276.16041666666666,82.62569444444445,1,30,United Kingdom,0.719346136489304
14016,4,2010-12-17T14:21:00Z,753.74,357.93680555555557,65.29351851851852,1,154,EIRE,0.9994827121991089
14019,3,2011-07-24T15:39:00Z,384.28999999999996,138.8826388888889,45.886805555555554,1,37,United Kingdom,0.6545499393406957
14021,3,2011-03-28T15:10:00Z,198.9,256.90277777777777,50.5125,1,22,United Kingdom,0.6037489413032057
14022,1,2011-04-28T14:39:00Z,440,225.92430555555555,0,0,28,United Kingdom,0.6305640399456433
14023,2,2011-04-03T15:50:00Z,273.14,250.875,242.92222222222222,1,30,United Kingdom,0.6879893746222654
14024,2,2011-08-07T13:31:00Z,262.45,124.97152777777778,2.9159722222222224,1,16,United Kingdom,0.3823913657233979
14029,2,2011-07-18T16:57:00Z,165.20000000000002,144.82847222222222,80.90902777777778,1,15,United Kingdom,0.3966272387269211
14030,8,2010-12-08T16:11:00Z,670.55,366.86041666666665,49.717956349206354,1,210,United Kingdom,0.9999734008015192
14031,19,2010-12-02T16:34:00Z,1714.25,372.84444444444443,20.279282407407408,1,119,United Kingdom,0.9961672327191914
14032,11,2010-12-08T10:53:00Z,303.86,367.08125,36.41875,1,53,United Kingdom,0.9227863172120407
14034,3,2011-07-05T13:06:00Z,455.17,157.98888888888888,67.51944444444445,1,82,United Kingdom,0.9543350982662614
14035,5,2011-02-15T12:48:00Z,301.6,298.00138888888887,67.22135416666667,1,41,United Kingdom,0.8261741265878948
14036,1,2011-02-28T09:26:00Z,626.65,285.14166666666665,0,0,38,United Kingdom,0.77927102492976
14037,2,2010-12-10T11:39:00Z,111.8,365.0493055555556,188.09583333333333,1,27,United Kingdom,0.7636444202084302
14038,3,2011-05-16T14:05:00Z,716.32,207.94791666666666,64.49027777777778,1,64,United Kingdom,0.9048984747946556
14040,12,2011-01-12T14:57:00Z,289.7,331.91180555555553,26.446022727272727,1,146,United Kingdom,0.9992240337384575
14041,1,2011-03-18T13:25:00Z,141.41,266.97569444444446,0,0,21,United Kingdom,0.6054085218135936
14044,4,2011-02-03T11:39:00Z,173.74,310.0493055555556,94.33935185185186,1,165,United Kingdom,0.9996913197853119
14045,4,2010-12-01T11:32:00Z,326.4,374.0541666666667,88.05439814814815,1,4,United Kingdom,0.49025391670967733
14046,1,2011-02-28T14:48:00Z,154.99,284.91805555555555,0,0,14,United Kingdom,0.5346558700485775
14047,5,2010-12-02T10:09:00Z,286.92,373.1118055555556,91.01631944444445,1,22,United Kingdom,0.7113423668518822
14048,1,2011-02-07T14:53:00Z,409.93,305.9145833333333,0,0,83,United Kingdom,0.9769133466704549
14049,4,2011-01-26T11:27:00Z,1031.83,318.0576388888889,100.34560185185184,1,348,United Kingdom,0.9999999720432903
14050,2,2011-08-25T13:46:00Z,485.98,106.96111111111111,74.84305555555555,1,49,United Kingdom,0.7496701331048325
14051,23,2010-12-08T12:49:00Z,623.42,367.00069444444443,16.631660353535356,1,52,United Kingdom,0.9124728959091919
14053,2,2011-07-03T12:21:00Z,154.25,160.02013888888888,35.0875,1,2,United Kingdom,0.2639139153258371
14055,1,2011-08-25T15:04:00Z,725.6400000000001,106.90694444444445,0,0,10,United Kingdom,0.2706091300231719
14056,23,2011-02-28T15:19:00Z,598.96,284.8965277777778,12.860385101010102,1,320,United Kingdom,0.9999998767747573
14057,17,2010-12-14T12:11:00Z,632.52,361.02708333333334,21.058203125,1,179,United Kingdom,0.9998649598580872
14059,1,2011-03-18T10:06:00Z,183.6,267.1138888888889,0,0,8,United Kingdom,0.4359906756875644
14060,19,2010-12-02T12:11:00Z,339.84,373.02708333333334,20.445138888888888,1,86,United Kingdom,0.9853778905906522
14062,12,2010-12-10T15:56:00Z,966.62,364.87083333333334,32.25050505050505,1,60,United Kingdom,0.9346097303564243
14064,5,2011-03-10T12:59:00Z,185.15,274.99375,61.252604166666664,1,59,United Kingdom,0.918658957926506
14066,1,2011-03-18T12:21:00Z,152.55,267.0201388888889,0,0,7,United Kingdom,0.4251707827772063
14067,2,2011-09-04T12:00:00Z,224.67,97.03472222222223,32.93125,1,51,United Kingdom,0.773224422334742
14068,1,2011-01-23T16:02:00Z,265.85,320.8666666666667,0,0,22,United Kingdom,0.6639330232629489
14071,8,2011-03-20T11:33:00Z,225.4,265.05347222222224,37.291071428571435,1,271,United Kingdom,0.9999984506523575
14075,3,2011-03-23T16:35:00Z,307.92,261.84375,128.334375,1,33,United Kingdom,0.7280780047144589
14076,1,2011-08-02T15:19:00Z,122.47,129.89652777777778,0,0,43,United Kingdom,0.7272568834270676
14077,5,2011-03-10T15:52:00Z,117.11,274.87361111111113,58.46579861111111,1,33,United Kingdom,0.7487144407585061
14078,6,2010-12-01T12:54:00Z,136.24,373.9972222222222,54.39472222222222,1,46,United Kingdom,0.8994939055856233
14079,1,2011-08-07T12:10:00Z,375.1,125.02777777777777,0,0,12,United Kingdom,0.3281465181062462
14081,2,2010-12-05T15:47:00Z,423.52,369.87708333333336,67.02083333333333,1,126,United Kingdom,0.9980762682117071
14082,1,2010-12-10T11:02:00Z,182.25,365.075,0,0,28,United Kingdom,0.7696264300015314
14083,9,2010-12-03T12:24:00Z,309.54,372.0180555555556,45.87934027777778,1,162,United Kingdom,0.9997142392316964
14085,18,2010-12-06T12:39:00Z,308.05,369.0076388888889,21.53214869281046,1,272,United Kingdom,0.9999990422345232
14088,13,2011-01-21T13:07:00Z,7544.91,322.98819444444445,26.0109375,1,379,United Kingdom,0.9999999694694233
14090,1,2011-01-19T10:51:00Z,76.32000000000001,325.0826388888889,0,0,1,United Kingdom,0.4155298043687545
14092,14,2010-12-16T15:47:00Z,250.65,358.87708333333336,26.988568376068375,1,117,United Kingdom,0.9969275210465113
14096,17,2011-08-30T10:49:00Z,21.84,102.08402777777778,6.079340277777778,1,1119,United Kingdom,0.9999999999999998
14099,11,2010-12-20T11:14:00Z,383.52,355.06666666666666,33.81104166666667,1,167,United Kingdom,0.9997580708321245
14100,1,2011-07-25T11:01:00Z,194.9,138.07569444444445,0,0,24,United Kingdom,0.5026546715051288
14101,6,2011-01-17T13:09:00Z,751.5999999999999,326.9868055555556,50.59430555555555,1,15,United Kingdom,0.5537338050858323
14104,2,2011-06-27T12:49:00Z,111.26,166.00069444444443,11.000694444444445,1,21,United Kingdom,0.499512833897234
14105,1,2011-04-14T17:58:00Z,1266.23,239.7861111111111,0,0,74,United Kingdom,0.9407569979820515
14107,7,2010-12-10T13:29:00Z,363.24,364.97291666666666,52.15775462962963,1,61,United Kingdom,0.9464127947927438
14108,2,2011-08-30T11:32:00Z,291.33,102.05416666666666,70.96458333333334,1,33,United Kingdom,0.5735173702600063
14110,12,2011-03-18T09:59:00Z,904.26,267.11875,23.91837121212121,1,94,United Kingdom,0.9823208438036437
14111,4,2011-04-12T11:36:00Z,94.2,242.05138888888888,75.6962962962963,1,10,United Kingdom,0.44060251362184955
14112,7,2011-03-09T11:28:00Z,617.1,276.05694444444447,42.17384259259259,1,117,United Kingdom,0.9951613103600486
14113,4,2010-12-20T12:14:00Z,433.5,355.025,117.00092592592593,1,26,United Kingdom,0.7295735333125007
14114,2,2011-01-13T11:05:00Z,195.13,331.0729166666667,56.94236111111111,1,15,United Kingdom,0.5939598934557537
14116,5,2011-08-10T12:44:00Z,319.97,122.00416666666666,25.4765625,1,61,United Kingdom,0.8616379040805451
14117,1,2011-07-19T09:49:00Z,90,144.12569444444443,0,0,3,United Kingdom,0.26390207168897056
14127,3,2011-02-02T12:26:00Z,314.63,311.01666666666665,93.96631944444445,1,39,United Kingdom,0.81875313251211
14128,2,2011-03-29T10:49:00Z,305.54,256.0840277777778,195.04930555555555,1,40,United Kingdom,0.7898436164004187
14129,5,2011-03-24T08:44:00Z,358.90000000000003,261.17083333333335,64.77395833333334,1,31,United Kingdom,0.7036371318713344
14130,1,2011-01-24T16:05:00Z,483.86,319.8645833333333,0,0,66,United Kingdom,0.9480185742516606
14132,11,2011-06-09T12:04:00Z,306.86,184.03194444444443,18.106319444444445,1,100,United Kingdom,0.984114787019865
14133,3,2011-01-28T11:27:00Z,318,316.0576388888889,93.00243055555555,1,25,United Kingdom,0.6904043247567624
14135,15,2010-12-02T10:27:00Z,485.25,373.09930555555553,26.503521825396827,1,95,United Kingdom,0.9904319369339074
14141,4,2011-08-26T14:40:00Z,285.16,105.92361111111111,34.26689814814815,1,27,United Kingdom,0.5007762261469956
14142,1,2010-12-01T16:33:00Z,311.81,373.84513888888887,0,0,22,United Kingdom,0.710646090171307
14143,1,2011-07-29T09:48:00Z,115.8,134.1263888888889,0,0,7,United Kingdom,0.2956118301163107
14145,4,2011-05-06T13:01:00Z,1128.6,217.9923611111111,56.988194444444446,1,6,United Kingdom,0.30496635558921137
14146,5,2010-12-17T15:52:00Z,1241.43,357.87361111111113,87.1920138888889,1,183,United Kingdom,0.9998693814564283
14147,2,2011-02-27T11:42:00Z,182.8,286.0472222222222,207.26944444444445,1,4,United Kingdom,0.40545143056795924
14148,1,2011-04-20T12:02:00Z,157.2,234.03333333333333,0,0,3,United Kingdom,0.3421866348919651
14149,1,2011-05-03T09:44:00Z,446.62,221.12916666666666,0,0,28,United Kingdom,0.6252967961537161
14150,2,2010-12-15T10:04:00Z,306.18,360.1152777777778,324.00069444444443,1,23,United Kingdom,0.7093810646596898
14152,2,2011-04-19T15:46:00Z,314.51,234.87777777777777,158.88055555555556,1,47,United Kingdom,0.8310491841618314
14154,2,2011-04-14T15:58:00Z,419.74,239.86944444444444,0.019444444444444445,1,52,United Kingdom,0.8637228129301381
14155,1,2011-03-18T14:13:00Z,118.75,266.9423611111111,0,0,6,United Kingdom,0.4146150664884012
14156,55,2010-12-03T11:48:00Z,322.2,372.04305555555555,6.703009259259259,1,714,EIRE,0.9999999999999998
14157,2,2011-02-27T13:04:00Z,277.17,285.9902777777778,265.93611111111113,1,45,United Kingdom,0.8482299930424557
14159,11,2010-12-12T11:17:00Z,193.22,363.06458333333336,34.30548611111111,1,501,United Kingdom,0.9999999999934593
14161,3,2010-12-05T13:18:00Z,283.15,369.98055555555555,76.96631944444445,1,87,United Kingdom,0.986131360747133
14162,2,2011-02-20T12:32:00Z,177.68,293.0125,118.96111111111111,1,25,United Kingdom,0.6767970873504282
14163,4,2011-04-14T17:33:00Z,411.87,239.8034722222222,50.635416666666664,1,36,United Kingdom,0.7345094834955631
14165,1,2011-03-09T12:39:00Z,122.53999999999999,276.0076388888889,0,0,23,United Kingdom,0.6401575608951372
14167,4,2011-01-12T15:44:00Z,148.35,331.87916666666666,97.31597222222223,1,27,United Kingdom,0.7348263899770014
14171,1,2011-09-02T16:43:00Z,363.79,98.83819444444444,0,0,57,United Kingdom,0.8189479332065052
14173,4,2011-05-04T14:03:00Z,114.04,219.94930555555555,69.63680555555555,1,28,United Kingdom,0.6444548102513565
14175,3,2011-01-14T12:22:00Z,322.58,330.01944444444445,134.990625,1,139,United Kingdom,0.9988653502343642
14176,4,2010-12-07T11:45:00Z,159.55,368.0451388888889,23.353472222222223,1,28,United Kingdom,0.7729557031481391
14177,4,2011-06-13T11:10:00Z,118.08,180.06944444444446,31.055787037037035,1,37,United Kingdom,0.7084772360583609
14178,7,2011-06-10T12:51:00Z,197.37,182.99930555555557,28.994212962962962,1,191,United Kingdom,0.9998602532488997
14180,25,2010-12-02T13:08:00Z,201.75,372.9875,15.07951388888889,1,112,United Kingdom,0.9963036197821119
14185,1,2011-01-12T13:52:00Z,197.65,331.95694444444445,0,0,3,United Kingdom,0.440405367283397
14188,6,2011-02-02T13:46:00Z,398,310.9611111111111,55.991527777777776,1,34,United Kingdom,0.7731309240107178
14189,15,2010-12-06T11:42:00Z,311.24,369.0472222222222,26.155406746031748,1,176,United Kingdom,0.9998599852595895
14191,13,2011-05-03T10:30:00Z,150.32,221.09722222222223,18.246122685185185,1,145,United Kingdom,0.9987266824291021
14193,2,2011-03-15T11:38:00Z,422.54,270.05,201.9138888888889,1,35,United Kingdom,0.7491483574911281
14194,21,2011-02-04T14:51:00Z,516.95,308.9159722222222,15.191215277777777,1,269,United Kingdom,0.999998465232548
14195,2,2011-04-01T16:50:00Z,828.4,252.83333333333334,50.735416666666666,1,7,United Kingdom,0.36784079337663594
14196,1,2011-08-25T10:25:00Z,335.52,107.10069444444444,0,0,6,United Kingdom,0.2506005530692322
14198,4,2011-04-14T14:54:00Z,183.3,239.9138888888889,73.6900462962963,1,35,United Kingdom,0.7362384366826523
14199,1,2011-05-05T13:44:00Z,185.39999999999998,218.9625,0,0,2,United Kingdom,0.3146874799612464
14201,7,2010-12-15T13:25:00Z,67.24,359.97569444444446,49.833564814814814,1,32,United Kingdom,0.8056709214965955
14205,2,2011-03-20T15:07:00Z,222.9,264.90486111111113,247.825,1,23,United Kingdom,0.6227892375275582
14206,1,2011-04-14T16:38:00Z,328.15999999999997,239.84166666666667,0,0,20,United Kingdom,0.5520989188742541
14208,1,2011-09-06T12:48:00Z,151.74,95.00138888888888,0,0,10,United Kingdom,0.2907584663493359
14209,6,2011-01-11T12:56:00Z,347.95,332.99583333333334,64.37805555555556,1,55,United Kingdom,0.9187278696257709
14210,6,2010-12-03T12:43:00Z,304.95000000000005,372.0048611111111,53.19902777777778,1,66,United Kingdom,0.959953944072137
14211,9,2011-02-17T15:50:00Z,145.20000000000002,295.875,30.237239583333334,1,87,United Kingdom,0.9816418094245865
14212,1,2011-09-11T12:45:00Z,1070.48,90.00347222222223,0,0,9,United Kingdom,0.2300934566904729
14214,5,2011-03-07T12:26:00Z,638.65,278.01666666666665,61.73003472222222,1,64,United Kingdom,0.9293853710572342
14215,6,2010-12-06T15:34:00Z,166,368.8861111111111,71.37291666666667,1,98,United Kingdom,0.9923202388642571
14217,17,2010-12-08T13:28:00Z,118.3,366.9736111111111,22.80837673611111,1,78,United Kingdom,0.978696320541585
14220,2,2010-12-16T18:18:00Z,312.98,358.77222222222224,110.79513888888889,1,21,United Kingdom,0.6858781398623742
14221,9,2011-01-04T15:33:00Z,312.95,339.88680555555555,37.11536458333333,1,123,United Kingdom,0.9975147833596941
14222,1,2011-06-15T16:42:00Z,683.17,177.8388888888889,0,0,41,United Kingdom,0.7184656615505431
14223,3,2011-03-20T16:02:00Z,304.9,264.8666666666667,85.95,1,50,United Kingdom,0.8677775826224846
14224,4,2011-01-23T13:58:00Z,244.3,320.9527777777778,69.99212962962963,1,105,United Kingdom,0.9932827345612298
14226,5,2011-03-15T15:36:00Z,983.3,269.8847222222222,60.20798611111111,1,64,United Kingdom,0.9206383661890991
14227,10,2011-02-28T12:27:00Z,736.7,285.0159722222222,28.68217592592593,1,117,United Kingdom,0.9951962970010508
14229,3,2011-01-10T12:03:00Z,456.96999999999997,334.03263888888887,140.95833333333334,1,29,United Kingdom,0.7409624535669359
14231,3,2011-02-24T11:55:00Z,308.95,289.03819444444446,52.482638888888886,1,47,United Kingdom,0.861697220535958
14232,5,2011-03-20T12:44:00Z,693.18,265.00416666666666,55.48350694444444,1,81,United Kingdom,0.9673622565140405
14233,4,2011-01-26T12:43:00Z,100.85000000000001,318.0048611111111,89.3775462962963,1,30,United Kingdom,0.7553533450114387
14235,5,2011-03-24T13:23:00Z,850.3100000000001,260.9770833333333,46.26284722222222,1,65,United Kingdom,0.9241023870825813
14236,2,2010-12-02T18:49:00Z,189.3,372.75069444444443,291.6,1,15,United Kingdom,0.6370695198266934
14237,1,2010-12-01T13:20:00Z,161,373.9791666666667,0,0,9,United Kingdom,0.5656050449161636
14238,1,2011-01-17T14:40:00Z,146.85,326.9236111111111,0,0,8,United Kingdom,0.502915474235727
14239,11,2011-01-27T14:45:00Z,159.60000000000002,316.9201388888889,27.299652777777776,1,83,United Kingdom,0.9793454148248029
14240,2,2011-04-28T11:40:00Z,226.85,226.04861111111111,195.08680555555554,1,37,United Kingdom,0.7424453944781494
14241,1,2011-06-09T11:46:00Z,213.70000000000002,184.04444444444445,0,0,10,United Kingdom,0.372419727655454
14242,2,2011-01-18T08:53:00Z,138.35,326.1645833333333,91.12013888888889,1,13,United Kingdom,0.5671458934642036
14243,10,2010-12-09T08:34:00Z,213.3,366.1777777777778,39.67885802469136,1,99,United Kingdom,0.9925284057716299
14245,2,2011-03-21T10:41:00Z,1005.1,264.08958333333334,43.91597222222222,1,107,United Kingdom,0.9905546758138851
14246,3,2011-04-08T08:25:00Z,449.64,246.18402777777777,67.57118055555556,1,57,United Kingdom,0.8933723149627509
14247,1,2011-03-06T15:21:00Z,136.77,278.8951388888889,0,0,19,United Kingdom,0.5931817370638522
14248,1,2011-01-25T14:45:00Z,302.58,318.9201388888889,0,0,8,United Kingdom,0.48396721898106415
14256,2,2010-12-10T11:44:00Z,523.86,365.04583333333335,104.06458333333333,1,51,United Kingdom,0.9097090304978581
14257,5,2011-01-25T10:49:00Z,620.14,319.0840277777778,63.56336805555556,1,88,United Kingdom,0.9821262208946678
14258,9,2011-01-06T12:18:00Z,3120.22,338.02222222222224,41.01640625,1,58,United Kingdom,0.8665815794970794
14259,1,2011-07-21T10:44:00Z,120,142.0875,0,0,5,United Kingdom,0.28116256929021805
14262,8,2011-04-13T12:23:00Z,240,241.01875,33.15416666666667,1,87,United Kingdom,0.9762515329787655
14264,2,2011-04-08T12:20:00Z,115.7,246.02083333333334,90.91666666666667,1,15,United Kingdom,0.5081061842718176
14265,2,2011-07-14T09:10:00Z,252.05,149.15277777777777,39.18194444444445,1,31,Unspecified,0.6003739305256928
14267,3,2011-03-24T11:38:00Z,418.18,261.05,48.969097222222224,1,25,United Kingdom,0.6311108444988524
14270,1,2011-01-12T09:33:00Z,492.65000000000003,332.13680555555555,0,0,29,United Kingdom,0.7375623595046618
14271,1,2011-04-28T12:47:00Z,112.32000000000001,226.00208333333333,0,0,10,United Kingdom,0.42235576658726937
14272,2,2011-03-30T13:57:00Z,132.09,254.95347222222222,180.84097222222223,1,33,United Kingdom,0.7313365855151571
14273,4,2011-04-11T13:24:00Z,112.8,242.9763888888889,63.665740740740745,1,22,United Kingdom,0.5947005620299829
14276,3,2011-02-23T09:38:00Z,341.2,290.1333333333333,95.50243055555555,1,52,United Kingdom,0.8894661251187872
14277,3,2011-05-11T13:20:00Z,1637.43,212.97916666666666,98.53506944444445,1,195,France,0.9998542072331178
14280,1,2011-05-27T10:37:00Z,134.04,197.0923611111111,0,0,8,United Kingdom,0.3663114211108847
14282,15,2010-12-07T12:21:00Z,571,368.0201388888889,26.014037698412697,1,70,United Kingdom,0.9643269826155929
14285,4,2011-06-16T12:36:00Z,5.9,177.00972222222222,51.697685185185186,1,18,United Kingdom,0.4794732498429603
14286,3,2011-04-11T08:16:00Z,2050.08,243.19027777777777,109.54791666666667,1,220,United Kingdom,0.9999610547744521
14287,3,2011-05-25T11:41:00Z,66,199.04791666666668,95.03611111111111,1,9,United Kingdom,0.38468400900161753
14288,1,2011-05-10T13:22:00Z,426.6,213.9777777777778,0,0,16,United Kingdom,0.4658811579458908
14289,6,2011-02-23T12:33:00Z,322.24,290.01180555555555,56.193194444444444,1,33,United Kingdom,0.7508754305777812
14290,5,2010-12-13T10:24:00Z,777.5600000000001,362.1013888888889,87.53784722222223,1,89,United Kingdom,0.9852744608811992
14291,11,2011-03-09T15:20:00Z,984.88,275.8958333333333,27.379583333333336,1,145,United Kingdom,0.9987486353423177
14292,9,2011-03-02T08:26:00Z,463,283.18333333333334,34.39270833333333,1,64,United Kingdom,0.9337674068649049
14293,4,2010-12-06T10:18:00Z,364.92,369.10555555555555,121.73587962962962,1,51,United Kingdom,0.9144830627951067
14297,4,2011-03-10T08:31:00Z,232.6,275.1798611111111,85.67476851851852,1,48,United Kingdom,0.8631168473268578
14298,44,2010-12-14T12:59:00Z,2594.7599999999998,360.99375,8.18625645994832,1,884,United Kingdom,0.9999999999999998
14299,9,2010-12-09T10:30:00Z,429.24,366.09722222222223,44.654079861111114,1,94,United Kingdom,0.9897705507889736
14301,1,2011-08-14T15:33:00Z,640.14,117.88680555555555,0,0,13,United Kingdom,0.31743517019500805
14304,1,2011-05-01T11:50:00Z,383.45,223.04166666666666,0,0,17,United Kingdom,0.4914843361026647
14305,3,2011-07-27T14:14:00Z,1044.2,135.94166666666666,32.026041666666664,1,96,United Kingdom,0.9711251501032065
14307,6,2010-12-01T11:41:00Z,783.11,374.04791666666665,56.98291666666667,1,150,United Kingdom,0.9994017113640414
14309,9,2010-12-16T13:05:00Z,147.75,358.9895833333333,43.752430555555556,1,74,United Kingdom,0.9728078365161067
14311,1,2011-04-11T10:14:00Z,310.26,243.10833333333332,0,0,20,United Kingdom,0.5567661151371049
14312,6,2011-01-06T16:35:00Z,309.55,337.84375,58.14319444444444,1,74,United Kingdom,0.9690168416907564
14314,1,2011-08-25T10:39:00Z,120,107.09097222222222,0,0,8,United Kingdom,0.2819658815791755
14315,6,2011-03-18T12:59:00Z,530.4,266.99375,44.39263888888889,1,64,United Kingdom,0.9281122507505251
14320,2,2011-01-11T09:12:00Z,352.51,333.1513888888889,126.00833333333334,1,29,United Kingdom,0.7454943929097158
14321,5,2011-01-10T11:35:00Z,326.82,334.0520833333333,80.73125,1,111,United Kingdom,0.9952407444440418
14323,2,2011-04-15T11:44:00Z,299.82,239.04583333333332,123.99513888888889,1,32,United Kingdom,0.6976703893418499
14326,1,2011-04-11T15:04:00Z,183.85,242.90694444444443,0,0,8,United Kingdom,0.4103524339938418
14327,1,2011-06-29T13:58:00Z,311.65000000000003,163.95277777777778,0,0,12,United Kingdom,0.37028264461657034
14329,7,2011-01-14T13:42:00Z,1547.58,329.9638888888889,52.01481481481482,1,218,United Kingdom,0.999974027903449
14331,2,2011-07-27T15:14:00Z,383.65999999999997,135.9,10.91875,1,27,United Kingdom,0.5267555153695864
14332,3,2011-07-15T10:33:00Z,119.04,148.0951388888889,62.528125,1,22,United Kingdom,0.4925647366152248
14334,8,2010-12-16T17:37:00Z,320.15,358.80069444444445,48.81190476190476,1,98,United Kingdom,0.9916493425021701
14335,2,2011-09-04T13:07:00Z,359.25,96.98819444444445,80.02361111111111,1,55,Germany,0.8019567245441522
14336,4,2011-03-08T16:48:00Z,534.42,276.83472222222224,86.59537037037036,1,77,United Kingdom,0.9635483402333079
14338,2,2011-05-27T13:30:00Z,579.97,196.97222222222223,35.02638888888889,1,30,United Kingdom,0.6167939902269765
14339,1,2011-04-11T11:06:00Z,309.52,243.07222222222222,0,0,14,United Kingdom,0.47915291597456305
14340,1,2011-05-05T09:44:00Z,134.7,219.12916666666666,0,0,6,United Kingdom,0.36435563666624127
14341,8,2011-01-25T13:55:00Z,224.48,318.9548611111111,39.01121031746032,1,109,United Kingdom,0.9945168744053808
14342,4,2011-05-13T13:50:00Z,309.6,210.95833333333334,62.99328703703704,1,18,United Kingdom,0.4962342527364088
14344,8,2010-12-06T11:58:00Z,322.8,369.0361111111111,34.43978174603175,1,56,United Kingdom,0.9333958524896699
14346,2,2011-02-15T13:52:00Z,262.44,297.95694444444445,176.82986111111111,1,55,United Kingdom,0.9085270461141262
14348,1,2011-03-24T16:23:00Z,409.57,260.8520833333333,0,0,18,United Kingdom,0.5436277088983734
14350,1,2011-03-10T14:14:00Z,282.93,274.94166666666666,0,0,18,United Kingdom,0.5669678112278013
14351,1,2011-06-28T11:56:00Z,51,165.0375,0,0,1,United Kingdom,0.26334938096239496
14352,4,2011-03-11T14:58:00Z,231.3,273.9111111111111,38.67662037037037,1,44,United Kingdom,0.8359750946060212
14353,1,2011-05-08T16:06:00Z,90.6,215.86388888888888,0,0,6,United Kingdom,0.3637714623592693
14355,1,2010-12-09T12:16:00Z,174.4,366.0236111111111,0,0,11,United Kingdom,0.581696267739269
14360,4,2011-09-06T11:58:00Z,1134.69,95.03611111111111,20.961574074074075,1,104,United Kingdom,0.9765589401296751
14364,8,2011-05-12T12:56:00Z,719.15,211.99583333333334,14.702876984126984,1,61,United Kingdom,0.8922493929715682
14367,16,2011-03-08T14:12:00Z,983.16,276.94305555555553,17.864212962962963,1,270,United Kingdom,0.9999981069665824
14368,1,2011-01-24T09:52:00Z,155,320.12361111111113,0,0,8,United Kingdom,0.49500451195353906
14371,1,2011-02-17T16:35:00Z,100.5,295.84375,0,0,4,United Kingdom,0.42101953925772917
14373,1,2010-12-16T15:40:00Z,76.55,358.88194444444446,0,0,4,United Kingdom,0.49028797646369393
14375,1,2011-06-07T13:44:00Z,257.68,185.9625,0,0,57,United Kingdom,0.8715938678846331
14377,2,2011-03-22T13:38:00Z,314.6,262.96666666666664,70.99583333333334,1,11,United Kingdom,0.4615135617619352
14379,2,2011-02-17T15:03:00Z,110.98,295.90763888888887,251.06944444444446,1,39,United Kingdom,0.8169979832403172
14383,3,2011-06-29T10:18:00Z,242.09,164.10555555555555,62.61631944444444,1,49,United Kingdom,0.8036201536389881
14386,1,2011-02-16T09:45:00Z,142.4,297.12847222222223,0,0,7,United Kingdom,0.45802046547577746
14387,3,2011-08-22T14:13:00Z,440.76,109.94236111111111,38.46388888888889,1,125,United Kingdom,0.9937423789095584
14388,8,2010-12-02T11:02:00Z,312.8,373.075,51.72916666666667,1,124,United Kingdom,0.9979560281253825
14389,2,2011-06-02T12:04:00Z,311.14,191.03194444444443,125.13402777777777,1,33,United Kingdom,0.6630489685124309
14390,9,2010-12-02T11:57:00Z,223.7,373.03680555555553,45.25972222222222,1,135,United Kingdom,0.9988709965985842
14393,1,2011-05-05T18:16:00Z,67.95,218.7736111111111,0,0,5,United Kingdom,0.3560948751783431
14395,9,2010-12-02T18:15:00Z,308.68,372.77430555555554,46.230815972222224,1,181,United Kingdom,0.9998937985406237
14396,2,2010-12-03T15:19:00Z,110.35000000000001,371.8965277777778,306.03472222222223,1,71,United Kingdom,0.9703256421409278
14397,19,2011-05-10T12:25:00Z,165.44,214.01736111111111,11.715162037037038,1,18,United Kingdom,0.5090621787113521
14400,1,2011-07-13T15:50:00Z,574.7,149.875,0,0,25,United Kingdom,0.5033689617933396
14401,13,2010-12-15T09:07:00Z,247.38,360.15486111111113,29.598553240740742,1,113,United Kingdom,0.9962450431959047
14403,4,2011-04-06T14:23:00Z,790.7,247.93541666666667,38.98009259259259,1,17,United Kingdom,0.4916059007983243
14404,6,2010-12-05T16:00:00Z,133.48,369.86805555555554,67.17083333333333,1,70,United Kingdom,0.9683398754112769
14406,1,2011-08-12T16:54:00Z,156.75,119.83055555555555,0,0,8,United Kingdom,0.2912800976286835
14407,6,2011-03-08T11:59:00Z,357.18,277.03541666666666,33.817083333333336,1,67,United Kingdom,0.9428420279133004
14408,7,2011-03-20T14:41:00Z,350.8,264.92291666666665,42.3125,1,60,United Kingdom,0.9159680703031855
14409,6,2010-12-06T15:03:00Z,151.20000000000002,368.90763888888887,59.427083333333336,1,40,United Kingdom,0.8646039599955855
14410,9,2011-02-07T09:36:00Z,137.65,306.1347222222222,26.653819444444444,1,153,United Kingdom,0.9994202863382472
14411,1,2011-02-02T10:56:00Z,1063,311.07916666666665,0,0,14,United Kingdom,0.5031660083714646
14413,1,2010-12-12T13:37:00Z,122.7,362.96736111111113,0,0,22,United Kingdom,0.7112074421551432
14414,7,2010-12-16T11:11:00Z,217.2,359.06875,44.50671296296296,1,79,United Kingdom,0.9785190501749513
14415,13,2010-12-14T13:31:00Z,875.1800000000001,360.9715277777778,29.920543981481483,1,283,United Kingdom,0.9999993493220174
14418,3,2011-08-23T17:18:00Z,150.44,108.81388888888888,52.38229166666667,1,114,United Kingdom,0.9897307783491415
14419,6,2010-12-10T10:56:00Z,124.1,365.07916666666665,70.80361111111111,1,112,United Kingdom,0.9962524236699751
14420,1,2011-09-01T18:07:00Z,387.52,99.77986111111112,0,0,29,United Kingdom,0.5133175625026352
14421,2,2011-05-12T10:49:00Z,455.18,212.08402777777778,154.10763888888889,1,25,United Kingdom,0.5780661927292118
14422,6,2011-03-17T17:26:00Z,401.31,267.80833333333334,53.35,1,189,United Kingdom,0.9998867403317757
14423,1,2011-05-05T15:12:00Z,265.2,218.9013888888889,0,0,3,United Kingdom,0.3213224359767302
14426,10,2011-01-31T09:51:00Z,568.82,313.12430555555557,32.12299382716049,1,183,United Kingdom,0.9998671994224961
14428,5,2011-01-18T16:39:00Z,203.55,325.8409722222222,79.46493055555555,1,108,United Kingdom,0.9944259980560997
14431,1,2011-02-10T10:40:00Z,470.36,303.09027777777777,0,0,17,United Kingdom,0.572042792380587
14436,1,2011-09-02T10:13:00Z,89.06,99.10902777777778,0,0,9,United Kingdom,0.28715034711421616
14437,1,2010-12-09T09:27:00Z,63,366.1409722222222,0,0,5,United Kingdom,0.5120297610862371
14438,1,2011-02-06T14:56:00Z,131.9,306.9125,0,0,9,United Kingdom,0.4951836839596599
14439,1,2011-01-24T11:39:00Z,2661.24,320.0493055555556,0,0,32,Greece,0.637450864698151
14440,5,2010-12-09T12:49:00Z,656.7,366.00069444444443,89.28003472222223,1,33,United Kingdom,0.7932452840118883
14441,4,2011-03-29T12:01:00Z,356.84000000000003,256.0340277777778,84.95972222222223,1,43,United Kingdom,0.8124468346980013
14442,2,2011-01-27T09:33:00Z,675.58,317.13680555555555,112.08541666666666,1,58,Channel Islands,0.9187655726269244
14443,4,2010-12-06T11:03:00Z,303.5,369.07430555555555,104.98773148148149,1,84,United Kingdom,0.9836830016732471
14446,4,2011-04-07T12:10:00Z,303.04,247.02777777777777,81.99166666666666,1,233,United Kingdom,0.9999877015058876
14447,5,2011-03-04T10:49:00Z,265,281.0840277777778,65.47552083333333,1,54,United Kingdom,0.897523177064831
14448,2,2010-12-10T17:26:00Z,102.35,364.80833333333334,354.85,1,20,United Kingdom,0.6922736258437742
14449,4,2010-12-02T14:09:00Z,210.24,372.9451388888889,117.97152777777778,1,201,United Kingdom,0.9999633916954044
14450,3,2011-01-23T11:53:00Z,161.03,321.0395833333333,69.97673611111111,1,32,United Kingdom,0.7735543457455333
14451,2,2011-05-29T12:35:00Z,360,195.01041666666666,134.04375,1,86,United Kingdom,0.9687218708796764
14452,2,2011-09-07T11:32:00Z,127.37,94.05416666666666,83.02361111111111,1,55,United Kingdom,0.8095429698476636
14453,1,2011-06-02T14:15:00Z,119.93,190.94097222222223,0,0,22,United Kingdom,0.5388855614269519
14456,9,2011-07-20T13:06:00Z,116.13000000000001,142.98888888888888,17.129600694444445,1,580,United Kingdom,0.9999999999997246
14457,1,2011-02-02T09:39:00Z,113.64,311.1326388888889,0,0,4,United Kingdom,0.43640995322348486
14459,1,2011-07-07T13:35:00Z,1837.92,155.96875,0,0,37,United Kingdom,0.5816503230075445
14460,3,2011-02-02T11:55:00Z,30,311.03819444444446,100.05,1,14,United Kingdom,0.5708023439406814
14461,3,2011-03-23T12:15:00Z,776.23,262.02430555555554,56.602777777777774,1,173,United Kingdom,0.9997057970869667
14462,11,2011-01-04T12:45:00Z,109.3,340.00347222222223,27.313194444444445,1,150,United Kingdom,0.9994194860780782
14463,3,2011-05-18T14:42:00Z,115.92,205.92222222222222,53.513194444444444,1,6,United Kingdom,0.35232507132999075
14465,3,2011-02-10T12:13:00Z,597.3,303.02569444444447,28.008680555555557,1,107,United Kingdom,0.9928200221073986
14466,7,2010-12-02T13:36:00Z,379.75,372.96805555555557,57.17025462962963,1,35,United Kingdom,0.82516707705207
14467,4,2011-01-31T12:35:00Z,131.7,313.0104166666667,98.33634259259259,1,67,United Kingdom,0.9534084816025953
14470,2,2011-02-25T11:56:00Z,297.64,288.0375,275.94097222222223,1,43,United Kingdom,0.8348532262129408
14472,8,2010-12-19T14:03:00Z,279.88,355.94930555555555,35.981944444444444,1,153,United Kingdom,0.9995150202794746
14473,2,2011-03-02T13:56:00Z,85,282.95416666666665,208.05138888888888,1,7,United Kingdom,0.446544321990619
14475,3,2011-02-08T10:12:00Z,306.55,305.1097222222222,116.51180555555555,1,35,United Kingdom,0.7818965480740778
14476,1,2011-03-27T15:39:00Z,215.7,257.8826388888889,0,0,17,United Kingdom,0.5402437196981348
14477,4,2011-02-15T15:44:00Z,165,297.87916666666666,92.60347222222221,1,7,United Kingdom,0.4573481118685754
14479,2,2010-12-09T12:59:00Z,174.4,365.99375,111.83888888888889,1,18,United Kingdom,0.6666461106722628
14481,2,2011-02-25T13:53:00Z,302.86,287.95625,122.86458333333333,1,25,United Kingdom,0.6646580718711995
14482,6,2011-04-14T16:41:00Z,238.1,239.83958333333334,44.17125,1,110,United Kingdom,0.9926506073135202
14483,1,2011-03-03T10:26:00Z,137.1,282.1,0,0,9,United Kingdom,0.4679795114488173
14487,6,2010-12-06T13:22:00Z,125.10000000000001,368.97777777777776,68.39097222222222,1,112,United Kingdom,0.9963140596426195
14489,1,2011-05-16T14:51:00Z,463.38,207.91597222222222,0,0,30,United Kingdom,0.6351095108998857
14491,2,2010-12-02T12:10:00Z,127.2,373.02777777777777,197.13333333333333,1,17,United Kingdom,0.6646532274554448
14493,5,2011-07-07T16:59:00Z,611.22,155.82708333333332,36.9921875,1,95,United Kingdom,0.9750128494646907
14495,2,2011-08-10T14:13:00Z,40.599999999999994,121.94236111111111,70.92708333333333,1,6,United Kingdom,0.2782415003044658
14496,2,2010-12-01T15:35:00Z,304.34000000000003,373.8854166666667,61.72638888888889,1,16,United Kingdom,0.6431694491231957
14497,1,2011-02-03T17:01:00Z,475.37,309.8256944444444,0,0,29,United Kingdom,0.7193274355090863
14498,5,2010-12-13T11:29:00Z,166.22,362.05625,79.75694444444444,1,162,United Kingdom,0.99971269786033
14499,3,2011-03-06T11:55:00Z,126.02000000000001,279.03819444444446,126.02291666666666,1,146,United Kingdom,0.9990654370915816
14500,3,2011-06-03T10:08:00Z,284.85,190.1125,50.63784722222222,1,6,United Kingdom,0.32695454548078895
14501,2,2011-01-24T10:43:00Z,66.93,320.08819444444447,136.0548611111111,1,9,United Kingdom,0.5137536622868141
14502,11,2011-01-30T15:52:00Z,155.21,313.87361111111113,29.383194444444445,1,368,United Kingdom,0.9999999920033016
14503,6,2011-06-14T10:00:00Z,597.07,179.11805555555554,35.02916666666667,1,113,United Kingdom,0.9910171316089836
14504,4,2011-03-06T14:38:00Z,147.23,278.925,77.01898148148148,1,85,United Kingdom,0.9781456088080919
14505,8,2010-12-12T16:14:00Z,1050.3500000000001,362.85833333333335,49.2828373015873,1,540,United Kingdom,0.9999999999989164
14506,5,2010-12-05T14:25:00Z,269.7,369.93402777777777,87.98559027777777,1,204,United Kingdom,0.9999677579572819
14507,6,2011-03-08T17:23:00Z,339.36,276.81041666666664,50.558055555555555,1,79,United Kingdom,0.9686246099596473
14508,2,2011-09-11T11:29:00Z,137.56,90.05625,67.34652777777778,1,52,United Kingdom,0.7809570162506372
14511,5,2011-07-29T12:13:00Z,138.16,134.02569444444444,30.550694444444446,1,53,United Kingdom,0.8196122760481324
14512,2,2011-04-21T19:05:00Z,126.32,232.73958333333334,44.731944444444444,1,19,United Kingdom,0.544804980095431
14513,3,2011-02-24T09:36:00Z,18.75,289.1347222222222,94.03784722222223,1,11,United Kingdom,0.5093317278246655
14514,3,2011-01-12T15:22:00Z,255.25,331.89444444444445,135.01493055555557,1,65,United Kingdom,0.950924796186899
14515,6,2011-05-05T12:13:00Z,425.4,219.02569444444444,40.195,1,68,United Kingdom,0.9299153463413552
14517,2,2011-07-21T11:42:00Z,252.45,142.04722222222222,108.10972222222222,1,17,United Kingdom,0.41319129532642057
14520,2,2011-02-22T09:15:00Z,165,291.14930555555554,289.0215277777778,1,3,United Kingdom,0.3994170552718265
14522,4,2011-05-25T16:01:00Z,278.63,198.8673611111111,57.9636574074074,1,15,United Kingdom,0.4464331003334546
14523,1,2011-08-23T13:13:00Z,241.09,108.98402777777778,0,0,12,United Kingdom,0.3206475704614322
14524,9,2010-12-14T11:01:00Z,275.45,361.0756944444444,41.13263888888889,1,161,United Kingdom,0.9996872164587043
14525,9,2010-12-13T17:40:00Z,462.3,361.7986111111111,42.71848958333333,1,217,United Kingdom,0.9999821065001585
14527,55,2010-12-05T13:17:00Z,292.95,369.98125,6.795550411522634,1,330,United Kingdom,0.9999999532410275
14529,3,2011-08-21T14:10:00Z,135.24,110.94444444444444,25.026736111111113,1,177,United Kingdom,0.9996113825306505
14530,6,2011-02-16T10:47:00Z,698.26,297.0854166666667,54.19875,1,140,United Kingdom,0.9986281452695429
14532,4,2010-12-22T13:48:00Z,222.6,352.95972222222224,38.65671296296296,1,45,United Kingdom,0.8834644395315919
14533,7,2010-12-22T11:07:00Z,433.5,353.07152777777776,54.67337962962963,1,53,United Kingdom,0.9157412090769347
14534,18,2011-01-25T12:33:00Z,355.12,319.01180555555555,18.58766339869281,1,331,United Kingdom,0.9999999437073618
14535,3,2011-04-05T12:50:00Z,853.97,249,94.05868055555555,1,280,United Kingdom,0.9999987711528919
14536,1,2011-03-25T12:21:00Z,171.8,260.0201388888889,0,0,18,United Kingdom,0.5582596287566481
14538,2,2011-03-28T14:57:00Z,106.5,256.91180555555553,191.81527777777777,1,19,United Kingdom,0.5719410849006376
14540,3,2011-02-03T15:02:00Z,195.9,309.90833333333336,149.90034722222222,1,64,United Kingdom,0.94440513901665335
14541,8,2011-01-24T14:16:00Z,163.04,319.9402777777778,37.26111111111111,1,71,United Kingdom,0.9626045010257778
14542,1,2011-06-07T08:19:00Z,103.25,186.18819444444443,0,0,5,United Kingdom,0.32234770114798855
14543,16,2010-12-10T11:51:00Z,254.4,365.0409722222222,22.4025,1,43,United Kingdom,0.8771614934310197
14544,2,2010-12-13T12:50:00Z,1121.92,362,337.09444444444443,1,97,United Kingdom,0.9893065679109564
14546,5,2011-04-05T12:37:00Z,561.29,249.0090277777778,60.753993055555554,1,250,United Kingdom,0.9999945999860439
14548,2,2011-01-26T08:38:00Z,326.4,318.175,167.15347222222223,1,2,United Kingdom,0.4048745745603401
14549,1,2011-02-01T13:47:00Z,289.24,311.9604166666667,0,0,56,United Kingdom,0.9169313889792184
14551,2,2011-05-19T18:21:00Z,125.43,204.77013888888888,185.80208333333334,1,9,United Kingdom,0.3868482316566119
14552,1,2011-07-11T12:49:00Z,165.07,152.00069444444443,0,0,57,United Kingdom,0.8572048037886697
14553,5,2011-01-04T15:40:00Z,201.94,339.88194444444446,79.97569444444444,1,103,United Kingdom,0.9932119114940159
14555,2,2011-02-10T17:19:00Z,197.94,302.81319444444443,244.96180555555554,1,18,United Kingdom,0.6017612143030076
14560,22,2010-12-17T09:22:00Z,408.17,358.14444444444445,16.678571428571427,1,39,United Kingdom,0.8439137879882185
14561,3,2011-06-08T13:26:00Z,222.07,184.975,54.48368055555556,1,67,United Kingdom,0.9197862197503076
14562,18,2011-02-08T14:45:00Z,262.85,304.9201388888889,17.6968954248366,1,187,United Kingdom,0.9998968663531955
14565,4,2010-12-13T13:25:00Z,1167.41,361.97569444444446,88.60694444444444,1,111,United Kingdom,0.9947389519842543
14566,1,2011-08-21T11:05:00Z,1432,111.07291666666667,0,0,4,Channel Islands,0.18672727374637826
14567,2,2011-08-01T13:48:00Z,800.76,130.9597222222222,73.85625,1,33,United Kingdom,0.5712946096923891
14570,2,2011-03-04T10:39:00Z,167.91,281.0909722222222,0.013194444444444444,1,29,United Kingdom,0.7104652225302512
14572,7,2011-01-19T17:23:00Z,335.63,324.81041666666664,53.48113425925926,1,190,United Kingdom,0.9999174649142333
14573,9,2010-12-02T19:59:00Z,413.1,372.70208333333335,24.07951388888889,1,127,United Kingdom,0.9982005735787901
14576,1,2010-12-02T17:51:00Z,35.400000000000006,372.7909722222222,0,0,1,United Kingdom,0.4691825560647958
14577,4,2010-12-12T11:26:00Z,346.90000000000003,363.05833333333334,116.68541666666665,1,86,United Kingdom,0.984713636408307
14583,5,2011-05-18T11:28:00Z,174.51,206.05694444444444,50.01111111111111,1,243,United Kingdom,0.99999155093787
14584,4,2011-05-25T17:31:00Z,220.38,198.8048611111111,9.681018518518519,1,68,United Kingdom,0.9276941272009414
14586,1,2011-03-08T10:04:00Z,237.35999999999999,277.1152777777778,0,0,19,United Kingdom,0.5848864993484852
14587,9,2011-01-12T13:16:00Z,220.85,331.9819444444444,39.116145833333334,1,170,United Kingdom,0.999780775109231
14589,1,2010-12-03T11:42:00Z,39.75,372.0472222222222,0,0,3,United Kingdom,0.49401049481607157
14591,4,2011-05-10T14:09:00Z,250.22,213.9451388888889,65.99722222222222,1,138,United Kingdom,0.998061740212277
14593,3,2011-05-25T11:14:00Z,219.76999999999998,199.06666666666666,88.53263888888888,1,127,United Kingdom,0.9963754834833694
14594,2,2010-12-01T13:54:00Z,255,373.9555555555556,365.9819444444444,1,48,United Kingdom,0.905845351202671
14595,6,2011-01-30T13:36:00Z,163.8,313.96805555555557,58.788333333333334,1,94,United Kingdom,0.9880636658813977
14597,2,2011-06-01T12:33:00Z,165.1,192.01180555555555,180.02777777777777,1,45,United Kingdom,0.7929420641762509
14600,1,2011-02-07T09:48:00Z,393.33,306.12638888888887,0,0,25,United Kingdom,0.6767888815855634
14603,1,2011-03-10T10:27:00Z,660,275.09930555555553,0,0,2,United Kingdom,0.3407230418635387
14606,93,2010-12-01T16:57:00Z,198.32,373.8284722222222,4.0446180555555555,1,819,United Kingdom,0.9999999999999998
14607,14,2011-03-23T15:22:00Z,495,261.89444444444445,18.907745726495726,1,38,United Kingdom,0.7676946655708711
14608,4,2010-12-12T14:49:00Z,204,362.9173611111111,119.36180555555556,1,8,United Kingdom,0.5380995205773653
14609,4,2011-02-16T12:10:00Z,144,297.02777777777777,74.67685185185185,1,2,United Kingdom,0.39441866189348923
14616,3,2011-01-26T12:42:00Z,237.6,318.00555555555553,37.44166666666667,1,2,United Kingdom,0.4103562475122203
14618,3,2011-01-06T11:59:00Z,211.8,338.03541666666666,164.03680555555556,1,10,United Kingdom,0.5365735722322581
14619,1,2011-04-08T07:37:00Z,394.44,246.2173611111111,0,0,20,United Kingdom,0.5546100032737371
14620,2,2011-03-01T08:30:00Z,235.35,284.18055555555554,78.14444444444445,1,26,United Kingdom,0.6764454541329123
14621,5,2010-12-16T13:00:00Z,305.7,358.99305555555554,89.28506944444445,1,80,United Kingdom,0.979104575129547
14622,1,2011-06-08T12:42:00Z,320.58000000000004,185.00555555555556,0,0,21,United Kingdom,0.5063085134630292
14623,5,2011-04-18T13:54:00Z,192.68,235.95555555555555,50.750347222222224,1,108,United Kingdom,0.9918136047506995
14625,2,2010-12-13T15:36:00Z,585.53,361.8847222222222,164.99722222222223,1,51,United Kingdom,0.9072154777306115
14626,4,2011-04-20T13:18:00Z,586.9,233.98055555555555,69.96273148148148,1,108,United Kingdom,0.9908467345236137
14628,2,2011-04-11T14:43:00Z,331.58000000000004,242.92152777777778,151.01041666666666,1,22,United Kingdom,0.5806522414447955
14631,3,2011-02-14T09:31:00Z,309.5,299.1381944444444,124.03680555555556,1,38,United Kingdom,0.8031082747972509
14632,1,2011-03-22T08:49:00Z,114.56,263.1673611111111,0,0,8,United Kingdom,0.4362622730747201
14633,1,2011-03-18T17:07:00Z,344.90000000000003,266.82152777777776,0,0,20,United Kingdom,0.5797522235666425
14636,2,2011-03-16T09:52:00Z,300.19,269.12361111111113,232.26388888888889,1,27,United Kingdom,0.6697346111495395
14639,6,2010-12-13T13:50:00Z,676.54,361.9583333333333,61.81055555555556,1,138,United Kingdom,0.9988576029532424
14640,6,2011-04-26T12:31:00Z,413.45,228.01319444444445,40.605000000000004,1,87,United Kingdom,0.973763446420183
14643,2,2010-12-16T17:53:00Z,357.94,358.7895833333333,187.86666666666667,1,30,United Kingdom,0.774938956975903
14644,2,2011-02-14T14:14:00Z,187.50000000000003,298.94166666666666,230.76111111111112,1,26,United Kingdom,0.6929902553583561
14645,2,2011-03-09T09:52:00Z,240.1,276.12361111111113,118.97430555555556,1,28,United Kingdom,0.6910699329050681
14646,73,2010-12-20T10:09:00Z,70.96,355.1118055555556,4.903964120370371,1,700,Netherlands,0.9999999999999998
14647,1,2011-05-22T13:40:00Z,243.22,201.96527777777777,0,0,24,United Kingdom,0.5683135677210647
14649,4,2011-05-11T14:37:00Z,401.77,212.92569444444445,69.30393518518518,1,148,United Kingdom,0.998793482060309
14651,2,2011-05-12T16:29:00Z,416.32,211.84791666666666,143.97430555555556,1,95,United Kingdom,0.9812660781197012
14653,7,2011-01-05T13:40:00Z,344.81,338.96527777777777,56.167245370370374,1,154,United Kingdom,0.999495801999846
14655,4,2011-05-01T14:59:00Z,810.5600000000001,222.91041666666666,71.3539351851852,1,35,United Kingdom,0.6872313275902315
14656,2,2011-03-01T13:19:00Z,133.11,283.9798611111111,114.02222222222223,1,73,United Kingdom,0.9609793408017402
14657,4,2011-01-17T15:19:00Z,416.08,326.8965277777778,102.96481481481482,1,103,United Kingdom,0.9924072162213993
14658,2,2011-08-14T15:42:00Z,123.14,117.88055555555556,111.99513888888889,1,27,United Kingdom,0.5244124619263407
14659,9,2011-01-28T12:43:00Z,593.17,316.0048611111111,38.37274305555555,1,147,United Kingdom,0.9991449182132579
14660,2,2011-08-31T10:40:00Z,128.95,101.09027777777777,14.0375,1,24,United Kingdom,0.46695030167087154
14662,4,2011-01-27T17:41:00Z,101.05,316.79791666666665,95.92407407407408,1,143,United Kingdom,0.9990789737311752
14665,5,2011-02-02T09:08:00Z,394.40000000000003,311.15416666666664,62.501041666666666,1,63,United Kingdom,0.9389779977967826
14667,25,2010-12-06T13:13:00Z,511.56,368.9840277777778,14.913686342592593,1,354,United Kingdom,0.9999999856903117
14669,3,2011-01-11T12:30:00Z,426.9,333.0138888888889,45.48368055555556,1,158,United Kingdom,0.9995704060114446
14670,2,2011-03-04T13:58:00Z,99.59,280.9527777777778,0.010416666666666666,1,107,United Kingdom,0.9930695539878538
14672,2,2011-01-07T15:48:00Z,285.28000000000003,336.87638888888887,101.77152777777778,1,58,United Kingdom,0.9317775173911628
14673,5,2010-12-07T12:49:00Z,373.49,368.00069444444443,91.01770833333333,1,39,United Kingdom,0.8506291868216216
14676,6,2011-03-01T14:26:00Z,556.32,283.93333333333334,50.39208333333333,1,29,United Kingdom,0.6915679758448817
14680,16,2010-12-03T12:05:00Z,1680.8799999999999,372.03125,23.080277777777777,1,73,United Kingdom,0.9599696948606604
14681,3,2011-05-12T10:45:00Z,393.95,212.08680555555554,70.10659722222222,1,6,United Kingdom,0.3417563047339462
14682,2,2011-05-22T12:51:00Z,20.8,201.99930555555557,13.972916666666666,1,1,United Kingdom,0.29726682796980847
14684,5,2010-12-12T12:44:00Z,168.35999999999999,363.00416666666666,84.2376736111111,1,231,United Kingdom,0.9999920374277936
14687,1,2011-08-25T11:59:00Z,628.38,107.03541666666666,0,0,15,United Kingdom,0.33054862113617745
14688,21,2010-12-01T09:37:00Z,444.98,374.13402777777776,18.305868055555557,1,148,United Kingdom,0.9993931450168337
14689,1,2011-05-15T11:22:00Z,112.8,209.0611111111111,0,0,13,United Kingdom,0.442516944456212
14690,2,2011-07-11T11:58:00Z,216.71,152.0361111111111,107.15347222222222,1,40,United Kingdom,0.7101558546144697
14691,5,2011-05-11T09:55:00Z,439.6,213.12152777777777,45.52690972222222,1,50,United Kingdom,0.8349970202468743
14692,4,2011-01-21T13:47:00Z,259.6,322.9604166666667,61.68541666666667,1,53,United Kingdom,0.9089711901927998
14693,1,2011-03-20T12:50:00Z,172.9,265,0,0,8,United Kingdom,0.43443117859294905
14696,7,2010-12-01T15:37:00Z,294.62,373.88402777777776,61.486805555555556,1,117,United Kingdom,0.9970870680198632
14697,2,2011-05-05T15:29:00Z,89.4,218.88958333333332,0.006944444444444444,1,22,United Kingdom,0.5708049745254341
14699,1,2011-05-09T14:54:00Z,109.13000000000001,214.9138888888889,0,0,8,United Kingdom,0.3859894579971972
14700,3,2011-04-15T13:16:00Z,721.5500000000001,238.98194444444445,103.02916666666667,1,80,United Kingdom,0.9614627067543929
14701,9,2011-01-27T12:40:00Z,396.45,317.00694444444446,38.24982638888889,1,268,United Kingdom,0.9999984880458206
14702,17,2010-12-09T19:23:00Z,318.7,365.7270833333333,22.750260416666666,1,196,United Kingdom,0.9999496098105575
14704,9,2011-06-12T13:59:00Z,110.12,180.95208333333332,21.119097222222223,1,288,United Kingdom,0.9999991045841762
14705,1,2011-05-25T12:39:00Z,179,199.0076388888889,0,0,1,United Kingdom,0.28596215708050865
14708,3,2010-12-06T12:23:00Z,419.06,369.01875,182.91597222222222,1,25,United Kingdom,0.7320494522448621
14709,13,2010-12-16T13:43:00Z,314.1,358.96319444444447,28.590162037037036,1,71,United Kingdom,0.9669931763915214
14711,11,2011-03-22T13:32:00Z,200.52,262.97083333333336,25.205972222222222,1,221,United Kingdom,0.9999791718258092
14712,3,2011-08-19T13:33:00Z,115.72,112.97013888888888,41.488194444444446,1,21,United Kingdom,0.44197878894724707
14713,11,2010-12-09T18:58:00Z,298.95,365.74444444444447,35.589444444444446,1,146,United Kingdom,0.9993282324022688
14715,4,2011-01-12T13:27:00Z,137.95,331.97430555555553,102.31550925925926,1,60,United Kingdom,0.9391054348729375
14716,2,2011-07-14T12:42:00Z,188.56,149.00555555555556,105.19930555555555,1,46,United Kingdom,0.7688713809905574
14719,5,2011-04-04T14:17:00Z,223.46,249.93958333333333,61.98368055555556,1,177,United Kingdom,0.9997822849654426
14720,3,2011-08-05T12:06:00Z,155.8,127.03055555555555,60.49861111111111,1,34,United Kingdom,0.6206333783528764
14722,1,2011-07-15T14:58:00Z,187.92,147.9111111111111,0,0,28,United Kingdom,0.5653250034034737
14723,6,2010-12-03T14:18:00Z,149.8,371.93888888888887,72.20902777777778,1,193,United Kingdom,0.9999451811838105
14727,1,2011-03-10T14:45:00Z,268.58,274.9201388888889,0,0,10,United Kingdom,0.464514859863737
14729,1,2010-12-01T12:43:00Z,313.49,374.0048611111111,0,0,69,United Kingdom,0.9657440075153926
14730,8,2011-03-08T12:49:00Z,277.17,277.00069444444443,39.29662698412699,1,317,United Kingdom,0.9999998631217001
14731,3,2011-05-11T13:06:00Z,127.66,212.98888888888888,82.55833333333334,1,38,United Kingdom,0.7465267815217488
14732,8,2011-01-04T14:40:00Z,203.1,339.9236111111111,47.28511904761905,1,105,United Kingdom,0.9938765676540201
14733,12,2010-12-07T11:30:00Z,1830.02,368.05555555555554,31.924810606060603,1,102,United Kingdom,0.9903045277107706
14735,32,2010-12-16T16:05:00Z,252.20000000000002,358.8645833333333,11.446326164874552,1,99,United Kingdom,0.9922105176278058
14737,3,2010-12-21T13:49:00Z,434,353.9590277777778,174.92604166666666,1,15,United Kingdom,0.602664331548843
14738,7,2011-01-27T14:10:00Z,204.77,316.94444444444446,45.630324074074075,1,39,United Kingdom,0.8267301890141836
14739,7,2010-12-07T14:58:00Z,713.88,367.9111111111111,60.51342592592593,1,47,United Kingdom,0.8874226713864874
14740,3,2011-03-01T08:35:00Z,521.1,284.1770833333333,43.202083333333334,1,85,United Kingdom,0.976462955659578
14741,6,2010-12-02T08:43:00Z,184.5,373.1715277777778,72.20069444444445,1,35,United Kingdom,0.8326003661121385
14744,7,2010-12-08T10:21:00Z,225,367.1034722222222,58.35069444444445,1,21,United Kingdom,0.6985230426821984
14745,5,2011-02-27T15:25:00Z,240.60000000000002,285.8923611111111,43.19444444444444,1,46,United Kingdom,0.8559354206651759
14747,1,2011-04-04T14:09:00Z,328.2,249.9451388888889,0,0,18,United Kingdom,0.537212317381671
14748,5,2010-12-06T10:19:00Z,412.22,369.1048611111111,84.83576388888889,1,87,United Kingdom,0.9856038820716561
14754,2,2011-02-17T12:21:00Z,228.27,296.0201388888889,250.98611111111111,1,38,United Kingdom,0.8043568416759405
14755,11,2011-01-09T14:02:00Z,488.46,334.95,32.48902777777778,1,128,United Kingdom,0.99794777229992
14758,4,2011-03-25T12:10:00Z,654.75,260.02777777777777,38.28032407407407,1,54,United Kingdom,0.8782336502212112
14759,3,2011-04-21T10:55:00Z,572.25,233.07986111111111,114.02361111111111,1,92,United Kingdom,0.9792386237931646
14760,1,2011-02-15T16:27:00Z,89.2,297.84930555555553,0,0,5,United Kingdom,0.43659619365938246
14761,2,2011-01-09T12:03:00Z,97.5,335.03263888888887,276.0048611111111,1,11,United Kingdom,0.5536970541752472
14762,1,2011-03-21T08:20:00Z,300.52,264.1875,0,0,21,United Kingdom,0.5924168244535589
14765,3,2011-06-16T19:49:00Z,80.5,176.70902777777778,73.50138888888888,1,38,United Kingdom,0.7181419504886123
14766,6,2010-12-08T15:33:00Z,180.4,366.88680555555555,71.60444444444445,1,111,United Kingdom,0.9960258086806454
14768,2,2011-08-04T13:25:00Z,133.20000000000002,127.97569444444444,109.97847222222222,1,4,United Kingdom,0.2582060383360003
14769,8,2010-12-17T11:40:00Z,347.01,358.0486111111111,50.70674603174603,1,718,United Kingdom,0.9999999999999998
14770,2,2011-01-20T15:00:00Z,278.6,323.90972222222223,90.97291666666666,1,49,United Kingdom,0.8901777566723234
14772,1,2011-08-19T15:04:00Z,139.26,112.90694444444445,0,0,9,United Kingdom,0.2967821884225526
14775,3,2010-12-02T16:38:00Z,406.56,372.84166666666664,156.9753472222222,1,57,United Kingdom,0.9362182879210285
14776,11,2011-01-31T13:17:00Z,558.36,312.98125,26.109513888888888,1,44,United Kingdom,0.8470590675560516
14778,2,2011-02-04T11:43:00Z,334.05,309.0465277777778,181.15277777777777,1,34,United Kingdom,0.7746313045251878
14779,3,2011-01-20T12:04:00Z,262.55,324.03194444444443,21.513194444444444,1,40,United Kingdom,0.8361750743323565
14782,1,2011-01-24T11:12:00Z,200.10000000000002,320.06805555555553,0,0,6,United Kingdom,0.46606031984994745
14784,2,2011-01-20T09:25:00Z,114.68,324.1423611111111,297.1701388888889,1,15,United Kingdom,0.5918293745958929
14790,4,2011-03-31T11:49:00Z,152.16,254.04236111111112,78.96736111111112,1,30,United Kingdom,0.6977073384389132
14794,7,2011-01-09T16:11:00Z,179.1,334.86041666666665,55.291666666666664,1,68,United Kingdom,0.9590191096728679
14795,1,2011-06-26T13:04:00Z,131.45000000000002,166.99027777777778,0,0,6,United Kingdom,0.31393360071066906
14796,17,2010-12-08T10:40:00Z,671.21,367.09027777777777,22.825130208333334,1,403,United Kingdom,0.9999999988180307
14798,3,2011-02-02T15:26:00Z,75.68,310.89166666666665,128.90694444444443,1,11,United Kingdom,0.5291349806638561
14800,12,2010-12-05T11:10:00Z,555.84,370.06944444444446,29.278787878787877,1,246,United Kingdom,0.9999960741943206
14803,3,2011-02-20T13:21:00Z,542.15,292.9784722222222,65.01284722222222,1,35,United Kingdom,0.7616876511426104
14805,4,2011-01-30T10:43:00Z,109.25,314.08819444444447,99.41134259259259,1,30,United Kingdom,0.7517870292064989
14808,8,2011-06-20T12:53:00Z,679.62,172.99791666666667,18.996825396825397,1,176,United Kingdom,0.9996389281344285
14810,11,2010-12-05T12:08:00Z,180.44,370.02916666666664,32.89659722222222,1,106,United Kingdom,0.9949231178207767
14813,2,2010-12-05T11:54:00Z,127.98,370.0388888888889,0.0020833333333333333,1,25,United Kingdom,0.747683368355562
14816,1,2011-05-26T13:16:00Z,271.85,197.98194444444445,0,0,4,United Kingdom,0.3125403562568224
14817,2,2011-03-07T13:51:00Z,580.79,277.9576388888889,76.9888888888889,1,52,United Kingdom,0.8775310664961119
14818,3,2011-03-31T12:28:00Z,118.25,254.01527777777778,89.96979166666667,1,41,United Kingdom,0.8047674709141244
14819,2,2011-05-31T13:50:00Z,84.72,192.95833333333334,127.99375,1,13,United Kingdom,0.4271754255649043
14820,4,2011-06-19T14:56:00Z,139.77,173.9125,50.677083333333336,1,24,United Kingdom,0.5450286945755732
14821,1,2010-12-08T08:43:00Z,48.800000000000004,367.1715277777778,0,0,2,United Kingdom,0.4751665567971108
14823,3,2011-05-29T12:48:00Z,68.65,195.0013888888889,7.008333333333334,1,56,United Kingdom,0.875697196486308
14824,4,2011-09-09T14:12:00Z,441.91,91.94305555555556,27.001851851851853,1,19,United Kingdom,0.3741935626155117
14825,12,2010-12-06T12:30:00Z,184.10000000000002,369.0138888888889,33.17853535353535,1,82,United Kingdom,0.982476031561032
14828,3,2011-01-07T09:50:00Z,582,337.125,70.00902777777777,1,17,United Kingdom,0.6006907923769548
14829,4,2010-12-02T16:12:00Z,236.97,372.8597222222222,114.33425925925927,1,39,United Kingdom,0.8577407836773814
14834,6,2011-04-13T15:00:00Z,243.69,240.90972222222223,44.5625,1,43,United Kingdom,0.806940750319102
14837,4,2011-05-22T12:49:00Z,492.26,202.00069444444443,37.30763888888889,1,96,United Kingdom,0.9810659009769046
14840,1,2011-03-17T12:00:00Z,62.85,268.03472222222223,0,0,4,United Kingdom,0.39430100294274434
14841,6,2010-12-16T10:28:00Z,395.16,359.0986111111111,61.03819444444444,1,103,United Kingdom,0.9934265847668011
14842,4,2011-02-04T15:32:00Z,310,308.8875,88.29282407407408,1,128,United Kingdom,0.9978081936847142
14844,4,2011-04-12T13:10:00Z,874.55,241.98611111111111,59.29884259259259,1,87,United Kingdom,0.9721566202538477
14847,1,2011-07-14T10:52:00Z,309.4,149.08194444444445,0,0,13,United Kingdom,0.36749246105174155
14849,25,2010-12-01T12:22:00Z,295.54,374.01944444444445,14.66423611111111,1,159,United Kingdom,0.9996701965641392
14850,1,2011-02-01T11:21:00Z,325.75,312.06180555555557,0,0,21,United Kingdom,0.6399049500948716
14851,2,2011-03-28T14:59:00Z,206.13,256.91041666666666,232.97291666666666,1,28,United Kingdom,0.6749716830951399
14852,6,2011-04-01T13:22:00Z,490.4,252.9777777777778,38.79972222222222,1,96,United Kingdom,0.9847719180384611
14853,2,2011-05-12T15:17:00Z,214.5,211.89791666666667,187.06875,1,8,United Kingdom,0.3763444410984942
14854,7,2011-03-10T12:22:00Z,462.28,275.01944444444445,32.69884259259259,1,110,United Kingdom,0.9933016882725008
14855,2,2011-07-28T12:06:00Z,306.35,135.03055555555557,15.080555555555556,1,13,United Kingdom,0.35362806219599147
14857,2,2011-07-14T15:03:00Z,522.52,148.9076388888889,88.76388888888889,1,58,United Kingdom,0.8502329066516362
14859,4,2011-05-19T14:42:00Z,296.86,204.92222222222222,63.952777777777776,1,47,United Kingdom,0.812724826680491
14862,2,2011-07-14T11:20:00Z,304.09999999999997,149.0625,122.94513888888889,1,47,United Kingdom,0.7727004063150459
14865,2,2010-12-02T18:23:00Z,37.2,372.76875,364.91805555555555,1,4,United Kingdom,0.5079402930021465
14866,12,2010-12-08T14:58:00Z,103.68,366.9111111111111,32.351452020202025,1,30,United Kingdom,0.792283437644954
14867,3,2011-01-07T16:34:00Z,300.74,336.84444444444443,75.39756944444444,1,31,United Kingdom,0.7699886754424775
14868,8,2011-04-20T13:36:00Z,439.33,233.96805555555557,32.86438492063492,1,96,United Kingdom,0.983702261045529
14869,2,2011-08-28T16:09:00Z,391.31,103.86180555555555,94.85208333333334,1,66,United Kingdom,0.8798537551749497
14870,1,2011-03-23T10:51:00Z,327.25,262.0826388888889,0,0,13,United Kingdom,0.48560826366079834
14871,4,2010-12-14T12:18:00Z,140.4,361.02222222222224,119.01944444444445,1,68,United Kingdom,0.9636134394938952
14873,1,2011-05-13T13:52:00Z,519.68,210.95694444444445,0,0,28,United Kingdom,0.6103276123461826
14875,2,2011-03-22T11:53:00Z,362,263.0395833333333,155.01875,1,46,United Kingdom,0.8389954900320192
14878,9,2010-12-16T12:11:00Z,322.01,359.02708333333334,43.24513888888889,1,62,United Kingdom,0.9482592354627306
14880,3,2011-02-24T12:27:00Z,129.2,289.0159722222222,105.52604166666667,1,45,United Kingdom,0.854825700994556
14883,6,2011-05-12T09:49:00Z,310.56,212.12569444444443,38.60472222222222,1,39,United Kingdom,0.7465085989203368
14885,1,2011-07-31T12:05:00Z,765.32,132.03125,0,0,15,United Kingdom,0.34673254862989344
14886,1,2011-04-01T08:56:00Z,364.8,253.1625,0,0,18,United Kingdom,0.5382799079007117
14888,1,2011-05-16T14:58:00Z,369.2,207.9111111111111,0,0,20,United Kingdom,0.5149532519681149
14889,1,2011-01-07T15:19:00Z,135.9,336.8965277777778,0,0,10,United Kingdom,0.5403243756340272
14890,1,2011-03-31T11:57:00Z,125.65,254.03680555555556,0,0,7,United Kingdom,0.4131896649929362
14891,2,2011-06-05T10:58:00Z,449.38,188.07777777777778,39.298611111111114,1,30,United Kingdom,0.6158217751564817
14895,20,2011-02-22T13:08:00Z,2346.34,290.9875,14.886513157894736,1,273,United Kingdom,0.9999978157186056
14896,2,2010-12-09T12:24:00Z,257.22,366.0180555555556,160.9138888888889,1,43,United Kingdom,0.8775374325261657
14897,4,2011-02-16T08:37:00Z,175.5,297.17569444444445,96.3599537037037,1,43,United Kingdom,0.8445254350718414
14898,6,2010-12-03T15:25:00Z,98.5,371.8923611111111,69.59569444444443,1,86,United Kingdom,0.9862010202721346
14901,9,2010-12-02T11:20:00Z,204.15,373.0625,45.15529513888889,1,73,United Kingdom,0.9726548483446047
14903,5,2011-03-06T11:50:00Z,533.18,279.0416666666667,64.29461805555556,1,227,United Kingdom,0.9999844682926141
14905,2,2011-04-20T10:48:00Z,308.55,234.0847222222222,76.07847222222222,1,14,United Kingdom,0.46949738543857095
14907,7,2010-12-07T10:14:00Z,618.07,368.10833333333335,60.69444444444445,1,125,United Kingdom,0.9978510468768939
14911,201,2010-12-01T14:05:00Z,540.38,373.9479166666667,1.860378472222222,1,1787,EIRE,0.9999999999999998
14912,2,2011-04-07T11:06:00Z,482.79,247.07222222222222,229.92638888888888,1,21,Italy,0.5625764327580239
14913,4,2010-12-15T14:35:00Z,300.87,359.9270833333333,107.91527777777777,1,76,United Kingdom,0.9745373984319577
14915,2,2011-03-07T09:39:00Z,142.28,278.1326388888889,186.16319444444446,1,12,United Kingdom,0.5022323009371609
14916,4,2011-01-19T15:30:00Z,295.05,324.8888888888889,84.58101851851852,1,72,United Kingdom,0.963967458846358
14918,2,2011-07-08T12:50:00Z,765.4200000000001,155,38.958333333333336,1,39,United Kingdom,0.6708992922246896
14920,2,2011-05-11T10:31:00Z,405.53000000000003,213.09652777777777,6.944444444444445e-4,1,57,United Kingdom,0.8801437168644725
14921,2,2011-05-22T12:51:00Z,903.01,201.99930555555557,171.01805555555555,1,78,United Kingdom,0.9480778441736548
14924,1,2011-04-08T09:25:00Z,310.05,246.14236111111111,0,0,10,United Kingdom,0.4309582666535143
14930,3,2011-03-10T14:42:00Z,1104.13,274.9222222222222,82.91284722222223,1,116,Channel Islands,0.9941814999564155
14931,5,2011-04-13T09:32:00Z,293,241.1375,59.008159722222224,1,30,Channel Islands,0.6777083346031397
14932,1,2010-12-09T11:48:00Z,363.53,366.04305555555555,0,0,17,Channel Islands,0.6436934342130826
14934,2,2011-03-02T11:48:00Z,828.84,283.04305555555555,200.93194444444444,1,68,Channel Islands,0.9402834636315741
14935,1,2011-02-15T14:44:00Z,1784.71,297.92083333333335,0,0,10,Channel Islands,0.391128798319042
14936,8,2011-03-09T11:53:00Z,1576.3600000000001,276.0395833333333,34.56319444444444,1,210,Channel Islands,0.9999499088502589
14937,3,2011-08-01T14:16:00Z,759.56,130.94027777777777,36.96284722222222,1,33,Channel Islands,0.5739350980021668
14944,12,2011-02-16T12:47:00Z,132.60000000000002,297.00208333333336,24.259027777777774,1,101,United Kingdom,0.9911131124633266
14947,2,2011-08-01T09:31:00Z,178.5,131.13819444444445,58.261805555555554,1,14,United Kingdom,0.3695033898641443
14948,6,2011-05-04T14:52:00Z,278.40000000000003,219.9152777777778,39.22,1,56,United Kingdom,0.8813210044909385
14952,11,2010-12-10T12:48:00Z,686.16,365.00138888888887,30.490625,1,117,United Kingdom,0.9966445638906851
14957,1,2011-03-31T17:59:00Z,58.49,253.78541666666666,0,0,12,United Kingdom,0.48136931781406694
14958,3,2011-04-08T11:28:00Z,210.65,246.05694444444444,49.05972222222222,1,33,United Kingdom,0.7195222959675879
14959,4,2011-02-16T13:00:00Z,178.66,296.99305555555554,77.40810185185185,1,37,United Kingdom,0.7988534035539844
14960,2,2011-06-21T13:38:00Z,88.3,171.96666666666667,162.96944444444443,1,23,United Kingdom,0.5334072457739532
14961,9,2010-12-14T11:38:00Z,976.7,361.05,43.73993055555555,1,193,United Kingdom,0.9999285149524912
14962,1,2011-03-14T09:42:00Z,126.7,271.13055555555553,0,0,5,United Kingdom,0.40594061723737757
14963,5,2011-06-09T12:30:00Z,294.2,184.01388888888889,43.497569444444444,1,149,United Kingdom,0.9987379081398545
14964,1,2011-04-06T14:13:00Z,206.21,247.9423611111111,0,0,13,United Kingdom,0.47827183272689433
14965,2,2011-09-04T13:15:00Z,474.5,96.98263888888889,0.003472222222222222,1,80,United Kingdom,0.9349988206911469
14970,4,2011-01-27T12:23:00Z,337.5,317.01875,82.68541666666667,1,24,United Kingdom,0.678985117903873
14972,1,2011-08-03T14:54:00Z,114.77,128.9138888888889,0,0,18,United Kingdom,0.4207992906118401
14973,3,2011-04-28T12:22:00Z,654.6,226.01944444444445,59.07256944444445,1,29,United Kingdom,0.6295603653069416
14976,7,2011-01-17T11:09:00Z,155.95,327.0701388888889,44.87129629629629,1,47,United Kingdom,0.8844022658860617
14978,5,2011-01-13T12:03:00Z,310.26,331.03263888888887,64.5111111111111,1,136,United Kingdom,0.9986844454437542
14981,1,2011-04-07T13:45:00Z,102.12,246.96180555555554,0,0,8,United Kingdom,0.41985941131399235
14984,2,2011-06-12T11:04:00Z,110.18,181.07361111111112,161.14166666666668,1,37,United Kingdom,0.7098056325481682
14985,2,2010-12-16T19:51:00Z,124.50999999999999,358.7076388888889,159.7763888888889,1,78,United Kingdom,0.9779004497503626
14987,2,2010-12-09T12:13:00Z,163.2,366.02569444444447,349.90694444444443,1,2,United Kingdom,0.4664059621986374
14988,1,2011-05-12T12:05:00Z,334.54,212.03125,0,0,40,United Kingdom,0.7549629192443453
14995,2,2011-03-04T13:14:00Z,119.31,280.98333333333335,241.93402777777777,1,53,United Kingdom,0.8962371358396263
14997,3,2011-06-14T16:52:00Z,155.28,178.83194444444445,65.92916666666666,1,25,United Kingdom,0.5621194342359483
14998,2,2011-04-12T16:28:00Z,183.64000000000001,241.8486111111111,71.04305555555555,1,70,United Kingdom,0.9454234204437083
15002,4,2010-12-07T13:16:00Z,631.65,367.9819444444444,83.96481481481482,1,93,United Kingdom,0.9887384389589686
15004,1,2011-07-15T14:05:00Z,1246.32,147.94791666666666,0,0,154,United Kingdom,0.9985367094081722
15005,28,2010-12-08T14:36:00Z,222.5,366.9263888888889,12.996630658436215,1,360,United Kingdom,0.9999999902032867
15007,1,2011-07-03T16:00:00Z,156.91,159.86805555555554,0,0,12,United Kingdom,0.37569047107588277
15012,2,2010-12-01T12:49:00Z,191.06,374.00069444444443,319.98125,1,110,United Kingdom,0.995930157944067
15014,2,2011-06-16T19:40:00Z,117.73,176.71527777777777,133.01875,1,29,United Kingdom,0.6125823610601292
15016,1,2011-06-20T12:06:00Z,170.04,173.03055555555557,0,0,20,United Kingdom,0.49027814076705745
15018,3,2010-12-07T10:47:00Z,111.25,368.0854166666667,164.54166666666666,1,30,United Kingdom,0.79279238267716
15019,1,2011-03-18T12:35:00Z,266,267.0104166666667,0,0,64,United Kingdom,0.932635860322976
15021,9,2010-12-08T12:17:00Z,205.64000000000001,367.0229166666667,44.74791666666667,1,287,United Kingdom,0.9999995684535434
15023,11,2010-12-05T13:49:00Z,460.6,369.9590277777778,36.61486111111111,1,347,United Kingdom,0.9999999797794045
15024,10,2010-12-07T13:20:00Z,444.42,367.9791666666667,39.77206790123457,1,105,United Kingdom,0.9942195936368214
15026,3,2011-03-07T13:45:00Z,108.98,277.96180555555554,98.50243055555555,1,57,United Kingdom,0.9132041029268819
15027,4,2011-04-15T14:14:00Z,341.4,238.94166666666666,69.27824074074074,1,30,United Kingdom,0.6728188037089006
15028,4,2010-12-06T12:47:00Z,185.97,369.00208333333336,120.01828703703704,1,35,United Kingdom,0.830009939276597
15030,2,2011-03-16T15:34:00Z,152.76,268.8861111111111,196.80277777777778,1,7,United Kingdom,0.42713641005887654
15031,4,2011-03-02T14:46:00Z,150.83,282.9194444444444,92.66041666666666,1,74,United Kingdom,0.9625473583103238
15032,3,2010-12-08T12:57:00Z,2746.75,366.9951388888889,55.04375,1,29,United Kingdom,0.643274534699097
15033,10,2011-01-14T13:28:00Z,570.07,329.9736111111111,36.10740740740741,1,315,United Kingdom,0.9999998696166673
15034,8,2010-12-21T09:47:00Z,842.9,354.12708333333336,48.300000000000004,1,299,United Kingdom,0.9999997104135584
15035,1,2011-09-11T11:08:00Z,252.73000000000002,90.07083333333334,0,0,26,United Kingdom,0.4727733116600933
15036,3,2011-06-13T12:19:00Z,53.15,180.02152777777778,53.57048611111111,1,107,United Kingdom,0.9894326700767698
15038,6,2010-12-05T10:54:00Z,126.42999999999999,370.0805555555556,62.205416666666665,1,105,United Kingdom,0.9947304421959352
15039,47,2010-12-06T11:26:00Z,611.51,369.05833333333334,7.804423309178744,1,408,United Kingdom,0.9999999991101597
15041,1,2011-06-22T16:16:00Z,180.35,170.85694444444445,0,0,66,United Kingdom,0.9119196457460225
15042,1,2011-05-24T16:25:00Z,135.93,199.85069444444446,0,0,5,United Kingdom,0.3335059679323443
15044,17,2010-12-12T14:27:00Z,835.95,362.9326388888889,21.43459201388889,1,233,United Kingdom,0.9999914372854705
15045,2,2011-03-27T11:44:00Z,388.9,258.04583333333335,105.99236111111111,1,11,United Kingdom,0.45135338962221283
15046,15,2011-01-05T15:30:00Z,511.95,338.8888888888889,23.500992063492067,1,147,United Kingdom,0.9992420608001803
15047,1,2011-03-15T10:49:00Z,343.62,270.0840277777778,0,0,22,United Kingdom,0.6082794298380905
15048,4,2010-12-06T12:15:00Z,98.7,369.02430555555554,101.03703703703702,1,86,United Kingdom,0.9860299800123952
15049,1,2011-03-11T12:13:00Z,121.17,274.02569444444447,0,0,3,United Kingdom,0.3844749964423321
15051,3,2011-07-12T15:29:00Z,377.74,150.88958333333332,63.503125,1,130,United Kingdom,0.9960161451098826
15052,1,2011-01-24T15:52:00Z,215.78,319.87361111111113,0,0,27,United Kingdom,0.720990696560801
15053,3,2011-03-03T12:06:00Z,222.65,282.03055555555557,138.50069444444443,1,49,United Kingdom,0.872770769743188
15057,2,2011-01-28T09:09:00Z,1131,316.1534722222222,40.25555555555555,1,25,United Kingdom,0.6428720013356133
15058,11,2011-01-31T15:35:00Z,120.52,312.8854166666667,28.69736111111111,1,199,United Kingdom,0.999948534153146
15059,9,2011-01-09T11:54:00Z,182.78,335.0388888888889,36.74835069444445,1,161,United Kingdom,0.9996582930493043
15061,48,2010-12-02T15:19:00Z,4076.48,372.8965277777778,7.848212174940898,1,70,United Kingdom,0.9162909901185331
15062,4,2010-12-15T15:37:00Z,209.08,359.88402777777776,96.01712962962962,1,47,United Kingdom,0.8968862865103414
15063,1,2011-05-10T13:25:00Z,370.79999999999995,213.97569444444446,0,0,5,United Kingdom,0.33334489141879453
15065,4,2011-02-21T12:54:00Z,773.66,291.9972222222222,84.62291666666667,1,148,United Kingdom,0.9990552203738315
15067,3,2011-03-02T12:10:00Z,848.05,283.02777777777777,102.02430555555556,1,82,United Kingdom,0.9700646654120425
15068,2,2011-03-28T14:27:00Z,239.96,256.9326388888889,210.01388888888889,1,96,United Kingdom,0.9859712817583751
15069,1,2011-06-13T14:16:00Z,1109.53,179.94027777777777,0,0,70,United Kingdom,0.9120674344029602
15070,1,2010-12-02T11:23:00Z,106.2,373.06041666666664,0,0,1,United Kingdom,0.4648222749854914
15071,2,2011-03-09T10:19:00Z,588.6700000000001,276.1048611111111,182.05833333333334,1,25,United Kingdom,0.6358242045890192
15073,3,2011-06-06T09:59:00Z,430.98,187.11875,88.515625,1,31,United Kingdom,0.6281919958674409
15074,1,2011-08-26T14:45:00Z,748.87,105.92013888888889,0,0,41,United Kingdom,0.647390926844555
15076,1,2011-06-20T08:23:00Z,880.85,173.18541666666667,0,0,49,United Kingdom,0.7824277363616693
15078,32,2010-12-06T12:38:00Z,449.95,369.0083333333333,11.649260752688173,1,97,United Kingdom,0.991295083890064
15079,4,2010-12-09T09:25:00Z,141.95,366.1423611111111,51.0462962962963,1,46,United Kingdom,0.896231659274236
15081,5,2010-12-07T16:20:00Z,111.15,367.8541666666667,86.25833333333334,1,26,United Kingdom,0.7564255481106185
15083,1,2011-03-28T12:18:00Z,88.2,257.02222222222224,0,0,5,United Kingdom,0.39369583590830376
15087,1,2011-03-03T10:34:00Z,306.94,282.09444444444443,0,0,15,United Kingdom,0.5345487886853143
15089,6,2011-08-03T14:14:00Z,1221.56,128.94166666666666,23.619027777777777,1,139,United Kingdom,0.9965670438743935
15090,1,2011-02-04T14:03:00Z,381.32,308.94930555555555,0,0,23,United Kingdom,0.6571515739609187
15092,2,2011-03-01T12:24:00Z,323.16,284.0180555555556,68.0736111111111,1,23,United Kingdom,0.6359531052201819
15093,6,2010-12-02T18:25:00Z,623.73,372.7673611111111,70.75611111111111,1,52,United Kingdom,0.9144435859672315
15095,4,2011-05-20T14:27:00Z,770.5,203.9326388888889,33.299537037037034,1,30,United Kingdom,0.6120328534217379
15098,3,2011-06-10T15:22:00Z,297,182.89444444444445,0.0038194444444444443,1,1,United Kingdom,0.2657862371531601
15100,3,2010-12-01T09:09:00Z,350.4,374.1534722222222,20.02986111111111,1,1,United Kingdom,0.45000403722412197
15101,2,2010-12-15T12:54:00Z,102.28,359.9972222222222,350.89166666666665,1,8,United Kingdom,0.5416223167663081
15104,2,2011-03-02T14:16:00Z,374.64,282.9402777777778,85.92569444444445,1,66,United Kingdom,0.9411528578824538
15105,7,2011-07-28T10:09:00Z,532.98,135.11180555555555,19.380208333333332,1,90,United Kingdom,0.9656197515027872
15106,5,2011-03-15T12:52:00Z,410.7,269.99861111111113,62.9625,1,90,United Kingdom,0.9811572656649478
15107,6,2010-12-02T13:45:00Z,116,372.96180555555554,12.208472222222223,1,12,United Kingdom,0.6051971212223313
15108,4,2011-04-26T10:54:00Z,191.4,228.08055555555555,28.659722222222225,1,50,European Community,0.8521864456404987
15109,1,2011-04-08T09:58:00Z,484.95,246.11944444444444,0,0,28,United Kingdom,0.6480242900673706
15110,4,2011-01-25T11:41:00Z,169.65,319.04791666666665,98.3275462962963,1,17,United Kingdom,0.6079658579613321
15111,3,2010-12-02T11:45:00Z,288.5,373.0451388888889,171.60868055555557,1,70,United Kingdom,0.967497341309127
15114,10,2011-02-11T08:45:00Z,259.05,302.1701388888889,30.140432098765434,1,136,United Kingdom,0.998529250243122
15116,4,2011-05-19T08:50:00Z,479.65,205.16666666666666,62.38310185185185,1,37,United Kingdom,0.7112422608706553
15117,5,2011-05-08T12:38:00Z,312.4,216.00833333333333,50.20381944444444,1,63,United Kingdom,0.912338156231197
15118,1,2011-07-28T14:54:00Z,244.8,134.9138888888889,0,0,1,United Kingdom,0.22962379418016107
15119,1,2011-04-08T09:08:00Z,266.4,246.15416666666667,0,0,14,United Kingdom,0.4853320181602416
15120,1,2011-07-29T09:48:00Z,358.82,134.1263888888889,0,0,21,United Kingdom,0.4487962951812614
15121,2,2011-02-24T12:41:00Z,295.15,289.00625,238.09027777777777,1,28,United Kingdom,0.6998266714305974
15122,3,2011-02-15T09:59:00Z,397.04,298.11875,91.64201388888888,1,65,United Kingdom,0.9415944268800243
15123,2,2011-05-17T14:57:00Z,1069.47,206.91180555555556,198.92708333333334,1,93,United Kingdom,0.9749343550455046
15124,2,2011-06-01T09:06:00Z,90.75,192.15555555555557,169.04375,1,14,United Kingdom,0.43867588999312657
15125,15,2011-03-14T09:59:00Z,3840.88,271.11875,17.511805555555558,1,102,United Kingdom,0.9752817581163736
15128,4,2011-05-04T12:32:00Z,483.7,220.0125,53.01898148148148,1,74,United Kingdom,0.9471402876060635
15129,11,2011-02-21T09:09:00Z,355.40000000000003,292.1534722222222,24.12298611111111,1,54,United Kingdom,0.8997233584560986
15130,1,2011-06-23T10:15:00Z,330.11,170.10763888888889,0,0,22,United Kingdom,0.5025059690491278
15132,5,2011-03-22T12:02:00Z,313.77,263.03333333333336,61.053472222222226,1,49,United Kingdom,0.8604745097498503
15133,3,2011-02-11T10:38:00Z,333.2,302.09166666666664,87.00208333333333,1,27,United Kingdom,0.6987315618614457
15134,8,2011-04-13T11:05:00Z,110.1,241.07291666666666,32.27281746031746,1,44,United Kingdom,0.8202643867817637
15135,1,2011-04-14T19:16:00Z,139.05,239.73194444444445,0,0,9,United Kingdom,0.422496093647495
15136,4,2011-09-04T16:05:00Z,582.9,96.86458333333333,31.282638888888886,1,61,United Kingdom,0.8389624265786619
15139,2,2011-01-07T12:44:00Z,122.1,337.00416666666666,96.95486111111111,1,13,United Kingdom,0.5796944460328497
15140,7,2011-03-20T14:37:00Z,446.15,264.92569444444445,35.32986111111111,1,74,United Kingdom,0.9564999305032075
15143,1,2011-04-28T12:03:00Z,259.45,226.0326388888889,0,0,14,United Kingdom,0.46403036676704373
15144,17,2011-01-31T13:17:00Z,378.32,312.98125,19.004991319444443,1,132,United Kingdom,0.9982180104952024
15145,4,2011-04-05T15:20:00Z,422.23,248.89583333333334,81.36134259259259,1,54,United Kingdom,0.8796261757804439
15146,2,2011-02-21T13:07:00Z,834.22,291.98819444444445,126.95972222222223,1,90,United Kingdom,0.9808515884727267
15147,1,2011-04-13T15:57:00Z,623.5,240.8701388888889,0,0,28,United Kingdom,0.6343747140552365
15149,1,2011-07-29T10:58:00Z,520.8000000000001,134.07777777777778,0,0,23,United Kingdom,0.4638988234623486
15150,10,2011-03-15T14:21:00Z,501.25,269.93680555555557,27.99313271604938,1,282,United Kingdom,0.9999990784208203
15152,13,2011-06-05T15:36:00Z,756.1,187.88472222222222,14.822685185185186,1,196,United Kingdom,0.9998776944447015
15157,3,2010-12-16T13:44:00Z,1085.46,358.9625,177.45277777777778,1,125,United Kingdom,0.9974714994135288
15159,30,2010-12-13T15:44:00Z,1822.88,361.87916666666666,12.408548850574713,1,363,United Kingdom,0.999999986926806
15160,1,2010-12-17T14:15:00Z,158.16,357.94097222222223,0,0,4,United Kingdom,0.4838871996145243
15163,2,2011-05-31T15:22:00Z,155,192.89444444444445,173.90833333333333,1,29,United Kingdom,0.6268010037822551
15164,3,2011-01-04T14:21:00Z,173.39000000000001,339.93680555555557,135.45277777777778,1,79,United Kingdom,0.9769654398875558
15165,1,2010-12-01T14:03:00Z,487.75,373.94930555555555,0,0,27,United Kingdom,0.7525283481998807
15167,1,2011-01-23T12:41:00Z,163,321.00625,0,0,39,United Kingdom,0.8307947072157364
15171,1,2011-01-12T15:36:00Z,1289.5,331.8847222222222,0,0,5,United Kingdom,0.3955216143071385
15172,5,2011-04-17T11:56:00Z,346.4,237.0375,56.99913194444444,1,106,United Kingdom,0.9905975869315551
15174,1,2011-01-21T09:06:00Z,135.75,323.15555555555557,0,0,11,United Kingdom,0.5384265747539422
15178,1,2011-03-24T15:12:00Z,40.5,260.9013888888889,0,0,3,United Kingdom,0.3760777982901055
15179,5,2011-01-24T13:48:00Z,1285.62,319.95972222222224,75.24045138888889,1,91,United Kingdom,0.981841748642212
15180,1,2010-12-07T14:57:00Z,87.5,367.91180555555553,0,0,6,United Kingdom,0.5252941904880422
15181,3,2011-03-15T12:03:00Z,300,270.03263888888887,101.53993055555556,1,11,United Kingdom,0.4700981541267032
15182,2,2011-03-16T12:42:00Z,370.48,269.00555555555553,114.03819444444444,1,24,United Kingdom,0.629986717718033
15184,2,2011-06-02T12:06:00Z,235.23,191.03055555555557,161.06597222222223,1,59,United Kingdom,0.8856313030647172
15186,2,2011-06-24T14:54:00Z,229.26000000000002,168.9138888888889,154.00277777777777,1,17,United Kingdom,0.4432113536651217
15187,16,2011-05-11T13:49:00Z,431.6,212.95902777777778,14.061435185185186,1,61,United Kingdom,0.8997091288237447
15189,41,2011-01-11T12:29:00Z,418.48,333.01458333333335,8.275920138888889,1,80,United Kingdom,0.9759825936657756
15192,3,2010-12-09T14:56:00Z,315,365.9125,122.93229166666667,1,36,United Kingdom,0.8306390317707246
15194,15,2010-12-06T15:00:00Z,406.16,368.90972222222223,26.071924603174605,1,209,United Kingdom,0.9999741028329244
15197,3,2010-12-16T18:01:00Z,556.5,358.7840277777778,173.8329861111111,1,30,United Kingdom,0.7656631478553274
15198,2,2011-08-07T15:16:00Z,107.64,124.89861111111111,31.976388888888888,1,10,United Kingdom,0.3207361534205821
15199,4,2011-02-04T14:04:00Z,353.09999999999997,308.9486111111111,83.01574074074074,1,5,United Kingdom,0.43131258712276166
15201,5,2011-04-06T14:02:00Z,301.48,247.95,40.008854166666666,1,35,United Kingdom,0.7369493071231358
15203,6,2011-02-01T12:29:00Z,211.94,312.01458333333335,57.16486111111111,1,82,United Kingdom,0.9775099536172677
15204,1,2010-12-17T13:49:00Z,316.58,357.9590277777778,0,0,9,United Kingdom,0.5382738934886455
15205,2,2011-08-04T16:07:00Z,476.3,127.86319444444445,42.14513888888889,1,37,United Kingdom,0.638075514709424
15206,4,2011-03-09T08:59:00Z,17.700000000000003,276.16041666666666,88.39861111111111,1,3,United Kingdom,0.3931646260165876
15208,5,2010-12-21T13:03:00Z,65.4,353.99097222222224,88.0453125,1,25,United Kingdom,0.7375371510648734
15210,1,2011-04-28T16:11:00Z,331.18,225.86041666666668,0,0,20,United Kingdom,0.5368622251467124
15211,2,2010-12-09T16:08:00Z,383.07,365.8625,304.8909722222222,1,52,United Kingdom,0.917033614024426
15212,1,2011-04-12T13:45:00Z,101.8,241.96180555555554,0,0,5,United Kingdom,0.3773728661962516
15213,2,2011-01-14T11:05:00Z,313.2,330.0729166666667,11.052777777777777,1,22,United Kingdom,0.6700262960533749
15214,8,2011-04-11T09:46:00Z,514.9300000000001,243.12777777777777,34.44255952380952,1,109,United Kingdom,0.9917971658148637
15215,3,2011-09-04T12:24:00Z,300.04,97.01805555555555,24.985069444444445,1,33,United Kingdom,0.5676021573932407
15218,11,2011-01-25T11:20:00Z,581.66,319.0625,30.801944444444445,1,77,United Kingdom,0.9690913283818268
15219,1,2011-06-16T16:57:00Z,305.75,176.82847222222222,0,0,9,United Kingdom,0.34765497021850456
15220,6,2011-03-04T10:24:00Z,316.11,281.1013888888889,45.81875,1,110,United Kingdom,0.9937203193093245
15221,1,2010-12-08T13:08:00Z,403.25,366.9875,0,0,5,United Kingdom,0.49050065238635593
15222,1,2011-01-25T08:03:00Z,585,319.19930555555555,0,0,5,United Kingdom,0.4272101806955167
15223,2,2011-04-04T12:17:00Z,300.85,250.02291666666667,23.968055555555555,1,14,United Kingdom,0.487252460197989
15224,2,2010-12-12T12:34:00Z,11.6,363.0111111111111,4.102777777777778,1,13,United Kingdom,0.6138401692215038
15225,1,2011-04-19T14:51:00Z,409.40000000000003,234.91597222222222,0,0,23,United Kingdom,0.5798385192155998
15226,1,2011-02-02T11:41:00Z,154.41,311.04791666666665,0,0,8,United Kingdom,0.48520659761957186
15227,5,2011-01-26T15:31:00Z,318.23,317.8881944444444,70.21319444444444,1,43,United Kingdom,0.8512524741139565
15228,4,2011-02-18T09:04:00Z,904.85,295.15694444444443,76.06759259259259,1,110,United Kingdom,0.993102768578556
15230,2,2011-04-13T11:04:00Z,370.20000000000005,241.07361111111112,1.1493055555555556,1,23,United Kingdom,0.5888380647503774
15232,2,2011-07-22T12:21:00Z,310.36,141.02013888888888,27.170833333333334,1,26,United Kingdom,0.5241705109305893
15234,1,2011-03-08T08:53:00Z,197,277.1645833333333,0,0,14,United Kingdom,0.5235149714729933
15235,12,2010-12-01T17:22:00Z,79.50000000000001,373.81111111111113,14.15290404040404,1,132,United Kingdom,0.9987344041074631
15236,1,2011-02-14T10:52:00Z,321.05,299.08194444444445,0,0,15,United Kingdom,0.5519052114163014
15237,4,2011-04-26T15:04:00Z,938.9200000000001,227.90694444444443,75.25972222222222,1,94,United Kingdom,0.9789238254694491
15238,3,2011-06-08T16:00:00Z,300.14,184.86805555555554,77.46805555555555,1,49,United Kingdom,0.8151470646636513
15240,5,2011-02-01T08:23:00Z,312.9,312.18541666666664,66.76510416666666,1,58,United Kingdom,0.9241374794740996
15241,8,2011-03-01T11:02:00Z,395.33,284.075,30.988392857142856,1,82,United Kingdom,0.9734638147728322
15244,2,2011-04-05T15:12:00Z,297.94,248.9013888888889,182.92152777777778,1,31,United Kingdom,0.6958368687320795
15245,3,2011-03-23T13:42:00Z,1251.48,261.9638888888889,63.609027777777776,1,55,United Kingdom,0.8674539287876447
15246,2,2010-12-16T09:46:00Z,186,359.1277777777778,120.2076388888889,1,32,United Kingdom,0.8001289449310736
15247,1,2011-08-09T12:52:00Z,356,122.99861111111112,0,0,6,United Kingdom,0.2627230478393997
15249,13,2011-03-28T12:49:00Z,1001.82,257.00069444444443,18.746296296296297,1,211,United Kingdom,0.9999556164487383
15251,11,2011-04-12T10:38:00Z,2846.02,242.09166666666667,23.218333333333334,1,97,United Kingdom,0.9721385940778356
15252,2,2011-06-09T14:15:00Z,300.55,183.94097222222223,146.96875,1,44,United Kingdom,0.7720769567671265
15253,5,2011-06-23T12:19:00Z,173.85,170.02152777777778,38.2921875,1,52,United Kingdom,0.8332040454867488
15254,1,2011-08-04T15:04:00Z,300.36,127.90694444444445,0,0,18,United Kingdom,0.4078541969800411
15256,1,2011-07-14T11:47:00Z,98.45,149.04375,0,0,6,United Kingdom,0.299239340848086
15257,1,2011-03-01T12:58:00Z,317.15,283.99444444444447,0,0,7,United Kingdom,0.4325628891673805
15258,2,2011-05-06T14:16:00Z,315.66,217.94027777777777,48.92638888888889,1,32,United Kingdom,0.6771067590640758
15260,7,2010-12-02T12:09:00Z,362.5,373.0284722222222,45.34560185185185,1,62,United Kingdom,0.9506601073754551
15261,1,2011-07-27T15:20:00Z,254.82,135.89583333333334,0,0,19,United Kingdom,0.4318632627739725
15262,1,2011-01-20T12:16:00Z,178.95000000000002,324.0236111111111,0,0,10,United Kingdom,0.5235956491964996
15263,1,2011-08-25T10:26:00Z,156.51,107.1,0,0,12,United Kingdom,0.3237380332294933
15265,2,2011-04-18T12:16:00Z,712.24,236.0236111111111,84.10416666666667,1,76,United Kingdom,0.9525186789147565
15266,1,2011-01-05T13:40:00Z,119.3,338.96527777777777,0,0,6,United Kingdom,0.4918308652242203
15267,5,2011-06-10T10:24:00Z,1035.76,183.1013888888889,40.05815972222222,1,8,United Kingdom,0.30011567147547774
15270,7,2011-02-02T13:25:00Z,375.40000000000003,310.97569444444446,49.13877314814815,1,22,United Kingdom,0.6477257201058763
15271,15,2010-12-09T13:47:00Z,111.75,365.9604166666667,25.572619047619046,1,184,United Kingdom,0.9999111302400767
15279,1,2010-12-20T10:48:00Z,290.51,355.08472222222224,0,0,19,United Kingdom,0.6608343700864706
15280,1,2011-06-20T17:14:00Z,113.12,172.81666666666666,0,0,16,United Kingdom,0.4421405528582623
15281,9,2011-01-10T15:51:00Z,780.42,333.87430555555557,34.340190972222224,1,121,United Kingdom,0.996800669000517
15288,5,2010-12-09T13:59:00Z,165.65,365.95208333333335,80.53107638888889,1,80,United Kingdom,0.9804350153471024
15289,3,2011-04-04T12:44:00Z,375.45,250.00416666666666,110.02256944444444,1,43,United Kingdom,0.807667232880795
15290,18,2010-12-15T16:03:00Z,219.6,359.86597222222224,20.87156862745098,1,93,United Kingdom,0.9895286447187805
15291,15,2010-12-01T09:32:00Z,328.8,374.1375,24.861607142857142,1,62,United Kingdom,0.9512989723500664
15292,1,2011-05-22T15:00:00Z,180.94,201.90972222222223,0,0,24,United Kingdom,0.5722826429068525
15296,6,2011-01-17T11:57:00Z,1199.33,327.03680555555553,55.198611111111106,1,137,United Kingdom,0.9983935461322951
15298,12,2010-12-08T13:55:00Z,397.59999999999997,366.9548611111111,33.10366161616162,1,115,United Kingdom,0.9965797095675123
15299,7,2010-12-02T16:48:00Z,1003.2,372.83472222222224,50.81608796296297,1,7,United Kingdom,0.48322025955662434
15301,12,2010-12-06T12:21:00Z,673.37,369.0201388888889,28.9,1,167,United Kingdom,0.9997541748195385
15303,1,2011-02-22T13:59:00Z,574.02,290.95208333333335,0,0,31,United Kingdom,0.7185078051306657
15304,8,2010-12-06T11:42:00Z,123.15,369.0472222222222,43.9921626984127,1,8,United Kingdom,0.5499873992566565
15306,3,2011-07-14T15:22:00Z,344.62,148.89444444444445,41.949305555555554,1,57,United Kingdom,0.8495919479723292
15307,1,2011-09-05T11:38:00Z,205.3,96.05,0,0,12,United Kingdom,0.3105712263873349
15308,1,2011-03-10T13:08:00Z,310.47,274.9875,0,0,19,United Kingdom,0.5779445330713824
15311,91,2010-12-01T09:41:00Z,449.98,374.13125,4.1455169753086425,1,567,United Kingdom,0.9999999999997833
15312,4,2010-12-20T12:51:00Z,289.74,354.99930555555557,93.00439814814814,1,42,United Kingdom,0.8654156900543201
15313,1,2011-08-21T16:02:00Z,52,110.86666666666666,0,0,1,United Kingdom,0.22031166405224886
15314,1,2011-05-24T14:39:00Z,327.96999999999997,199.92430555555555,0,0,24,United Kingdom,0.5606384414634845
15315,2,2011-08-15T15:17:00Z,233.54,116.89791666666666,51.89861111111111,1,35,United Kingdom,0.617675103574999
15316,1,2011-01-17T11:34:00Z,165,327.0527777777778,0,0,1,United Kingdom,0.41192538301417364
15319,1,2011-03-01T12:48:00Z,204.5,284.00138888888887,0,0,16,United Kingdom,0.5561728971091792
15321,3,2011-02-21T11:10:00Z,1159.47,292.06944444444446,110.46875,1,83,United Kingdom,0.9703233044325463
15325,1,2011-08-28T11:55:00Z,162.29,104.03819444444444,0,0,47,United Kingdom,0.7437909809966948
15326,1,2011-01-10T11:38:00Z,311.71,334.05,0,0,29,United Kingdom,0.748266950954764
15329,3,2011-06-21T10:37:00Z,309.1,172.0923611111111,66.10381944444444,1,51,United Kingdom,0.8219876154193363
15332,4,2010-12-05T12:00:00Z,1145.06,370.03472222222223,1.0377314814814815,1,29,Lithuania,0.7360467399533608
15333,1,2011-05-15T13:27:00Z,1028.56,208.97430555555556,0,0,16,United Kingdom,0.4213426258708537
15334,3,2011-06-19T13:51:00Z,114.5,173.95763888888888,8.448263888888889,1,67,United Kingdom,0.9183435878131875
15339,2,2011-01-25T13:15:00Z,257.9,318.9826388888889,251.98333333333332,1,77,United Kingdom,0.9715411776572368
15342,1,2011-08-02T10:19:00Z,406.09,130.10486111111112,0,0,24,United Kingdom,0.4800874588089124
15346,1,2011-01-11T11:18:00Z,252.42000000000002,333.06388888888887,0,0,17,United Kingdom,0.6172083508294154
15347,1,2010-12-08T15:25:00Z,201.60000000000002,366.8923611111111,0,0,5,United Kingdom,0.5037016150994216
15349,2,2011-06-05T15:46:00Z,366.11,187.87777777777777,29.01388888888889,1,65,United Kingdom,0.9097165390468652
15350,1,2010-12-01T13:33:00Z,115.65,373.97013888888887,0,0,5,United Kingdom,0.5170408674007013
15351,7,2010-12-05T11:49:00Z,274.67,370.0423611111111,59.50729166666667,1,157,United Kingdom,0.999629801619263
15353,2,2010-12-07T11:49:00Z,311.65,368.0423611111111,113.01805555555555,1,59,United Kingdom,0.9423755378995515
15356,10,2010-12-06T14:05:00Z,150.22,368.9479166666667,37.44027777777777,1,215,United Kingdom,0.9999822762954761
15358,22,2010-12-09T10:04:00Z,524.35,366.1152777777778,17.188492063492063,1,292,United Kingdom,0.9999996364829168
15361,1,2010-12-13T09:52:00Z,418.92,362.12361111111113,0,0,7,United Kingdom,0.5101503927735027
15363,1,2010-12-02T12:28:00Z,326,373.0152777777778,0,0,16,United Kingdom,0.6409883487467035
15364,2,2011-03-30T13:39:00Z,331.8,254.96597222222223,158.83819444444444,1,29,United Kingdom,0.6772313901512471
15365,7,2011-01-28T13:08:00Z,208.61,315.9875,48.30104166666666,1,65,United Kingdom,0.9482109175036263
15366,2,2010-12-16T15:59:00Z,105.54,358.86875,282.95972222222224,1,37,United Kingdom,0.8411507527517558
15367,4,2011-03-09T13:53:00Z,764.58,275.95625,72.67129629629629,1,91,United Kingdom,0.9808659555935887
15370,7,2011-01-11T11:32:00Z,184.2,333.0541666666667,48.66273148148148,1,65,United Kingdom,0.9520228108337858
15372,1,2011-07-25T16:39:00Z,2007.4,137.84097222222223,0,0,27,United Kingdom,0.4223803071514784
15373,12,2010-12-03T14:40:00Z,334.3,371.9236111111111,33.001578282828284,1,74,United Kingdom,0.9729887864288217
15374,1,2011-08-03T09:59:00Z,168,129.11875,0,0,3,United Kingdom,0.24759858790833947
15376,3,2011-05-01T13:45:00Z,654.17,222.96180555555554,91.02743055555555,1,100,United Kingdom,0.9852773924346518
15379,7,2010-12-16T13:02:00Z,1491.46,358.9916666666667,31.501273148148147,1,145,United Kingdom,0.9990022190321426
15380,5,2010-12-09T15:01:00Z,230.1,365.9090277777778,89.22083333333333,1,22,United Kingdom,0.707995472022247
15381,2,2011-03-16T13:44:00Z,282.3,268.9625,54.924305555555556,1,8,United Kingdom,0.43156182647094865
15382,6,2011-02-17T12:01:00Z,1019.42,296.0340277777778,56.191250000000004,1,193,United Kingdom,0.999904154970747
15384,2,2010-12-15T11:34:00Z,303.57,360.0527777777778,189.97430555555556,1,34,United Kingdom,0.812132002171471
15386,1,2011-06-06T13:47:00Z,394.14,186.96041666666667,0,0,31,United Kingdom,0.6303001463256408
15388,1,2011-03-14T13:53:00Z,140.54,270.95625,0,0,10,Canada,0.46864653010824464
15389,1,2011-06-20T16:18:00Z,500,172.85555555555555,0,0,1,United Kingdom,0.24726973926939855
15392,4,2010-12-14T15:50:00Z,338.97999999999996,360.875,118.59976851851853,1,74,United Kingdom,0.9716664000646585
15393,2,2011-03-03T16:58:00Z,124.10000000000001,281.8277777777778,264.99305555555554,1,10,United Kingdom,0.48148681618330647
15394,4,2010-12-16T12:46:00Z,587.66,359.0027777777778,116.32013888888889,1,54,United Kingdom,0.9185494505759045
15395,1,2011-01-18T12:40:00Z,107.45,326.00694444444446,0,0,7,United Kingdom,0.49154192639023575
15396,1,2011-08-19T10:56:00Z,288.18,113.07916666666667,0,0,14,United Kingdom,0.34487974957769
15397,1,2011-02-23T09:25:00Z,94,290.1423611111111,0,0,6,United Kingdom,0.44083805568316875
15400,5,2011-03-06T11:27:00Z,346.1,279.0576388888889,46.526041666666664,1,10,United Kingdom,0.4638895244365395
15402,2,2011-05-27T13:32:00Z,440.99,196.97083333333333,47.947916666666664,1,35,United Kingdom,0.684005199954182
15405,1,2011-06-03T14:44:00Z,349.1,189.92083333333332,0,0,8,United Kingdom,0.3461650048209007
15406,2,2011-02-11T16:19:00Z,252.29,301.8548611111111,269.87708333333336,1,51,United Kingdom,0.8916478392246466
15407,4,2011-02-07T13:18:00Z,165,305.98055555555555,90.6474537037037,1,142,United Kingdom,0.9989661008941364
15408,1,2011-03-20T15:02:00Z,267.18,264.90833333333336,0,0,34,United Kingdom,0.7428544657552187
15410,8,2011-03-23T10:15:00Z,382.6,262.1076388888889,25.312698412698413,1,48,United Kingdom,0.8513381204712143
15411,4,2011-06-10T12:30:00Z,156.4,183.01388888888889,52.03912037037037,1,86,United Kingdom,0.9687734451878851
15412,1,2011-06-21T15:24:00Z,190.53,171.89305555555555,0,0,10,United Kingdom,0.36159709198115964
15414,3,2011-04-11T13:45:00Z,36.2,242.96180555555554,116.41840277777777,1,37,United Kingdom,0.7653778417611127
15415,1,2011-01-30T14:13:00Z,572.8100000000001,313.9423611111111,0,0,46,United Kingdom,0.8600751780822373
15416,4,2011-03-02T08:41:00Z,1375.24,283.17291666666665,72.67986111111111,1,165,United Kingdom,0.9995238084520108
15421,4,2011-02-02T14:36:00Z,295.06,310.9263888888889,83.92685185185185,1,40,United Kingdom,0.827014813791962
15422,2,2011-01-20T14:17:00Z,55.5,323.93958333333336,0.08333333333333333,1,6,United Kingdom,0.47975815298663177
15424,2,2011-03-30T13:00:00Z,193.5,254.99305555555554,0.001388888888888889,1,17,United Kingdom,0.5385856509770377
15426,5,2010-12-05T13:55:00Z,411.42,369.9548611111111,87.51753472222222,1,217,United Kingdom,0.999982958806538
15433,2,2011-03-17T14:12:00Z,372.64,267.94305555555553,53.85625,1,40,United Kingdom,0.7953871809626664
15434,5,2011-05-23T14:18:00Z,306.96,200.9388888888889,47.9921875,1,40,United Kingdom,0.7473309102257172
15436,3,2011-04-19T16:52:00Z,489.05,234.83194444444445,110.98368055555555,1,243,United Kingdom,0.9999918967406211
15437,1,2011-03-22T13:11:00Z,200.16,262.98541666666665,0,0,44,United Kingdom,0.8305332630080285
15438,1,2011-07-31T14:19:00Z,156.58,131.93819444444443,0,0,25,United Kingdom,0.5115061937009077
15440,3,2011-05-15T11:30:00Z,125.8,209.05555555555554,77.01597222222222,1,50,United Kingdom,0.843783133796687
15442,1,2011-04-05T12:24:00Z,594,249.01805555555555,0,0,2,United Kingdom,0.31956392022846625
15443,7,2011-01-23T13:25:00Z,437.71,320.97569444444446,53.14756944444445,1,237,United Kingdom,0.9999924871955702
15445,1,2011-03-20T15:06:00Z,113.5,264.90555555555557,0,0,5,United Kingdom,0.4002824889011524
15447,1,2011-01-13T11:26:00Z,155.17,331.05833333333334,0,0,9,United Kingdom,0.5198196511293229
15448,1,2011-01-31T10:42:00Z,494.64,313.0888888888889,0,0,28,United Kingdom,0.7105948728510861
15449,3,2011-03-23T10:43:00Z,345.92,262.08819444444447,117.58993055555555,1,47,United Kingdom,0.8459015098045236
15452,3,2011-03-20T15:21:00Z,247.25,264.8951388888889,117.43472222222222,1,47,United Kingdom,0.8508175230145788
15453,7,2011-06-05T12:37:00Z,197.09,188.0090277777778,30.988657407407405,1,169,United Kingdom,0.9995716280767021
15454,1,2010-12-12T14:21:00Z,179.1,362.93680555555557,0,0,23,United Kingdom,0.7187274075859797
15456,3,2010-12-15T15:34:00Z,243.22,359.8861111111111,37.96423611111111,1,48,United Kingdom,0.9007884225015432
15457,1,2011-03-22T15:31:00Z,237.07,262.8881944444444,0,0,56,United Kingdom,0.9004553336564409
15460,1,2010-12-20T16:08:00Z,216.76,354.8625,0,0,53,United Kingdom,0.9206208767879802
15462,3,2011-06-05T15:36:00Z,105,187.88472222222222,46.44965277777778,1,9,United Kingdom,0.3708842978729444
15464,1,2011-01-05T15:56:00Z,1048.85,338.87083333333334,0,0,155,United Kingdom,0.9994233690429419
15465,18,2010-12-05T10:12:00Z,535.75,370.1097222222222,20.588194444444444,1,43,United Kingdom,0.8714173071508746
15467,3,2011-07-10T14:42:00Z,288.42,152.92222222222222,71.49131944444444,1,41,United Kingdom,0.7176791835339353
15469,2,2011-08-11T16:54:00Z,304.3,120.83055555555555,69.97708333333334,1,24,United Kingdom,0.47675367766299853
15472,1,2011-08-18T15:17:00Z,371.56,113.89791666666666,0,0,76,United Kingdom,0.9281753735127812
15480,1,2011-08-15T14:32:00Z,905.5,116.92916666666666,0,0,45,Malta,0.6945933809660806
15482,12,2010-12-16T10:08:00Z,527.04,359.1125,31.184217171717172,1,46,United Kingdom,0.8832847973589654
15483,4,2011-03-18T12:26:00Z,114.85,267.01666666666665,35.00949074074074,1,74,United Kingdom,0.9603431555768797
15485,3,2010-12-01T13:23:00Z,950.09,373.9770833333333,171.5236111111111,1,59,United Kingdom,0.9341153430548118
15488,1,2011-09-08T10:11:00Z,91.32000000000001,93.11041666666667,0,0,2,United Kingdom,0.21427907803089558
15489,3,2011-05-12T12:54:00Z,348.26,211.99722222222223,94.41631944444444,1,47,United Kingdom,0.8153166682479113
15491,6,2011-04-18T10:04:00Z,837.97,236.11527777777778,28.04888888888889,1,108,United Kingdom,0.9903149864722715
15493,5,2011-03-14T11:44:00Z,538.76,271.04583333333335,59.50347222222222,1,177,United Kingdom,0.9997840900007193
15494,2,2011-08-10T15:29:00Z,1127.38,121.88958333333333,99.97361111111111,1,120,United Kingdom,0.9907942161065332
15497,2,2011-01-24T10:01:00Z,970.6,320.1173611111111,302.0763888888889,1,13,United Kingdom,0.5060827241558099
15498,27,2010-12-08T12:29:00Z,450.92,367.01458333333335,14.000507478632478,1,360,United Kingdom,0.9999999895984882
15502,12,2010-12-05T15:40:00Z,569.5,369.88194444444446,32.170959595959594,1,164,United Kingdom,0.9997215614752117
15503,1,2010-12-12T10:57:00Z,147.09,363.0784722222222,0,0,66,United Kingdom,0.9600670984265037
15505,5,2011-07-07T13:33:00Z,944.1600000000001,155.9701388888889,25.691493055555554,1,90,United Kingdom,0.9650153377175598
15506,3,2011-07-24T11:45:00Z,209.35,139.04513888888889,58.009027777777774,1,121,United Kingdom,0.9936143707870626
15507,1,2011-06-21T11:19:00Z,492.36,172.06319444444443,0,0,41,United Kingdom,0.7235566509488983
15508,6,2011-04-18T15:31:00Z,311.42,235.88819444444445,9.201666666666666,1,78,United Kingdom,0.9611273176570126
15510,1,2011-01-13T12:10:00Z,250,331.02777777777777,0,0,1,United Kingdom,0.4106679376816292
15512,2,2010-12-15T12:01:00Z,101.2,360.0340277777778,203.9298611111111,1,7,United Kingdom,0.5288179305142385
15513,19,2010-12-01T11:22:00Z,357,374.06111111111113,18.896373456790123,1,183,United Kingdom,0.9999035833964366
15514,11,2010-12-10T13:50:00Z,1136.3200000000002,364.9583333333333,35.203472222222224,1,96,United Kingdom,0.988843178101818
15517,1,2011-04-20T14:02:00Z,267.03000000000003,233.95,0,0,27,United Kingdom,0.6371876581608615
15518,8,2011-01-11T12:55:00Z,364.91,332.99652777777777,38.28670634920635,1,135,United Kingdom,0.9986062384357836
15521,8,2011-03-30T09:15:00Z,475.69,255.14930555555554,30.597916666666666,1,116,United Kingdom,0.9946269925076687
15525,3,2010-12-01T13:17:00Z,313.93,373.98125,185.5298611111111,1,133,United Kingdom,0.9987227033573272
15527,8,2010-12-20T14:15:00Z,221.4,354.94097222222223,47.98829365079365,1,127,United Kingdom,0.998152451311283
15528,1,2011-03-30T16:14:00Z,229.33,254.85833333333332,0,0,26,United Kingdom,0.6483726728810041
15529,11,2010-12-08T12:24:00Z,295.66,367.0180555555556,34.39618055555555,1,415,United Kingdom,0.999999999425738
15530,4,2011-04-07T11:16:00Z,553.13,247.06527777777777,75.01597222222223,1,90,United Kingdom,0.9784489743576599
15532,4,2010-12-16T16:45:00Z,356.35,358.83680555555554,110.97361111111111,1,205,United Kingdom,0.9999671368630849
15535,4,2011-01-16T12:35:00Z,270.34,328.0104166666667,51.38125,1,55,United Kingdom,0.9186427323034169
15537,1,2011-06-29T13:10:00Z,110.92,163.98611111111111,0,0,24,United Kingdom,0.5362275919117864
15541,1,2011-08-17T14:58:00Z,85.13000000000001,114.91111111111111,0,0,29,United Kingdom,0.5495174430794882
15543,1,2011-02-24T15:26:00Z,127.86,288.89166666666665,0,0,26,United Kingdom,0.6870335977108557
15544,9,2010-12-02T12:47:00Z,354.54,373.00208333333336,45.39548611111111,1,122,United Kingdom,0.997707096022578
15545,2,2010-12-03T17:28:00Z,135.33,371.80694444444447,316.8305555555556,1,78,United Kingdom,0.9790370006291473
15547,14,2010-12-12T13:26:00Z,767.37,362.975,27.30587606837607,1,441,United Kingdom,0.9999999998283965
15549,3,2011-01-27T15:38:00Z,942.1,316.8833333333333,119.51527777777778,1,104,United Kingdom,0.9913593001852217
15550,4,2011-02-11T12:49:00Z,137.9,302.00069444444443,99.03912037037037,1,43,United Kingdom,0.848533348319003
15552,1,2011-05-06T14:47:00Z,90.12,217.91875,0,0,17,United Kingdom,0.5052830067300939
15554,1,2011-03-07T09:00:00Z,217.2,278.15972222222223,0,0,14,United Kingdom,0.5232617372480498
15555,16,2010-12-05T14:45:00Z,198.43,369.9201388888889,23.80435185185185,1,401,United Kingdom,0.9999999988566431
15561,4,2011-05-08T11:38:00Z,265.75,216.05,67.99282407407408,1,27,United Kingdom,0.61913507485759
15562,1,2010-12-23T09:55:00Z,134.55,352.12152777777777,0,0,1,United Kingdom,0.44047257866274475
15563,4,2010-12-16T11:27:00Z,270.19,359.0576388888889,112.04699074074074,1,88,United Kingdom,0.9862398730209828
15569,5,2011-01-11T13:26:00Z,288.5,332.975,57.21684027777778,1,27,United Kingdom,0.7284974887829077
15570,12,2010-12-05T12:57:00Z,517.65,369.9951388888889,32.91603535353536,1,231,United Kingdom,0.9999915292630323
15572,7,2011-03-06T14:44:00Z,225.14,278.92083333333335,45.63483796296296,1,166,United Kingdom,0.9996600041505086
15574,4,2010-12-02T15:46:00Z,375.65,372.8777777777778,64.94791666666667,1,131,United Kingdom,0.9985529995888589
15577,3,2011-02-07T13:32:00Z,29.65,305.97083333333336,77.07326388888889,1,39,United Kingdom,0.8265329175149974
15578,1,2011-06-30T13:03:00Z,127.10000000000001,162.9909722222222,0,0,13,United Kingdom,0.39304097004910565
15579,2,2011-01-30T12:09:00Z,199.6,314.0284722222222,245.025,1,45,United Kingdom,0.865630949242727
15581,13,2010-12-08T14:38:00Z,272.34000000000003,366.925,20.48263888888889,1,134,United Kingdom,0.9987632411059011
15582,3,2011-05-03T13:36:00Z,303.61,220.96805555555557,97.92326388888888,1,39,United Kingdom,0.7540375884055405
15584,4,2011-06-30T16:39:00Z,154.65,162.84097222222223,46.25370370370371,1,89,United Kingdom,0.9707868902361654
15585,1,2011-06-16T08:38:00Z,455.3,177.175,0,0,31,United Kingdom,0.6165477050880079
15587,4,2010-12-23T09:59:00Z,344.88,352.11875,100.3837962962963,1,3,United Kingdom,0.4524125673607273
15589,3,2011-02-02T10:46:00Z,184.95,311.0861111111111,27.481944444444444,1,28,United Kingdom,0.7253834308116297
15594,5,2011-04-19T10:08:00Z,267.91,235.1125,54.736979166666664,1,85,United Kingdom,0.9728638628129798
15596,5,2010-12-09T16:10:00Z,402.32,365.8611111111111,66.1953125,1,51,United Kingdom,0.9125919464191021
15599,2,2011-05-19T13:05:00Z,448.83,204.98958333333334,177.94375,1,50,United Kingdom,0.8297360692435702
15601,14,2010-12-02T10:39:00Z,768.38,373.0909722222222,27.78397435897436,1,230,United Kingdom,0.9999905945949695
15602,9,2010-12-06T15:35:00Z,92.55,368.8854166666667,44.99296875,1,30,United Kingdom,0.7941697480630913
15605,5,2010-12-01T13:38:00Z,194.85,373.96666666666664,84.25677083333333,1,61,United Kingdom,0.9504908070580735
15606,9,2011-01-19T12:07:00Z,305.6,325.02986111111113,32.89409722222222,1,48,United Kingdom,0.8847671721453881
15607,1,2011-01-07T12:44:00Z,104.76,337.00416666666666,0,0,13,United Kingdom,0.5808091044794483
15608,4,2011-08-11T09:56:00Z,285.68,121.12083333333334,30.71388888888889,1,59,United Kingdom,0.8494557543081694
15609,1,2011-06-08T13:00:00Z,298.48,184.99305555555554,0,0,16,United Kingdom,0.4431004149448207
15611,13,2011-01-09T11:32:00Z,104.25,335.0541666666667,27.087037037037035,1,23,United Kingdom,0.6978283007099537
15615,23,2010-12-15T16:21:00Z,1048.64,359.8534722222222,15.860511363636363,1,184,United Kingdom,0.9998831484552035
15618,4,2011-07-26T10:13:00Z,222.831,137.10902777777778,34.643750000000004,1,39,United Kingdom,0.6852191195155676
15620,3,2010-12-16T14:34:00Z,424.49,358.9277777777778,150.9607638888889,1,92,United Kingdom,0.988324506793265
15622,9,2011-03-02T13:42:00Z,576,282.9638888888889,29.890798611111112,1,169,United Kingdom,0.9996863541336258
15623,1,2011-07-21T17:26:00Z,301.03,141.80833333333334,0,0,19,United Kingdom,0.435165829568068
15624,4,2011-03-28T13:32:00Z,183.9,256.97083333333336,46.640277777777776,1,26,United Kingdom,0.653179949684066
15625,4,2011-04-18T14:01:00Z,695.3299999999999,235.95069444444445,43.949074074074076,1,44,United Kingdom,0.7927305631125202
15626,2,2011-01-14T10:10:00Z,281.88,330.1111111111111,254.9951388888889,1,49,United Kingdom,0.892696909110314
15628,9,2010-12-08T09:51:00Z,319.18,367.12430555555557,45.252864583333334,1,85,United Kingdom,0.9843023277058278
15630,2,2011-05-19T10:16:00Z,396.86,205.10694444444445,159.22222222222223,1,57,United Kingdom,0.8766872919101406
15632,8,2011-03-10T08:29:00Z,394.63,275.18125,37.00813492063492,1,107,United Kingdom,0.9923241745693585
15636,2,2011-03-02T14:50:00Z,306.7,282.9166666666667,192.85208333333333,1,20,United Kingdom,0.5990835053519652
15639,1,2011-07-28T14:30:00Z,425.32,134.93055555555554,0,0,25,United Kingdom,0.4970208619367053
15640,15,2010-12-02T15:40:00Z,333.72,372.88194444444446,26.28249007936508,1,240,United Kingdom,0.9999950058313443
15641,4,2010-12-15T14:45:00Z,308.37,359.9201388888889,84.65717592592593,1,102,United Kingdom,0.993258280816644
15643,3,2011-03-02T14:34:00Z,337.1,282.9277777777778,45.355555555555554,1,31,United Kingdom,0.7240814502627199
15644,4,2011-03-23T15:37:00Z,202.22,261.88402777777776,31.65671296296296,1,166,United Kingdom,0.9996361455310849
15646,3,2010-12-02T16:59:00Z,189.8,372.82708333333335,107.35208333333334,1,35,United Kingdom,0.8321967906633032
15648,2,2011-03-17T18:59:00Z,316.85,267.74375,62.87083333333333,1,23,United Kingdom,0.619852220623473
15649,2,2010-12-07T10:06:00Z,510,368.1138888888889,31.144444444444446,1,1,United Kingdom,0.4331592476928162
15651,3,2011-03-24T08:56:00Z,227.32,261.1625,111.99479166666667,1,27,United Kingdom,0.666342283533725
15652,1,2011-09-09T14:22:00Z,337.74,91.93611111111112,0,0,21,United Kingdom,0.4054123371472061
15653,2,2011-08-16T09:50:00Z,48,116.125,23.040972222222223,1,4,United Kingdom,0.2527069540588687
15655,1,2011-04-10T15:25:00Z,560.6700000000001,243.89236111111111,0,0,34,United Kingdom,0.7093532069982543
15656,4,2011-02-28T15:32:00Z,242.95,284.8875,79.65833333333333,1,46,United Kingdom,0.8553204191738579
15658,5,2010-12-02T10:53:00Z,306.2,373.08125,45.54670138888889,1,40,United Kingdom,0.8619118308490819
15660,9,2010-12-09T09:49:00Z,209.3,366.12569444444443,42.53723958333333,1,55,United Kingdom,0.9312130895233163
15661,2,2011-01-05T12:32:00Z,116,339.0125,21.058333333333334,1,4,United Kingdom,0.4661905008241839
15663,1,2011-08-25T15:50:00Z,138.14,106.875,0,0,9,United Kingdom,0.2914122621958308
15665,2,2011-04-10T15:09:00Z,1476.22,243.90347222222223,74.99166666666666,1,92,United Kingdom,0.9749629337160578
15668,1,2011-05-06T10:39:00Z,76.32000000000001,218.09097222222223,0,0,1,United Kingdom,0.3089129807451408
15669,4,2011-03-21T09:13:00Z,198.8,264.15069444444447,74.42824074074075,1,31,United Kingdom,0.7150131302292282
15670,1,2011-02-16T10:50:00Z,173.05,297.0833333333333,0,0,12,United Kingdom,0.5207388340643373
15671,7,2011-03-14T09:37:00Z,356.19,271.13402777777776,42.02152777777778,1,52,United Kingdom,0.8806854719127104
15673,4,2011-01-16T16:25:00Z,969.95,327.85069444444446,79.6636574074074,1,107,United Kingdom,0.9928861559473365
15674,5,2011-03-30T09:19:00Z,355.12,255.14652777777778,45.312152777777776,1,88,United Kingdom,0.9780976512666172
15675,3,2011-03-04T14:21:00Z,45,280.93680555555557,99.48854166666666,1,20,United Kingdom,0.6135195582307722
15676,3,2011-03-01T10:19:00Z,897.8,284.1048611111111,132.54895833333333,1,191,United Kingdom,0.9998915594285609
15679,4,2011-06-10T08:24:00Z,178.22,183.18472222222223,52.776620370370374,1,98,United Kingdom,0.9829228623949493
15680,3,2010-12-08T14:43:00Z,478.89,366.9215277777778,178.48020833333334,1,61,United Kingdom,0.9452823213602093
15681,5,2011-03-04T13:46:00Z,345.68,280.9611111111111,63.77847222222222,1,32,United Kingdom,0.7322217419043728
15683,1,2011-08-14T12:56:00Z,193.75,117.99583333333334,0,0,10,United Kingdom,0.3093719447549845
15687,9,2011-01-13T15:13:00Z,353.5,330.90069444444447,40.21527777777778,1,119,United Kingdom,0.9967876894727729
15689,2,2010-12-13T09:57:00Z,103.5,362.1201388888889,241.98611111111111,1,8,United Kingdom,0.5438275247072297
15690,2,2011-08-31T11:40:00Z,111,101.04861111111111,96.17986111111111,1,19,United Kingdom,0.4043343064825644
15691,1,2011-04-01T15:13:00Z,136.8,252.90069444444444,0,0,2,United Kingdom,0.3501754834420533
15694,14,2010-12-02T07:49:00Z,306.4,373.2090277777778,28.621527777777775,1,42,United Kingdom,0.8738682952193013
15695,2,2011-03-18T08:31:00Z,359.73,267.1798611111111,6.944444444444445e-4,1,22,United Kingdom,0.6042576891090488
15696,8,2011-01-17T11:24:00Z,493.45,327.0597222222222,41.87281746031746,1,140,United Kingdom,0.9988585133803107
15700,2,2011-06-19T15:36:00Z,692.78,173.88472222222222,1.0534722222222221,1,85,United Kingdom,0.9608974167682939
15701,4,2011-08-21T12:36:00Z,857,111.00972222222222,36.02847222222222,1,193,United Kingdom,0.9997951533516718
15703,1,2011-03-20T10:51:00Z,211.5,265.0826388888889,0,0,5,United Kingdom,0.3942731458695005
15704,4,2011-05-08T12:42:00Z,938.85,216.00555555555556,25.01226851851852,1,79,United Kingdom,0.9529298197636634
15705,1,2011-05-22T15:37:00Z,143.1,201.8840277777778,0,0,6,United Kingdom,0.34671211127896145
15706,4,2011-08-15T14:32:00Z,450.05,116.92916666666666,17.605787037037036,1,50,United Kingdom,0.7687900390257643
15708,7,2010-12-05T11:12:00Z,350.68,370.06805555555553,54.831250000000004,1,124,United Kingdom,0.9979084886723022
15709,1,2011-03-01T10:38:00Z,133.25,284.09166666666664,0,0,6,United Kingdom,0.43183594838133416
15712,5,2011-02-25T11:32:00Z,299.8,288.0541666666667,69.52725694444445,1,41,United Kingdom,0.8199608840991021
15713,2,2010-12-08T15:16:00Z,171.15,366.8986111111111,222.92916666666667,1,18,United Kingdom,0.6677080555067191
15716,4,2010-12-05T12:26:00Z,547.1,370.01666666666665,74.66041666666666,1,101,United Kingdom,0.9927648236338278
15717,1,2011-04-19T13:21:00Z,150.3,234.97847222222222,0,0,7,United Kingdom,0.39174991649850105
15719,13,2011-01-06T12:31:00Z,433.04,338.0131944444444,25.41655092592593,1,299,United Kingdom,0.9999997212903592
15722,5,2011-02-22T12:24:00Z,324.05,291.0180555555556,63.74288194444444,1,45,United Kingdom,0.849440496772452
15723,1,2010-12-10T11:12:00Z,203.1,365.06805555555553,0,0,37,United Kingdom,0.8413029213273789
15724,2,2011-02-28T10:40:00Z,103.65,285.09027777777777,83.16666666666667,1,11,United Kingdom,0.499345423274252
15727,7,2010-12-15T15:47:00Z,1536.85,359.87708333333336,57.144560185185185,1,213,United Kingdom,0.999970510112845
15729,1,2011-05-11T12:36:00Z,85,213.00972222222222,0,0,5,United Kingdom,0.3493599306807065
15730,3,2011-05-17T12:43:00Z,467.43,207.0048611111111,70.49583333333334,1,68,United Kingdom,0.9256807101030367
15732,2,2010-12-02T15:00:00Z,138.1,372.90972222222223,159.975,1,13,United Kingdom,0.616100522896455
15733,1,2011-03-02T09:05:00Z,162.3,283.15625,0,0,10,United Kingdom,0.4804083549301125
15734,2,2011-05-23T14:59:00Z,578.6500000000001,200.91041666666666,85.82708333333333,1,25,United Kingdom,0.5581825599918182
15737,8,2011-04-11T10:01:00Z,475.88,243.1173611111111,32.579365079365076,1,60,United Kingdom,0.9056118459389636
15738,16,2010-12-02T12:50:00Z,329.65,373,23.587777777777777,1,46,United Kingdom,0.8943761369174913
15743,4,2011-06-08T10:14:00Z,322.55,185.10833333333332,56.098379629629626,1,59,United Kingdom,0.880601711481662
15745,4,2011-04-17T13:04:00Z,302.85,236.99027777777778,72.34282407407407,1,57,United Kingdom,0.893264258342116
15746,1,2011-07-28T15:21:00Z,196.88,134.89513888888888,0,0,28,United Kingdom,0.5508197148298534
15747,3,2011-06-20T11:30:00Z,242.65,173.05555555555554,80.01944444444445,1,52,United Kingdom,0.8325081718469874
15749,3,2011-01-11T12:55:00Z,15160.900000000001,332.99652777777777,48.50868055555556,1,5,United Kingdom,0.016619704797712995
15750,8,2010-12-08T10:36:00Z,301.52,367.09305555555557,52.01170634920635,1,214,United Kingdom,0.9999804143096799
15752,7,2010-12-02T09:43:00Z,259.65000000000003,373.1298611111111,55.513194444444444,1,236,United Kingdom,0.9999939785539314
15753,1,2011-02-08T12:41:00Z,79.2,305.00625,0,0,1,United Kingdom,0.39436781505642454
15754,3,2011-04-07T12:24:00Z,91.8,247.01805555555555,97.54722222222222,1,24,United Kingdom,0.6248874216083992
15755,6,2011-02-18T11:53:00Z,314.68,295.0395833333333,56.82555555555556,1,127,United Kingdom,0.9975460928100534
15756,4,2011-04-04T14:00:00Z,123.59,249.95138888888889,62.65972222222222,1,160,United Kingdom,0.9994875869430874
15757,2,2011-05-06T11:40:00Z,261.36,218.04861111111111,152.0236111111111,1,43,United Kingdom,0.7902501717562626
15759,3,2010-12-16T15:29:00Z,97.24000000000001,358.88958333333335,69.99444444444444,1,5,United Kingdom,0.5019099815266848
15764,6,2011-03-08T09:23:00Z,1120.93,277.14375,37.671527777777776,1,150,United Kingdom,0.9990046059710184
15768,3,2011-04-28T09:20:00Z,354.35,226.14583333333334,55.03055555555556,1,23,United Kingdom,0.574100518364719
15769,26,2010-12-03T15:16:00Z,91.8,371.8986111111111,14.557666666666666,1,26,United Kingdom,0.7605742603916085
15775,1,2011-04-08T12:56:00Z,104.9,245.99583333333334,0,0,7,United Kingdom,0.40607998945111673
15776,1,2011-07-29T13:46:00Z,241.62,133.9611111111111,0,0,18,United Kingdom,0.4179775700095715
15777,4,2010-12-13T16:38:00Z,365.55,361.84166666666664,40.00115740740741,1,18,United Kingdom,0.6512630634392073
15780,3,2010-12-17T11:43:00Z,177.15,358.0465277777778,87.00625,1,26,United Kingdom,0.7452094490104317
15781,3,2011-02-07T09:15:00Z,83.35,306.14930555555554,140.11875,1,20,United Kingdom,0.6367679237310425
15785,5,2011-02-17T14:17:00Z,928.58,295.93958333333336,65.72152777777778,1,58,United Kingdom,0.906105088294678
15786,3,2011-08-17T13:33:00Z,3160.84,114.97013888888888,34.013888888888886,1,257,United Kingdom,0.9999866647096056
15789,1,2010-12-16T14:35:00Z,351.3,358.9270833333333,0,0,25,United Kingdom,0.7269412952984736
15791,2,2011-05-19T15:15:00Z,1223.24,204.89930555555554,160.79097222222222,1,66,United Kingdom,0.9011176441160357
15793,3,2011-03-16T10:45:00Z,306.64,269.08680555555554,126.97430555555556,1,6,United Kingdom,0.4048714852273962
15795,1,2011-07-13T10:43:00Z,610.01,150.08819444444444,0,0,42,United Kingdom,0.7084215121249894
15796,8,2011-02-10T15:40:00Z,343.92,302.88194444444446,43.02529761904761,1,70,United Kingdom,0.9558262395524056
15797,4,2011-01-24T15:47:00Z,15,319.87708333333336,68.68449074074074,1,8,United Kingdom,0.5039744708141122
15799,3,2011-01-09T15:13:00Z,320.21999999999997,334.90069444444447,129.44895833333334,1,94,United Kingdom,0.9886336585351838
15800,2,2011-04-07T12:39:00Z,244.5,247.0076388888889,139.07222222222222,1,116,United Kingdom,0.9947626314464112
15801,3,2011-08-22T09:53:00Z,137.22,110.12291666666667,31.58298611111111,1,61,United Kingdom,0.8612440819424064
15802,1,2011-07-20T11:38:00Z,451.42,143.05,0,0,1,United Kingdom,0.2262372601489824
15804,13,2011-05-25T10:12:00Z,525.36,199.10972222222222,16.50804398148148,1,170,United Kingdom,0.999577339162689
15805,17,2010-12-10T09:33:00Z,370.8,365.13680555555555,21.330685763888887,1,220,United Kingdom,0.9999852675746258
15806,3,2011-03-08T09:24:00Z,300.36,277.1430555555556,115.10798611111112,1,24,United Kingdom,0.6424379475956417
15808,4,2010-12-05T13:05:00Z,1021.45,369.9895833333333,21.02037037037037,1,142,United Kingdom,0.9990180302560487
15809,5,2011-02-10T11:16:00Z,198.8,303.0652777777778,66.55625,1,31,United Kingdom,0.7481259001657662
15810,4,2011-02-16T09:11:00Z,377.32,297.15208333333334,72.67291666666667,1,66,United Kingdom,0.9444382764389961
15811,6,2010-12-09T15:29:00Z,289.85,365.88958333333335,68.60027777777778,1,117,United Kingdom,0.9969883849639124
15812,5,2011-01-26T12:12:00Z,244.8,318.0263888888889,52.52204861111111,1,36,United Kingdom,0.8023416544211206
15813,2,2011-04-14T09:09:00Z,770.65,240.15347222222223,31.961111111111112,1,40,United Kingdom,0.756232013698751
15815,5,2011-03-25T08:43:00Z,427,260.1715277777778,49.041493055555556,1,33,United Kingdom,0.7203526068742362
15819,4,2011-03-08T09:45:00Z,639.64,277.12847222222223,75.73726851851852,1,96,United Kingdom,0.9857216383007253
15820,1,2011-01-24T12:00:00Z,206.98,320.03472222222223,0,0,17,United Kingdom,0.6066369146560463
15822,2,2010-12-15T13:38:00Z,440.2,359.96666666666664,356.05,1,28,United Kingdom,0.7532397054763618
15823,1,2010-12-02T15:08:00Z,15,372.90416666666664,0,0,1,United Kingdom,0.47064601597140004
15825,1,2011-06-20T13:27:00Z,532.94,172.97430555555556,0,0,20,United Kingdom,0.466322007497614
15826,3,2011-05-13T10:44:00Z,720,211.0875,77.11145833333333,1,64,United Kingdom,0.9059812001278628
15827,14,2010-12-02T13:06:00Z,98.18,372.9888888888889,23.0079594017094,1,72,United Kingdom,0.9720018385627195
15829,2,2011-07-22T10:23:00Z,325.44,141.10208333333333,41.265277777777776,1,44,United Kingdom,0.7364701351989548
15831,3,2011-01-19T14:52:00Z,309.94,324.91527777777776,132.96597222222223,1,63,United Kingdom,0.9435095588566449
15832,1,2011-03-30T15:29:00Z,836.79,254.88958333333332,0,0,54,United Kingdom,0.8705101667317391
15834,4,2011-03-07T17:52:00Z,1031.37,277.79027777777776,68.95578703703704,1,242,United Kingdom,0.999991825677241
15835,4,2011-01-13T10:35:00Z,301.11,331.09375,95.40555555555555,1,47,United Kingdom,0.8822524464665078
15838,19,2010-12-07T11:26:00Z,957.5,368.05833333333334,19.783719135802468,1,54,United Kingdom,0.9140771120453635
15839,3,2011-07-14T16:35:00Z,299.18,148.84375,57.444097222222226,1,56,United Kingdom,0.8443893680014417
15840,2,2011-06-20T11:42:00Z,241.74,173.04722222222222,113.89305555555555,1,26,United Kingdom,0.5631064893440189
15841,4,2011-01-05T11:25:00Z,331.6,339.05902777777777,88.67824074074075,1,36,United Kingdom,0.8129525257491391
15843,1,2011-02-09T10:19:00Z,118.95,304.1048611111111,0,0,8,United Kingdom,0.4800241258654658
15845,8,2011-01-06T17:19:00Z,303.36,337.81319444444443,45.66894841269841,1,97,United Kingdom,0.9904205655915438
15847,2,2011-02-24T16:46:00Z,180.68,288.8361111111111,249.91319444444446,1,22,United Kingdom,0.6374754593275774
15850,2,2011-06-24T14:16:00Z,118.88,168.94027777777777,148.9986111111111,1,87,United Kingdom,0.9687970840354317
15852,2,2011-05-26T13:26:00Z,103.21000000000001,197.975,10.91388888888889,1,22,United Kingdom,0.5475505019601885
15854,12,2010-12-13T11:47:00Z,230.1,362.04375,32.46161616161616,1,105,United Kingdom,0.9943940541776967
15855,5,2011-03-21T12:32:00Z,95.8,264.0125,31.727083333333333,1,59,United Kingdom,0.9168438778876625
15856,27,2010-12-09T13:34:00Z,1571.32,365.96944444444443,13.890357905982906,1,295,United Kingdom,0.9999995896447361
15858,5,2010-12-07T14:31:00Z,383.93,367.9298611111111,87.98211805555556,1,145,United Kingdom,0.9992832423055614
15860,8,2010-12-06T11:38:00Z,102.66,369.05,46.855853174603176,1,105,United Kingdom,0.9947398887622821
15861,8,2011-03-17T20:12:00Z,474.19,267.69305555555553,36.40347222222222,1,339,United Kingdom,0.999999952095452
15862,4,2010-12-01T11:21:00Z,354.23,374.06180555555557,121.69606481481482,1,142,United Kingdom,0.9991908598447268
15863,2,2011-05-31T11:36:00Z,9.2,193.05138888888888,167.05069444444445,1,18,United Kingdom,0.4966383852214434
15864,6,2011-01-27T16:43:00Z,242.42000000000002,316.83819444444447,58.773472222222225,1,16,United Kingdom,0.5885704740299855
15865,3,2011-05-10T11:44:00Z,313.93,214.04583333333332,86.52048611111111,1,37,United Kingdom,0.7278368054000298
15866,1,2011-08-30T14:09:00Z,230.53,101.94513888888889,0,0,43,United Kingdom,0.6965654219695658
15867,15,2010-12-05T14:17:00Z,112.9,369.93958333333336,25.997767857142858,1,302,United Kingdom,0.9999998091590189
15869,2,2011-03-07T17:19:00Z,61.589999999999996,277.81319444444443,0.002777777777777778,1,13,United Kingdom,0.5201792083602713
15874,7,2011-02-28T13:28:00Z,584.35,284.9736111111111,36.82673611111111,1,110,United Kingdom,0.9933741930340908
15880,1,2010-12-05T13:00:00Z,343.28000000000003,369.99305555555554,0,0,95,United Kingdom,0.9906566918707913
15881,5,2010-12-10T13:32:00Z,114.45,364.97083333333336,13.0359375,1,26,United Kingdom,0.7539524733338807
15882,4,2010-12-06T13:01:00Z,270.52,368.9923611111111,56.646759259259255,1,23,United Kingdom,0.7191590827195569
15885,3,2011-02-03T15:28:00Z,15,309.8902777777778,108.40104166666667,1,18,United Kingdom,0.6205274456373411
15889,2,2010-12-05T15:12:00Z,297.92,369.9013888888889,212.83194444444445,1,79,United Kingdom,0.9790522500623666
15891,1,2011-04-27T12:35:00Z,524.52,227.01041666666666,0,0,60,United Kingdom,0.8983018540970963
15894,2,2010-12-05T14:06:00Z,156.74,369.9472222222222,115.9888888888889,1,35,United Kingdom,0.8316703246541177
15895,1,2011-07-13T10:27:00Z,179.17,150.09930555555556,0,0,11,United Kingdom,0.35250500450181077
15897,2,2011-05-29T13:32:00Z,119.71,194.97083333333333,0.0125,1,17,United Kingdom,0.47846113946137986
15898,5,2010-12-06T11:01:00Z,382.69,369.0756944444444,91.79548611111112,1,70,United Kingdom,0.9661478585451169
15899,1,2010-12-06T10:36:00Z,56.25,369.09305555555557,0,0,4,United Kingdom,0.5026983261760579
15901,3,2011-07-08T12:18:00Z,110.49,155.0222222222222,69.00868055555556,1,102,United Kingdom,0.9845746716450242
15903,7,2011-02-17T14:04:00Z,161.28,295.9486111111111,47.62546296296296,1,46,United Kingdom,0.863713882855394
15906,7,2011-03-29T13:28:00Z,341.93,255.9736111111111,39.32592592592592,1,113,United Kingdom,0.9939648245442801
15907,3,2011-05-13T13:01:00Z,251.18,210.9923611111111,103.48611111111111,1,175,United Kingdom,0.9997119311598816
15909,1,2011-06-19T10:38:00Z,191.94,174.09166666666667,0,0,7,United Kingdom,0.32848688097531004
15910,8,2011-01-27T11:55:00Z,149.49,317.03819444444446,45.13650793650794,1,215,United Kingdom,0.9999778052949807
15912,2,2011-04-20T17:10:00Z,141.49,233.81944444444446,54.888194444444444,1,19,United Kingdom,0.5449735780245053
15916,8,2010-12-08T13:07:00Z,142.95,366.98819444444445,50.00386904761905,1,124,United Kingdom,0.9979932748151599
15917,1,2011-04-06T10:40:00Z,123.1,248.09027777777777,0,0,12,United Kingdom,0.47095492956126844
15918,2,2011-03-13T15:55:00Z,142,271.87152777777777,80.82430555555555,1,33,United Kingdom,0.7450108050113079
15919,2,2010-12-06T11:26:00Z,270.71999999999997,369.05833333333334,349.00138888888887,1,103,United Kingdom,0.9939049722286825
15920,4,2011-07-08T15:16:00Z,35.33,154.8986111111111,0.003472222222222222,1,53,United Kingdom,0.8363606137875549
15921,1,2011-06-20T11:03:00Z,336.03000000000003,173.07430555555555,0,0,24,United Kingdom,0.5312516658266693
15922,1,2010-12-01T13:51:00Z,369.5,373.9576388888889,0,0,11,United Kingdom,0.577534469521705
15923,1,2010-12-02T12:16:00Z,127.08,373.0236111111111,0,0,21,United Kingdom,0.7092606522522531
15925,1,2011-05-29T15:35:00Z,207.15,194.88541666666666,0,0,12,United Kingdom,0.40871989382059326
15932,8,2011-02-23T14:50:00Z,317.73,289.9166666666667,40.728472222222216,1,93,United Kingdom,0.9855042070356571
15935,2,2011-04-12T09:35:00Z,308.82,242.13541666666666,2.161111111111111,1,12,United Kingdom,0.4523559457975905
15938,5,2011-01-20T10:11:00Z,74.9,324.11041666666665,52.778645833333336,1,13,United Kingdom,0.5690687344096137
15939,15,2011-01-12T12:43:00Z,747.0600000000001,332.0048611111111,17.282093253968252,1,28,United Kingdom,0.7137563131862034
15940,1,2011-02-01T16:18:00Z,35.8,311.85555555555555,0,0,1,United Kingdom,0.4042405575190172
15942,1,2011-07-29T09:01:00Z,337.44,134.15902777777777,0,0,14,United Kingdom,0.36280862938326625
15944,1,2011-03-08T10:33:00Z,325.1,277.09513888888887,0,0,6,United Kingdom,0.41208680560649547
15945,1,2010-12-09T13:14:00Z,181,365.98333333333335,0,0,2,United Kingdom,0.4651912545859414
15950,4,2010-12-15T11:56:00Z,428.82,360.0375,109.32245370370372,1,86,United Kingdom,0.9841820632879362
15951,2,2011-02-27T11:57:00Z,375.17,286.03680555555553,276.8590277777778,1,36,United Kingdom,0.7734398987267792
15952,4,2011-04-28T12:55:00Z,232.65,225.99652777777777,63.9775462962963,1,65,United Kingdom,0.9248909740252663
15953,8,2010-12-05T15:15:00Z,209.84,369.89930555555554,50.57311507936508,1,63,United Kingdom,0.9542207228192997
15955,14,2010-12-02T11:22:00Z,572.38,373.06111111111113,26.778472222222224,1,137,United Kingdom,0.9988843590317613
15965,4,2010-12-07T13:18:00Z,156.19,367.98055555555555,116.71435185185186,1,88,United Kingdom,0.9871428391032631
15967,2,2011-01-25T11:57:00Z,173.8,319.03680555555553,295.15555555555557,1,73,United Kingdom,0.9659464724547889
15969,3,2011-06-07T12:19:00Z,308.7,186.02152777777778,91.47465277777778,1,20,United Kingdom,0.49521438054676575
15970,1,2011-02-09T12:08:00Z,314.09999999999997,304.02916666666664,0,0,11,United Kingdom,0.5059950547786508
15971,12,2011-02-01T16:47:00Z,762,311.8354166666667,26.71231060606061,1,10,United Kingdom,0.47195570461381964
15973,1,2010-12-08T11:42:00Z,307.82,367.0472222222222,0,0,4,United Kingdom,0.4838864150303096
15974,7,2011-02-24T10:10:00Z,769.24,289.1111111111111,41.52118055555555,1,141,United Kingdom,0.9986262257946099
15976,2,2011-05-03T17:12:00Z,209.99,220.81805555555556,54.825,1,83,United Kingdom,0.9685933238645349
15980,3,2011-03-30T15:05:00Z,760.18,254.90625,82.8875,1,40,United Kingdom,0.7683258116793712
15981,8,2011-02-01T13:50:00Z,270,311.9583333333333,40.96527777777778,1,53,United Kingdom,0.9047085863799107
15983,4,2010-12-01T12:15:00Z,440.89,374.02430555555554,117.0738425925926,1,82,United Kingdom,0.9816654560497253
15984,10,2010-12-06T13:21:00Z,122.7,368.9784722222222,40.6616512345679,1,217,United Kingdom,0.999984142097321
15985,2,2011-04-17T11:04:00Z,899.58,237.07361111111112,113.22708333333334,1,29,United Kingdom,0.62565448124813
15987,7,2010-12-06T08:34:00Z,113.48,369.1777777777778,59.382407407407406,1,110,United Kingdom,0.995928362797201
15990,2,2011-02-25T15:35:00Z,401.37,287.8854166666667,243.01597222222222,1,52,United Kingdom,0.8869209655641683
15996,6,2010-12-08T15:59:00Z,263.25,366.86875,55.59375,1,103,United Kingdom,0.9938592148856948
15998,5,2010-12-12T13:32:00Z,863.39,362.97083333333336,81.49184027777778,1,370,United Kingdom,0.9999999929772988
16003,5,2010-12-15T12:09:00Z,1181,360.0284722222222,82.47708333333334,1,82,United Kingdom,0.9764413781271167
16005,4,2011-03-14T11:46:00Z,177.59,271.0444444444444,86.02800925925926,1,173,United Kingdom,0.9997584199964276
16006,1,2011-05-12T13:12:00Z,101.4,211.98472222222222,0,0,8,United Kingdom,0.38346504922719016
16007,4,2011-05-08T13:32:00Z,369.75,215.97083333333333,55.96597222222223,1,221,United Kingdom,0.9999732958641465
16008,3,2011-05-19T10:54:00Z,139.15,205.08055555555555,90.49236111111111,1,29,United Kingdom,0.6400440640384616
16009,4,2011-07-03T11:26:00Z,462.19,160.05833333333334,45.74189814814815,1,68,United Kingdom,0.9105134849009778
16010,3,2010-12-12T12:18:00Z,110.10000000000001,363.02222222222224,58.456944444444446,1,62,United Kingdom,0.9517377263020379
16011,16,2010-12-08T16:34:00Z,237.95,366.84444444444443,23.866527777777776,1,99,United Kingdom,0.9925015549997777
16012,3,2011-07-07T18:02:00Z,365.05,155.78333333333333,59.903819444444444,1,87,United Kingdom,0.9648892704021419
16013,47,2010-12-03T13:09:00Z,534,371.9868055555556,7.9976902173913045,1,30,United Kingdom,0.7768122744125441
16014,3,2011-02-21T17:42:00Z,262.93,291.7972222222222,126.88263888888889,1,123,United Kingdom,0.996980169123028
16016,8,2010-12-08T12:36:00Z,382.27,367.0097222222222,51.86894841269841,1,156,United Kingdom,0.9995935440695043
16018,2,2011-06-12T13:52:00Z,161.9,180.95694444444445,141.01458333333332,1,26,United Kingdom,0.5766797753823336
16019,9,2010-12-10T12:29:00Z,219.1,365.01458333333335,39.74670138888889,1,133,United Kingdom,0.9987048963854228
16022,1,2011-03-24T13:16:00Z,628.28,260.9819444444444,0,0,68,United Kingdom,0.9378372493692336
16023,3,2011-03-18T13:32:00Z,177.84,266.97083333333336,110.06319444444445,1,90,United Kingdom,0.9820302366102039
16027,6,2011-02-10T12:19:00Z,320.52,303.0215277777778,42.18722222222222,1,11,United Kingdom,0.5044790083888678
16029,63,2010-12-01T09:57:00Z,508.20000000000005,374.1201388888889,5.403561827956989,1,44,United Kingdom,0.8797574068646591
16030,1,2011-02-03T11:28:00Z,331.24,310.05694444444447,0,0,28,United Kingdom,0.7167202227578774
16031,2,2011-04-06T14:23:00Z,305.63,247.93541666666667,154.94722222222222,1,91,United Kingdom,0.9808583654075232
16033,20,2010-12-05T10:36:00Z,155.64000000000001,370.09305555555557,19.162573099415205,1,538,United Kingdom,0.9999999999990801
16034,3,2011-01-11T11:54:00Z,153.6,333.0388888888889,68.09131944444445,1,18,United Kingdom,0.6354360268964365
16036,2,2011-03-21T13:01:00Z,188.73000000000002,263.9923611111111,176.07777777777778,1,55,United Kingdom,0.8973315952920295
16037,3,2010-12-16T10:18:00Z,300.46,359.10555555555555,44.47743055555556,1,37,United Kingdom,0.8342976707372093
16038,3,2011-05-22T11:29:00Z,316.95,202.05625,97.02465277777777,1,24,United Kingdom,0.5636303482307106
16040,3,2011-03-16T09:58:00Z,422.43,269.11944444444447,101.57951388888888,1,57,United Kingdom,0.9031144996563851
16041,3,2011-07-21T16:27:00Z,675,141.84930555555556,55.41597222222222,1,6,United Kingdom,0.2622521701697935
16042,5,2011-01-11T13:25:00Z,24.95,332.97569444444446,77.54600694444444,1,68,United Kingdom,0.9602779082770654
16043,4,2011-01-26T11:14:00Z,307.85,318.06666666666666,93.35555555555555,1,30,United Kingdom,0.7451680412599965
16045,4,2011-02-22T14:55:00Z,664.45,290.91319444444446,56.96898148148148,1,71,United Kingdom,0.9521137637849952
16048,2,2010-12-01T15:27:00Z,251.40000000000003,373.8909722222222,6.944444444444445e-4,1,8,United Kingdom,0.5468074496014423
16050,1,2011-06-19T11:44:00Z,137.9,174.04583333333332,0,0,10,United Kingdom,0.3669761640191603
16053,2,2011-08-09T14:57:00Z,1124.19,122.91180555555556,89.85,1,81,United Kingdom,0.9345666364347057
16054,1,2011-07-17T13:08:00Z,783.9,145.9875,0,0,70,United Kingdom,0.907023678594012
16055,1,2011-05-03T09:26:00Z,134.8,221.14166666666668,0,0,8,United Kingdom,0.3907965054345591
16057,7,2011-02-28T10:35:00Z,683.98,285.09375,44.699999999999996,1,109,United Kingdom,0.9928427079609424
16059,6,2010-12-07T10:36:00Z,118.25,368.09305555555557,60.394444444444446,1,126,United Kingdom,0.998211154850085
16062,4,2010-12-10T12:00:00Z,247.56,365.03472222222223,118.33680555555556,1,50,United Kingdom,0.91141552620144894
16063,1,2011-03-24T14:55:00Z,335.32,260.91319444444446,0,0,23,United Kingdom,0.6116896370870312
16065,1,2010-12-09T13:03:00Z,372.09,365.99097222222224,0,0,71,United Kingdom,0.9674741461579296
16066,5,2011-08-07T14:33:00Z,316.38,124.92847222222223,26.972395833333334,1,77,United Kingdom,0.9354338539138913
16072,1,2011-02-24T14:32:00Z,584.3199999999999,288.9291666666667,0,0,23,United Kingdom,0.624856947703454
16073,1,2011-02-15T15:41:00Z,122.4,297.88125,0,0,1,United Kingdom,0.3843100593067848
16076,10,2011-05-15T12:31:00Z,305.45,209.01319444444445,22.7891975308642,1,71,United Kingdom,0.938738327191988
16078,1,2011-03-01T09:47:00Z,79.2,284.12708333333336,0,0,1,United Kingdom,0.3729579353531895
16080,2,2011-03-10T14:44:00Z,130.26,274.92083333333335,192.83194444444445,1,10,United Kingdom,0.4736070841012976
16081,5,2010-12-08T11:16:00Z,157.6,367.0652777777778,77.51909722222223,1,175,United Kingdom,0.9998571619346321
16083,2,2010-12-14T11:51:00Z,337.98,361.0409722222222,259.9555555555556,1,31,United Kingdom,0.7864009427150929
16084,1,2011-02-13T16:05:00Z,436.18,299.8645833333333,0,0,38,United Kingdom,0.7982756152472811
16085,5,2011-01-23T12:07:00Z,181.35,321.02986111111113,74.26336805555556,1,123,United Kingdom,0.9973953581289158
16086,5,2010-12-07T13:45:00Z,177.26,367.96180555555554,76.99375,1,24,United Kingdom,0.7334815434193029
16091,2,2011-05-25T09:18:00Z,157.25,199.1472222222222,43.97708333333333,1,16,United Kingdom,0.46756487063556734
16092,3,2011-03-30T15:38:00Z,310.87,254.88333333333333,69.89861111111111,1,37,United Kingdom,0.7616245917001647
16093,1,2011-08-25T11:09:00Z,17,107.07013888888889,0,0,1,United Kingdom,0.21907239279106172
16094,4,2011-05-04T13:57:00Z,252.1,219.95347222222222,69.31666666666666,1,48,United Kingdom,0.8315626149911985
16096,1,2011-03-20T13:38:00Z,320.62,264.96666666666664,0,0,12,United Kingdom,0.47620682834433314
16097,1,2011-04-13T13:47:00Z,185.04999999999998,240.96041666666667,0,0,10,United Kingdom,0.43353887290219145
16098,7,2010-12-01T09:45:00Z,430.6,374.12847222222223,47.66828703703703,1,34,United Kingdom,0.8162953376726324
16099,3,2011-04-28T08:34:00Z,318.3,226.17777777777778,87.596875,1,29,United Kingdom,0.6501679193308078
16102,3,2011-08-03T12:50:00Z,839.76,129,43.01006944444445,1,41,United Kingdom,0.6645653389389922
16103,6,2011-04-20T12:28:00Z,204.46,234.01527777777778,45.214999999999996,1,30,United Kingdom,0.6760629933544294
16105,1,2011-04-05T10:13:00Z,336.96,249.10902777777778,0,0,13,United Kingdom,0.4709288216481014
16107,7,2011-06-09T18:42:00Z,532.9,183.75555555555556,27.603935185185183,1,16,United Kingdom,0.4265781094560723
16109,2,2011-02-04T12:37:00Z,315,309.00902777777776,89.86111111111111,1,18,United Kingdom,0.6007968766738951
16110,3,2011-02-01T14:01:00Z,409.7,311.9506944444444,133.01180555555555,1,283,United Kingdom,0.9999992882128352
16112,4,2011-01-05T11:47:00Z,72,339.04375,65.03726851851852,1,15,United Kingdom,0.6100278643357762
16113,1,2011-06-09T16:16:00Z,161.38,183.85694444444445,0,0,30,United Kingdom,0.6293794677643895
16114,1,2011-06-22T10:13:00Z,135.75,171.10902777777778,0,0,8,United Kingdom,0.34046503650818805
16115,8,2011-02-20T12:14:00Z,138.83,293.025,40.42440476190477,1,169,United Kingdom,0.9997324542303543
16116,1,2011-05-12T12:01:00Z,612.78,212.03402777777777,0,0,34,United Kingdom,0.6770641649223607
16117,1,2011-06-03T11:42:00Z,232.21,190.04722222222222,0,0,30,United Kingdom,0.6312796872205956
16121,2,2011-05-08T11:52:00Z,287.89,216.0402777777778,158.04652777777778,1,170,United Kingdom,0.9996311036543928
16122,4,2010-12-08T11:41:00Z,105.72,367.04791666666665,97.72060185185184,1,26,United Kingdom,0.7560450982864982
16124,1,2011-01-26T14:45:00Z,249,317.9201388888889,0,0,11,United Kingdom,0.525331404389353
16125,1,2010-12-07T15:48:00Z,289.35,367.87638888888887,0,0,13,United Kingdom,0.6013945263496007
16126,4,2011-02-16T11:18:00Z,891.35,297.06388888888887,89.06597222222223,1,57,United Kingdom,0.9028904162245008
16128,5,2011-03-02T12:21:00Z,388.3,283.0201388888889,66.23836805555555,1,76,United Kingdom,0.964018601528635
16131,6,2011-04-14T08:32:00Z,1056.36,240.17916666666667,37.627916666666664,1,55,United Kingdom,0.8624326177674096
16133,33,2011-01-25T15:55:00Z,323.71,318.87152777777777,9.837868923611111,1,219,United Kingdom,0.99998126852577085
16134,2,2010-12-15T14:00:00Z,283.53000000000003,359.9513888888889,337.83680555555554,1,34,United Kingdom,0.8128707712948164
16135,1,2011-03-22T12:30:00Z,517.55,263.0138888888889,0,0,21,United Kingdom,0.5772744337658433
16136,3,2011-03-07T09:52:00Z,159.3,278.12361111111113,108.98541666666667,1,35,United Kingdom,0.7682702498231926
16139,3,2011-05-17T10:23:00Z,139.79999999999998,207.10208333333333,93.96319444444444,1,25,United Kingdom,0.5930213748494716
16140,2,2010-12-03T14:40:00Z,124.14,371.9236111111111,305.89930555555554,1,32,United Kingdom,0.8113684250861484
16142,1,2011-04-04T10:16:00Z,535.34,250.10694444444445,0,0,37,United Kingdom,0.7468053793929906
16143,6,2010-12-05T15:18:00Z,355.75,369.89722222222224,73.19097222222221,1,75,United Kingdom,0.973956302407059
16144,1,2011-04-07T10:09:00Z,175.2,247.11180555555555,0,0,1,United Kingdom,0.3306091034482029
16145,11,2010-12-15T09:09:00Z,302.78,360.1534722222222,35.10583333333334,1,134,United Kingdom,0.9987161656767821
16146,3,2011-04-21T15:25:00Z,385.69,232.89236111111111,37.47743055555556,1,26,United Kingdom,0.6166499123020963
16147,1,2011-07-29T09:57:00Z,375,134.1201388888889,0,0,22,United Kingdom,0.4606037531903698
16148,1,2011-02-16T14:01:00Z,76.32000000000001,296.9506944444444,0,0,1,United Kingdom,0.3862345425797958
16149,2,2011-07-20T14:54:00Z,163.68,142.9138888888889,137.85763888888889,1,18,United Kingdom,0.43249477589607127
16150,5,2010-12-02T18:27:00Z,393.42,372.7659722222222,82.43958333333333,1,91,United Kingdom,0.9885111075401125
16152,1,2011-03-16T09:47:00Z,1829.04,269.12708333333336,0,0,29,United Kingdom,0.6004481589223533
16153,5,2010-12-20T09:22:00Z,215.01,355.14444444444445,76.26527777777778,1,78,United Kingdom,0.9770340851085341
16156,9,2011-02-02T12:02:00Z,303.84000000000003,311.03333333333336,37.75347222222222,1,108,United Kingdom,0.9939000604933508
16159,1,2011-03-03T12:27:00Z,348.2,282.0159722222222,0,0,14,United Kingdom,0.5188074061498451
16161,19,2010-12-06T10:03:00Z,164.2,369.11597222222224,20.393788580246916,1,286,United Kingdom,0.99999955446303
16162,1,2011-04-01T15:03:00Z,37.4,252.9076388888889,0,0,2,United Kingdom,0.35617534761522973
16163,2,2010-12-09T16:28:00Z,441.6,365.8486111111111,132.94930555555555,1,5,United Kingdom,0.4867372741147029
16168,27,2010-12-05T11:38:00Z,275.8,370.05,13.809481837606837,1,57,United Kingdom,0.937543056149961
16170,6,2011-04-05T13:42:00Z,316.02,248.9638888888889,39.555416666666666,1,106,United Kingdom,0.9911380630723104
16172,5,2011-04-12T12:02:00Z,199.38,242.03333333333333,36.513888888888886,1,52,United Kingdom,0.8714797146192358
16173,6,2011-09-02T15:23:00Z,429.38,98.89375,16.5625,1,70,United Kingdom,0.897258908717535
16174,3,2011-07-11T09:23:00Z,322.15,152.14375,12.584375,1,19,United Kingdom,0.44483759827319563
16175,4,2011-04-13T14:38:00Z,272.86,240.925,48.66527777777778,1,45,United Kingdom,0.8214880105353722
16178,1,2011-07-24T16:05:00Z,197.9,138.86458333333334,0,0,8,United Kingdom,0.30629895398754076
16180,8,2011-04-01T10:23:00Z,413.88,253.10208333333333,21.75049603174603,1,90,United Kingdom,0.9797368649637223
16182,4,2011-02-18T10:11:00Z,825,295.11041666666665,74.04444444444444,1,17,United Kingdom,0.5404066115960321
16184,6,2011-05-12T13:33:00Z,148.22,211.9701388888889,29.434722222222224,1,26,United Kingdom,0.6099928603209228
16185,2,2011-04-21T11:59:00Z,335,233.03541666666666,215.90416666666667,1,31,United Kingdom,0.6789508288896282
16186,12,2010-12-02T14:40:00Z,307.68,372.9236111111111,31.810795454545453,1,87,United Kingdom,0.986217131968009
16187,15,2011-02-28T13:34:00Z,195,284.96944444444443,18.06031746031746,1,160,United Kingdom,0.9995513880093254
16188,4,2011-04-11T09:44:00Z,151.65,243.12916666666666,66.03587962962963,1,65,United Kingdom,0.9312737947481906
16191,13,2010-12-14T12:38:00Z,301.2,361.0083333333333,29.829166666666666,1,65,United Kingdom,0.9559857319325827
16193,1,2011-04-17T11:45:00Z,314.45,237.04513888888889,0,0,19,United Kingdom,0.5371124719274885
16200,2,2011-06-28T15:47:00Z,550.57,164.87708333333333,159.95347222222222,1,149,United Kingdom,0.9985329832549178
16201,4,2011-08-22T10:47:00Z,303.8,110.08541666666666,35.40625,1,74,United Kingdom,0.9210354984059342
16202,1,2010-12-14T10:43:00Z,365.27,361.08819444444447,0,0,18,United Kingdom,0.6505372635531439
16203,4,2010-12-02T15:39:00Z,170.7,372.8826388888889,104.62314814814816,1,27,United Kingdom,0.7669547135648926
16205,4,2011-06-13T11:33:00Z,112.35,180.0534722222222,49.63865740740741,1,73,United Kingdom,0.9403961578964601
16206,4,2011-01-16T11:07:00Z,161.3,328.07152777777776,90.99398148148147,1,52,United Kingdom,0.9086556277535781
16208,2,2011-02-23T13:37:00Z,497.59,289.96736111111113,244.91597222222222,1,61,United Kingdom,0.9248807666092033
16209,5,2011-04-07T12:23:00Z,305.95000000000005,247.01875,39.49565972222222,1,37,United Kingdom,0.7556163580092264
16210,18,2010-12-01T12:27:00Z,2474.7400000000002,374.0159722222222,21.882720588235294,1,74,United Kingdom,0.9538350922387162
16212,2,2011-03-01T12:51:00Z,498.15,283.99930555555557,264.00625,1,40,United Kingdom,0.8012658007170794
16214,3,2011-03-15T13:23:00Z,542.97,269.9770833333333,49.46076388888889,1,36,United Kingdom,0.7528544690241935
16216,1,2011-03-17T15:34:00Z,914.9300000000001,267.8861111111111,0,0,37,United Kingdom,0.7424180912945954
16217,2,2011-03-02T15:28:00Z,183,282.8902777777778,46.91875,1,13,United Kingdom,0.5176770961431086
16218,7,2010-12-01T11:29:00Z,471.3,374.05625,57.322916666666664,1,56,United Kingdom,0.932304696064768
16221,3,2010-12-07T13:13:00Z,166.74,367.9840277777778,165.46875,1,90,United Kingdom,0.9883644386108965
16222,1,2011-01-25T13:38:00Z,846.72,318.96666666666664,0,0,120,United Kingdom,0.9963433015814783
16224,4,2011-04-04T12:00:00Z,167.47,250.03472222222223,64.08125,1,90,United Kingdom,0.98073876420097
16225,5,2011-03-07T12:17:00Z,326.91,278.0229166666667,58.210590277777776,1,109,United Kingdom,0.9932805942081119
16226,3,2011-04-18T12:58:00Z,130.8,235.99444444444444,16.035763888888887,1,6,United Kingdom,0.3817021362550768
16227,1,2011-04-28T13:33:00Z,314.22,225.9701388888889,0,0,6,United Kingdom,0.36026409828396927
16229,2,2011-05-11T10:18:00Z,358.2,213.10555555555555,125.29027777777777,1,46,United Kingdom,0.8077098013354497
16230,2,2011-05-03T15:12:00Z,275.93,220.9013888888889,30.7875,1,32,United Kingdom,0.6821860645460919
16232,4,2011-05-08T14:05:00Z,173.12,215.94791666666666,57.30810185185185,1,24,United Kingdom,0.5876168326193139
16233,3,2010-12-08T12:51:00Z,147.39999999999998,366.99930555555557,147.59583333333333,1,22,United Kingdom,0.7134550871462442
16235,5,2011-01-11T15:42:00Z,108.67,332.88055555555553,72.95034722222222,1,42,United Kingdom,0.8597087672258419
16239,2,2011-06-03T09:30:00Z,347.9,190.13888888888889,132.95763888888888,1,18,United Kingdom,0.4711640617436641
16241,13,2010-12-05T11:04:00Z,277.65000000000003,370.0736111111111,30.00023148148148,1,347,United Kingdom,0.999999980742149
16242,7,2011-03-07T17:04:00Z,211.36,277.8236111111111,44.82037037037037,1,184,United Kingdom,0.9998662874141219
16244,2,2010-12-02T11:41:00Z,1056.6299999999999,373.04791666666665,160.9423611111111,1,88,United Kingdom,0.9840973645786544
16245,3,2011-03-28T09:30:00Z,453.98,257.1388888888889,116.51527777777778,1,80,United Kingdom,0.9666313700120579
16247,1,2011-06-22T14:23:00Z,114.56,170.93541666666667,0,0,16,United Kingdom,0.44003529426060656
16249,5,2011-04-14T13:50:00Z,814.83,239.95833333333334,46.711284722222224,1,67,United Kingdom,0.9256338787711802
16250,2,2010-12-01T09:59:00Z,226.14,374.11875,112.21388888888889,1,22,United Kingdom,0.715514902569895
16253,2,2011-03-29T13:33:00Z,1700.4,255.9701388888889,188.81666666666666,1,114,United Kingdom,0.9918168583348831
16255,8,2010-12-09T14:25:00Z,374.25,365.93402777777777,49.84672619047619,1,146,United Kingdom,0.9993153203129287
16256,1,2011-03-18T12:18:00Z,752.4300000000001,267.02222222222224,0,0,13,United Kingdom,0.46297393841595275
16257,1,2011-06-16T10:11:00Z,46.95,177.11041666666668,0,0,2,United Kingdom,0.2842902726248126
16258,5,2011-05-04T14:33:00Z,1032.46,219.9284722222222,43.4890625,1,111,United Kingdom,0.9906377779737514
16261,4,2011-04-07T19:05:00Z,254.96,246.73958333333334,76.30972222222222,1,98,United Kingdom,0.9867208555670823
16265,9,2010-12-10T10:21:00Z,651.83,365.1034722222222,44.407986111111114,1,164,United Kingdom,0.9997094893676721
16266,7,2011-05-17T14:50:00Z,127.28999999999999,206.91666666666666,22.147916666666664,1,44,United Kingdom,0.7966451711774308
16270,1,2010-12-21T14:26:00Z,1141.24,353.93333333333334,0,0,54,United Kingdom,0.9050556927618704
16271,5,2010-12-16T16:36:00Z,133.22,358.84305555555557,88.95989583333333,1,89,United Kingdom,0.9873736761212201
16272,1,2011-08-15T10:53:00Z,411.7,117.08125,0,0,25,United Kingdom,0.47857819066131346
16274,1,2010-12-01T15:35:00Z,357.95,373.8854166666667,0,0,64,United Kingdom,0.9555185690535806
16275,1,2011-05-27T12:41:00Z,559.87,197.00625,0,0,33,United Kingdom,0.6541149132392651
16276,1,2011-06-16T09:34:00Z,810.6,177.13611111111112,0,0,6,United Kingdom,0.28556242068539844
16278,1,2011-08-31T17:12:00Z,566.38,100.81805555555556,0,0,23,United Kingdom,0.42532682012949263
16279,3,2011-06-16T11:50:00Z,359.08000000000004,177.04166666666666,77.56597222222223,1,102,United Kingdom,0.9850221780351235
16282,1,2011-01-04T11:42:00Z,168.3,340.0472222222222,0,0,11,United Kingdom,0.5544539822806168
16283,5,2011-05-15T13:37:00Z,277.81,208.9673611111111,50.73454861111111,1,117,United Kingdom,0.9940878850123431
16287,1,2011-06-23T09:08:00Z,142.5,170.15416666666667,0,0,8,United Kingdom,0.3391362858158697
16292,1,2011-08-10T12:24:00Z,302.25,122.01805555555555,0,0,17,United Kingdom,0.3891695437487548
16293,10,2010-12-07T15:02:00Z,378.75,367.90833333333336,38.42098765432099,1,102,United Kingdom,0.9933650533754851
16297,1,2011-03-16T08:29:00Z,301.9,269.18125,0,0,20,United Kingdom,0.5850016459089445
16298,3,2011-06-06T10:06:00Z,114.3,187.11388888888888,82.03923611111111,1,22,United Kingdom,0.5351279580221658
16302,1,2011-08-05T09:44:00Z,233.22,127.12916666666666,0,0,11,United Kingdom,0.32696593641179283
16303,3,2011-01-10T14:16:00Z,827.1800000000001,333.9402777777778,153.928125,1,119,United Kingdom,0.9964089491308012
16305,1,2011-07-24T12:18:00Z,361.21999999999997,139.0222222222222,0,0,22,United Kingdom,0.46679554724687067
16306,6,2010-12-07T15:18:00Z,68.1,367.89722222222224,30.774166666666666,1,36,United Kingdom,0.8407655831405179
16308,4,2011-03-23T14:46:00Z,320,261.9194444444444,74.61990740740741,1,1,United Kingdom,0.3363900295494085
16309,2,2011-04-13T11:46:00Z,334.2,241.04444444444445,134.15902777777777,1,39,United Kingdom,0.7683943907831606
16315,1,2011-01-13T11:57:00Z,226.37,331.03680555555553,0,0,14,United Kingdom,0.5793334091895855
16316,8,2010-12-16T14:26:00Z,308.21999999999997,358.93333333333334,41.99623015873016,1,120,United Kingdom,0.9973300032302927
16317,3,2011-02-15T14:30:00Z,570.76,297.93055555555554,88.96388888888889,1,64,United Kingdom,0.9359307382204104
16319,1,2011-05-06T11:27:00Z,404.40000000000003,218.0576388888889,0,0,3,United Kingdom,0.3125768668246843
16320,2,2011-05-10T15:31:00Z,852.68,213.88819444444445,40.99583333333333,1,56,Unspecified,0.8614384563972413
16321,5,2011-01-20T12:11:00Z,87.75,324.02708333333334,62.77847222222222,1,7,Australia,0.49069523390939385
16323,1,2011-05-27T14:48:00Z,207.50000000000003,196.91805555555555,0,0,1,United Kingdom,0.282587732088806
16324,3,2011-06-15T14:26:00Z,166.56,177.93333333333334,24.469444444444445,1,100,United Kingdom,0.9842793042312987
16325,3,2011-04-08T09:20:00Z,190.82000000000002,246.14583333333334,99.4888888888889,1,14,United Kingdom,0.4903069305510875
16326,14,2011-01-09T12:01:00Z,267.2,335.0340277777778,25.30181623931624,1,158,United Kingdom,0.9995917211387206
16327,6,2010-12-05T12:43:00Z,535.6,370.0048611111111,71.00555555555556,1,142,United Kingdom,0.9991361644331354
16330,3,2011-08-19T17:08:00Z,21.6,112.82083333333334,47.40138888888889,1,39,United Kingdom,0.6738450295884588
16332,7,2011-02-07T14:16:00Z,122.30000000000001,305.9402777777778,46.16736111111111,1,125,United Kingdom,0.9975318866496435
16333,22,2011-02-03T10:50:00Z,989.52,310.0833333333333,14.383895502645503,1,9,United Kingdom,0.4422922927438766
16338,1,2011-07-05T13:56:00Z,214.8,157.95416666666668,0,0,11,United Kingdom,0.35815495661784674
16339,1,2011-02-28T13:41:00Z,109.95,284.96458333333334,0,0,17,United Kingdom,0.5760787874513416
16340,1,2011-08-24T14:53:00Z,549.07,107.91458333333334,0,0,124,United Kingdom,0.9931618481133667
16341,4,2011-05-22T13:20:00Z,797.65,201.97916666666666,58.9425925925926,1,60,United Kingdom,0.8805703259933383
16342,4,2011-06-13T10:10:00Z,136.95,180.11111111111111,34.72824074074074,1,10,United Kingdom,0.37316713664288753
16344,1,2011-07-04T15:50:00Z,101.10000000000001,158.875,0,0,1,United Kingdom,0.25567254165320186
16348,7,2011-04-13T15:49:00Z,298.40999999999997,240.87569444444443,34.66608796296296,1,157,United Kingdom,0.9993478615572157
16349,1,2011-02-22T12:40:00Z,53.5,291.00694444444446,0,0,9,United Kingdom,0.4831161892519899
16350,4,2011-01-10T09:44:00Z,376.7,334.12916666666666,104.08541666666667,1,40,United Kingdom,0.838038692468687
16351,1,2011-01-11T10:26:00Z,153.9,333.1,0,0,8,United Kingdom,0.509146520384458
16353,23,2010-12-05T12:09:00Z,204,370.0284722222222,16.636805555555554,1,51,United Kingdom,0.9180482251050179
16356,3,2011-03-07T12:31:00Z,102,278.0131944444444,39.986111111111114,1,20,United Kingdom,0.6069253694112475
16357,3,2011-05-10T10:35:00Z,137.9,214.09375,90.11423611111111,1,31,United Kingdom,0.6723469515529115
16358,4,2011-06-08T15:05:00Z,462.15000000000003,184.90625,61.00092592592592,1,82,United Kingdom,0.9590892492513552
16359,9,2011-01-12T10:49:00Z,92.4,332.0840277777778,40.532552083333336,1,39,United Kingdom,0.8399627597904793
16362,5,2011-09-09T14:47:00Z,337.75,91.91875,14.731597222222222,1,58,United Kingdom,0.8231763279853261
16364,2,2011-07-25T14:35:00Z,347.55,137.92708333333334,125.86944444444444,1,48,United Kingdom,0.7713196363874838
16365,9,2010-12-07T17:19:00Z,139.86,367.81319444444443,43.71918402777778,1,45,United Kingdom,0.8920559686011621
16367,2,2010-12-12T12:01:00Z,170.91,363.0340277777778,325.05,1,123,United Kingdom,0.9978341885782338
16369,3,2011-05-27T09:39:00Z,354.45,197.1326388888889,89.14097222222222,1,91,United Kingdom,0.9759512707848099
16370,4,2011-04-28T16:40:00Z,275.54,225.84027777777777,47.65625,1,143,United Kingdom,0.9985698391801873
16374,2,2011-03-22T13:46:00Z,156.3,262.9611111111111,196.06597222222223,1,101,United Kingdom,0.989649856769287
16377,1,2011-03-17T15:41:00Z,676.2,267.88125,0,0,5,United Kingdom,0.3682120676979528
16378,3,2011-02-02T12:42:00Z,144.2,311.00555555555553,31.55034722222222,1,22,United Kingdom,0.6615495588905904
16383,2,2011-03-16T13:00:00Z,309.46,268.99305555555554,193.98958333333334,1,80,United Kingdom,0.9694024254495744
16384,2,2011-03-21T10:13:00Z,409.1,264.1090277777778,174.04583333333332,1,33,United Kingdom,0.7247234225287672
16385,3,2010-12-08T12:56:00Z,148.23000000000002,366.99583333333334,153.00555555555556,1,52,United Kingdom,0.9219833821939281
16386,2,2011-03-31T12:19:00Z,61.10000000000001,254.02152777777778,225.00625,1,76,United Kingdom,0.9626260310547496
16387,1,2011-01-21T11:34:00Z,94.36,323.0527777777778,0,0,4,United Kingdom,0.45042459319090894
16389,4,2011-03-01T15:47:00Z,119.65,283.87708333333336,76.65138888888889,1,33,United Kingdom,0.7558662173474175
16392,1,2011-03-15T12:11:00Z,221.19,270.02708333333334,0,0,41,United Kingdom,0.8113247553892837
16393,13,2010-12-05T13:10:00Z,184.8,369.9861111111111,30.582233796296297,1,120,United Kingdom,0.9975360383258876
16394,5,2011-02-23T10:58:00Z,312.41,290.0777777777778,58.23784722222222,1,61,United Kingdom,0.9282385632394169
16395,5,2011-01-13T12:10:00Z,301.14,331.02777777777777,67.50694444444444,1,150,United Kingdom,0.9993651289906886
16398,2,2011-03-31T09:38:00Z,1169.95,254.13333333333333,99.23472222222222,1,75,United Kingdom,0.9480732155064264
16399,2,2011-04-18T13:46:00Z,178.41,235.9611111111111,216.1013888888889,1,68,United Kingdom,0.9384298851712362
16400,1,2011-09-06T12:27:00Z,303.93,95.01597222222222,0,0,28,United Kingdom,0.5006904468699501
16401,12,2011-01-16T10:56:00Z,487.9,328.07916666666665,29.66407828282828,1,66,United Kingdom,0.9496956712155306
16402,2,2010-12-05T13:42:00Z,211.8,369.9638888888889,104.94652777777777,1,55,United Kingdom,0.9322301442246848
16403,1,2011-01-31T13:39:00Z,177.5,312.9659722222222,0,0,10,United Kingdom,0.5117166504705112
16405,2,2011-02-02T17:08:00Z,6.8500000000000005,310.8208333333333,7.927777777777778,1,3,United Kingdom,0.43024957841049233
16407,10,2011-01-31T14:02:00Z,263.24,312.95,33.31967592592593,1,99,United Kingdom,0.9904828951451089
16409,5,2011-01-26T14:51:00Z,271.56,317.9159722222222,70.26979166666666,1,145,United Kingdom,0.9991357538593156
16411,2,2010-12-05T13:26:00Z,131.5,369.975,349.99791666666664,1,41,United Kingdom,0.8716712278660587
16414,2,2011-03-04T13:27:00Z,50.8,280.97430555555553,258.84375,1,5,United Kingdom,0.42115229560994283
16418,3,2011-04-27T16:54:00Z,145.91,226.83055555555555,90.91145833333333,1,76,United Kingdom,0.9572367384664903
16419,6,2011-02-01T12:25:00Z,252.66,312.0173611111111,39.80111111111111,1,36,United Kingdom,0.7978413660308136
16422,51,2010-12-05T15:35:00Z,1668.2,369.8854166666667,7.038680555555556,1,68,United Kingdom,0.9484218804265272
16424,1,2011-06-01T13:40:00Z,133.56,191.96527777777777,0,0,5,United Kingdom,0.326084911251995
16425,1,2011-02-10T14:30:00Z,302.7,302.93055555555554,0,0,21,United Kingdom,0.6321450672170751
16426,10,2011-03-08T15:45:00Z,328.37,276.87847222222223,30.436419753086422,1,211,United Kingdom,0.9999659128588452
16427,2,2011-02-28T15:18:00Z,109.8,284.89722222222224,21.07777777777778,1,8,United Kingdom,0.45987637636407114
16429,1,2011-08-25T13:54:00Z,284.55,106.95555555555555,0,0,2,United Kingdom,0.21580694991958357
16431,3,2011-02-15T14:02:00Z,269.59,297.95,42.002430555555556,1,51,United Kingdom,0.889552876509124
16434,7,2011-02-13T12:17:00Z,401,300.0229166666667,45.01516203703704,1,88,United Kingdom,0.9816849769500638
16440,5,2011-05-09T12:25:00Z,272.46,215.01736111111111,51.746006944444446,1,186,United Kingdom,0.9998391680646773
16441,2,2011-02-21T17:35:00Z,211,291.8020833333333,224.0090277777778,1,22,United Kingdom,0.638598309798837
16442,3,2010-12-14T10:46:00Z,151.66,361.0861111111111,179.51979166666666,1,161,United Kingdom,0.9996972811546136
16444,4,2011-03-20T12:14:00Z,119.08,265.025,72.68888888888888,1,68,United Kingdom,0.9461270922626103
16446,2,2011-05-18T09:52:00Z,2.9,206.1236111111111,204.97430555555556,1,3,United Kingdom,0.3243409241557422
16447,1,2011-07-27T12:45:00Z,259.01,136.00347222222223,0,0,34,United Kingdom,0.6233790519031469
16448,1,2011-05-25T16:28:00Z,188.89000000000001,198.8486111111111,0,0,19,United Kingdom,0.5040480794470725
16449,2,2011-03-04T12:15:00Z,416.69,281.02430555555554,82.92361111111111,1,40,United Kingdom,0.8026311091850596
16450,1,2011-07-13T11:47:00Z,311.92,150.04375,0,0,11,United Kingdom,0.34449557266311637
16455,7,2010-12-03T16:44:00Z,246.3,371.8375,51.30243055555556,1,69,United Kingdom,0.966018614120628
16456,5,2010-12-01T14:11:00Z,787.4,373.94375,68.49635416666666,1,80,United Kingdom,0.9777914509379977
16457,1,2011-05-05T13:19:00Z,208.36,218.97986111111112,0,0,9,United Kingdom,0.39631674343802736
16458,18,2010-12-14T11:51:00Z,193.9,361.0409722222222,21.053227124183007,1,52,United Kingdom,0.9192146251858606
16461,1,2011-06-15T12:07:00Z,151.42,178.0298611111111,0,0,31,United Kingdom,0.6361820358408462
16462,3,2011-03-01T08:58:00Z,34,284.1611111111111,105.02986111111112,1,1,United Kingdom,0.37578661699446864
16463,4,2011-05-19T14:45:00Z,319.37,204.92013888888889,60.989814814814814,1,74,United Kingdom,0.9460234259181185
16464,3,2011-07-20T13:53:00Z,385,142.95625,61.46458333333333,1,152,United Kingdom,0.9986782016300437
16466,7,2011-02-20T11:39:00Z,111.67,293.0493055555556,43.1662037037037,1,103,United Kingdom,0.9918896631540031
16469,4,2011-04-07T13:11:00Z,97.7,246.98541666666668,74.3226851851852,1,148,United Kingdom,0.9990392063876976
16470,4,2010-12-16T11:53:00Z,216.34,359.0395833333333,102.33749999999999,1,120,United Kingdom,0.9973950023495181
16471,1,2011-03-10T09:41:00Z,223.95000000000002,275.13125,0,0,13,United Kingdom,0.5065688098481027
16473,3,2011-01-07T10:55:00Z,149.41,337.0798611111111,85.96354166666667,1,18,United Kingdom,0.6397414487180372
16474,7,2011-07-17T14:51:00Z,355.57,145.91597222222222,22.987384259259258,1,237,United Kingdom,0.9999842914121585
16475,4,2011-03-11T09:39:00Z,310,274.1326388888889,61.73564814814815,1,23,United Kingdom,0.6267827857798544
16477,7,2010-12-03T12:48:00Z,225.65,372.00138888888887,51.31203703703704,1,111,United Kingdom,0.9960661400945815
16483,1,2011-05-31T13:08:00Z,139.35,192.9875,0,0,19,United Kingdom,0.5009615853254082
16484,2,2011-06-02T10:39:00Z,285.7,191.09097222222223,17.060416666666665,1,25,United Kingdom,0.5667289280964541
16488,3,2011-07-14T11:46:00Z,219.06,149.04444444444445,57.540277777777774,1,28,United Kingdom,0.5645131361712349
16493,4,2011-01-14T08:16:00Z,127.80000000000001,330.1902777777778,83.37361111111112,1,40,United Kingdom,0.8445283194325972
16494,1,2011-02-16T12:49:00Z,826.53,297.00069444444443,0,0,47,United Kingdom,0.8490782468092365
16495,3,2011-03-08T16:38:00Z,238.01,276.84166666666664,136.43125,1,78,United Kingdom,0.9678547575685752
16496,3,2011-01-27T09:42:00Z,736.7,317.13055555555553,154.0170138888889,1,92,United Kingdom,0.9848551002480658
16497,6,2011-01-10T13:20:00Z,279.3,333.9791666666667,56.77986111111111,1,128,United Kingdom,0.9980495984767184
16498,2,2011-06-30T19:52:00Z,91.22,162.70694444444445,0.8020833333333334,1,15,United Kingdom,0.4200742615531229
16499,2,2010-12-10T10:27:00Z,218.10000000000002,365.09930555555553,4.127777777777778,1,18,United Kingdom,0.6632121012547916
16500,6,2011-01-13T10:28:00Z,165,331.0986111111111,65.21333333333334,1,8,United Kingdom,0.5062446576407222
16503,4,2010-12-14T13:50:00Z,488.09000000000003,360.9583333333333,84.63796296296296,1,71,United Kingdom,0.9657827687794244
16509,1,2011-02-16T09:25:00Z,363.70000000000005,297.1423611111111,0,0,13,United Kingdom,0.5212026198392016
16510,1,2010-12-02T13:39:00Z,248.1,372.9659722222222,0,0,13,United Kingdom,0.6092691462934532
16511,3,2011-03-18T11:24:00Z,340.75,267.0597222222222,122.48506944444445,1,135,United Kingdom,0.9981574182523956
16515,5,2011-02-01T13:09:00Z,320.51,311.9868055555556,64.75017361111111,1,89,United Kingdom,0.9838030683965064
16517,1,2011-03-07T13:50:00Z,162.7,277.9583333333333,0,0,17,United Kingdom,0.5652228204205398
16518,2,2011-02-28T16:36:00Z,190.7,284.84305555555557,222.9361111111111,1,36,United Kingdom,0.780973261137253
16519,2,2010-12-09T14:08:00Z,103.7,365.9458333333333,340.06458333333336,1,13,United Kingdom,0.6110918568856571
16520,3,2010-12-09T13:08:00Z,325.76,365.9875,89.50555555555556,1,129,United Kingdom,0.99836790230118
16523,21,2011-01-28T12:06:00Z,743.9,316.03055555555557,15.69375,1,151,United Kingdom,0.999277065983903
16525,26,2010-12-08T11:31:00Z,411.44,367.0548611111111,14.565999999999999,1,75,United Kingdom,0.9732619142722742
16526,1,2011-06-21T12:02:00Z,290.36,172.03333333333333,0,0,15,United Kingdom,0.41712760494087753
16529,1,2011-06-02T17:23:00Z,455.25,190.81041666666667,0,0,30,United Kingdom,0.6182563875344739
16531,7,2010-12-14T13:19:00Z,92.82000000000001,360.9798611111111,56.355324074074076,1,68,United Kingdom,0.964044824374837
16532,3,2011-01-05T12:37:00Z,1910.4,339.00902777777776,160.46909722222222,1,2,United Kingdom,0.3289593645973914
16536,1,2011-08-21T15:54:00Z,548.97,110.87222222222222,0,0,49,United Kingdom,0.749733698569612
16539,4,2010-12-01T15:40:00Z,442.34999999999997,373.88194444444446,123.56967592592594,1,36,United Kingdom,0.8307732603218239
16545,1,2011-06-28T10:37:00Z,339.3,165.0923611111111,0,0,3,United Kingdom,0.26881482775286897
16546,2,2010-12-02T12:07:00Z,299.40000000000003,373.02986111111113,81.96736111111112,1,25,United Kingdom,0.7415470198695059
16549,10,2011-01-09T14:03:00Z,119.49000000000001,334.94930555555555,36.00486111111111,1,445,United Kingdom,0.9999999998673034
16550,5,2010-12-06T13:53:00Z,554.66,368.95625,64.9720486111111,1,162,United Kingdom,0.999691072654981
16551,3,2011-01-07T10:24:00Z,311.07,337.1013888888889,120.48402777777778,1,26,United Kingdom,0.7205180533430682
16552,2,2010-12-01T12:36:00Z,95.29,374.0097222222222,130.89444444444445,1,17,United Kingdom,0.6674737528890166
16553,12,2010-12-14T13:58:00Z,951.24,360.9527777777778,17.915656565656565,1,62,United Kingdom,0.9399507292741144
16554,3,2011-01-12T12:41:00Z,0.85,332.00625,144.54513888888889,1,51,United Kingdom,0.9092756500506541
16555,2,2011-08-22T12:32:00Z,151.98,110.0125,74.0826388888889,1,15,United Kingdom,0.36191632890202535
16556,7,2010-12-14T13:32:00Z,310.85,360.97083333333336,48.98657407407407,1,144,United Kingdom,0.9992368097817372
16557,2,2011-07-25T13:28:00Z,101.15,137.9736111111111,113.025,1,11,United Kingdom,0.3452358639525104
16558,20,2010-12-08T12:01:00Z,569.4,367.0340277777778,19.259466374269007,1,264,United Kingdom,0.9999984320811266
16560,2,2010-12-16T14:36:00Z,332.18,358.9263888888889,331.8326388888889,1,52,United Kingdom,0.9157578030034543
16565,1,2010-12-10T15:21:00Z,173.7,364.8951388888889,0,0,3,United Kingdom,0.477432042582567
16566,5,2011-02-20T10:29:00Z,94.89999999999999,293.09791666666666,69.31336805555556,1,14,United Kingdom,0.5474032326470205
16567,2,2011-01-07T09:31:00Z,557.56,337.1381944444444,142.18472222222223,1,34,United Kingdom,0.7854140295702438
16570,10,2011-02-01T10:37:00Z,450.06,312.09236111111113,32.91859567901234,1,68,United Kingdom,0.9517790354081233
16571,3,2011-03-03T09:41:00Z,436.68,282.13125,127.54340277777777,1,73,United Kingdom,0.9575366519390858
16572,3,2011-03-09T12:04:00Z,342.58,276.03194444444443,74.09375,1,40,United Kingdom,0.8022992496154018
16573,2,2011-02-22T15:14:00Z,292.63,290.9,205.74930555555557,1,40,United Kingdom,0.8143304239169916
16581,1,2011-06-10T10:05:00Z,105.84,183.11458333333334,0,0,9,United Kingdom,0.3660184179314366
16582,1,2011-08-18T17:02:00Z,313.62,113.825,0,0,6,United Kingdom,0.2572203094639411
16583,1,2010-12-01T12:03:00Z,233.45000000000002,374.03263888888887,0,0,14,United Kingdom,0.6235525713353849
16584,2,2011-03-30T13:14:00Z,611.94,254.98333333333332,174.02152777777778,1,25,United Kingdom,0.612903486728259
16586,1,2011-04-05T09:32:00Z,463.95,249.1375,0,0,8,United Kingdom,0.3990532536580526
16587,1,2011-04-21T15:51:00Z,225.15,232.87430555555557,0,0,13,United Kingdom,0.46075069272579566
16589,3,2011-07-01T13:31:00Z,117.68,161.97152777777777,45.027430555555554,1,31,United Kingdom,0.6220095003025327
16592,16,2011-02-25T10:19:00Z,455.28,288.1048611111111,18.876388888888886,1,142,United Kingdom,0.9987939983156899
16593,3,2011-01-16T12:11:00Z,69.6,328.02708333333334,138.51041666666666,1,24,United Kingdom,0.7042387302873738
16596,2,2010-12-08T16:18:00Z,120.65,366.85555555555555,350.7388888888889,1,12,United Kingdom,0.5985568869221183
16598,1,2011-02-27T11:42:00Z,145.05,286.0472222222222,0,0,10,United Kingdom,0.48467606635228316
16600,6,2011-01-05T12:13:00Z,125.86,339.02569444444447,66.83152777777778,1,50,United Kingdom,0.9046810328791437
16603,2,2011-09-09T13:02:00Z,296.62,91.99166666666666,16.877777777777776,1,34,United Kingdom,0.5751993932317292
16607,14,2010-12-16T08:41:00Z,404.82,359.17291666666665,26.236271367521365,1,140,United Kingdom,0.9990297229913628
16609,7,2011-04-01T10:11:00Z,557.53,253.11041666666668,39.523263888888884,1,155,United Kingdom,0.9992653904814107
16610,1,2011-05-04T13:13:00Z,75.66,219.98402777777778,0,0,6,United Kingdom,0.3688348335244806
16611,1,2011-06-06T15:46:00Z,129.49,186.87777777777777,0,0,9,United Kingdom,0.36836065323178274
16612,4,2011-02-01T10:38:00Z,280.05,312.09166666666664,92.95833333333333,1,48,United Kingdom,0.8796369265523801
16614,1,2011-06-10T11:36:00Z,506.19,183.05138888888888,0,0,26,United Kingdom,0.5565999184767512
16616,2,2011-07-05T13:38:00Z,210.10000000000002,157.96666666666667,142.1201388888889,1,31,United Kingdom,0.6121416907859122
16617,1,2011-04-18T10:35:00Z,151.85,236.09375,0,0,5,United Kingdom,0.36833292288432695
16618,5,2011-01-21T11:55:00Z,728.16,323.03819444444446,72.7703125,1,79,United Kingdom,0.971466867990092
16619,1,2011-03-21T08:18:00Z,226.21,264.18888888888887,0,0,14,United Kingdom,0.5075345559164431
16620,2,2011-03-24T10:37:00Z,95.76,261.09236111111113,257.0708333333333,1,9,United Kingdom,0.4480721589066222
16621,4,2011-03-07T11:32:00Z,162.85,278.0541666666667,75.33472222222223,1,22,United Kingdom,0.6277006088600505
16623,1,2011-04-08T10:09:00Z,129.45000000000002,246.11180555555555,0,0,5,United Kingdom,0.37989074898539804
16624,2,2011-05-26T14:20:00Z,426.43,197.9375,116.92986111111111,1,44,United Kingdom,0.7768771778299125
16625,1,2011-03-10T12:50:00Z,333.08,275,0,0,23,United Kingdom,0.6262376977089927
16626,17,2011-03-18T12:27:00Z,795.75,267.0159722222222,16.623654513888887,1,86,United Kingdom,0.9741778382648408
16628,5,2011-04-19T08:55:00Z,360.65,235.16319444444446,51.28993055555556,1,79,United Kingdom,0.9624423782496504
16629,2,2011-09-04T16:12:00Z,236.78,96.85972222222222,22.76527777777778,1,58,United Kingdom,0.8300662414486307
16633,6,2011-04-19T14:36:00Z,447.52,234.92638888888888,43.39236111111111,1,115,United Kingdom,0.9938722531129048
16634,2,2010-12-02T17:41:00Z,164.8,372.79791666666665,149.76944444444445,1,9,United Kingdom,0.5640992214425514
16637,4,2011-04-28T10:20:00Z,303.62,226.10416666666666,64.37430555555555,1,66,United Kingdom,0.9271958216204883
16638,10,2010-12-06T10:19:00Z,50.400000000000006,369.1048611111111,38.448302469135804,1,92,United Kingdom,0.9898631899855932
16639,3,2011-04-18T09:31:00Z,308.20000000000005,236.13819444444445,102.07951388888888,1,48,United Kingdom,0.8391792638129684
16641,1,2011-08-26T12:49:00Z,231.1,106.00069444444445,0,0,12,United Kingdom,0.3184074101944484
16642,2,2011-05-16T12:35:00Z,307.73,208.01041666666666,202.95555555555555,1,32,United Kingdom,0.6680838710430363
16643,1,2011-04-08T08:24:00Z,487.51,246.18472222222223,0,0,27,United Kingdom,0.636001916504746
16644,2,2011-05-11T12:53:00Z,722.41,212.99791666666667,34.99027777777778,1,62,United Kingdom,0.8974615798452938
16647,2,2011-05-19T09:31:00Z,127.75,205.13819444444445,35.09444444444444,1,12,United Kingdom,0.4246203859499825
16652,7,2011-03-11T13:13:00Z,1588.16,273.9840277777778,35.808449074074076,1,74,United Kingdom,0.9441911927281402
16654,4,2010-12-06T15:09:00Z,227.4,368.9034722222222,75.66990740740741,1,29,United Kingdom,0.779509859479773
16655,6,2011-01-12T10:16:00Z,812.25,332.1069444444444,62.80958333333333,1,208,United Kingdom,0.9999643821111609
16656,15,2010-12-10T11:23:00Z,428.76,365.06041666666664,24.438492063492067,1,14,United Kingdom,0.6020924822664676
16657,4,2011-03-30T12:02:00Z,242.55,255.03333333333333,81.66342592592592,1,158,United Kingdom,0.9994262086774555
16658,1,2010-12-06T13:47:00Z,123.24,368.9604166666667,0,0,8,United Kingdom,0.5498883336222894
16659,1,2011-06-03T15:03:00Z,39.12,189.9076388888889,0,0,2,United Kingdom,0.29614838137740873
16660,4,2011-01-24T12:44:00Z,282.6,320.00416666666666,101.02986111111112,1,16,United Kingdom,0.5893275037697292
16665,1,2010-12-12T14:03:00Z,135.4,362.94930555555555,0,0,9,United Kingdom,0.5554852159514314
16667,2,2011-02-28T12:57:00Z,203.35,284.9951388888889,216.10347222222222,1,52,United Kingdom,0.8908444752189816
16668,6,2011-02-28T12:46:00Z,50.76,285.0027777777778,53.84125,1,9,United Kingdom,0.47679677304023427
16670,11,2010-12-16T10:30:00Z,403.61,359.09722222222223,34.19611111111111,1,179,United Kingdom,0.9998718074718619
16671,3,2011-06-28T11:20:00Z,1382.88,165.0625,68.04861111111111,1,3,United Kingdom,0.21819694167138423
16672,20,2011-03-18T10:15:00Z,1175.44,267.1076388888889,13.908406432748537,1,22,United Kingdom,0.5517229276314588
16674,2,2011-09-02T13:59:00Z,122.2,98.95208333333333,43.897222222222226,1,89,United Kingdom,0.9621284861784999
16676,4,2011-01-06T13:00:00Z,464.82,337.99305555555554,101.31967592592594,1,75,United Kingdom,0.9693628598750492
16678,12,2011-03-02T09:24:00Z,312.18,283.1430555555556,25.465467171717172,1,92,United Kingdom,0.9843183797737175
16679,1,2010-12-08T13:51:00Z,129.75,366.9576388888889,0,0,3,United Kingdom,0.48256011787778874
16681,6,2011-03-31T13:46:00Z,301.6,253.9611111111111,36.178472222222226,1,18,United Kingdom,0.5432823991276776
16682,5,2011-06-05T11:02:00Z,525.5,188.075,45.76232638888889,1,15,United Kingdom,0.41895639614487973
16684,28,2010-12-16T17:34:00Z,436.86,358.8027777777778,13.105761316872428,1,119,United Kingdom,0.9970896455948363
16686,7,2010-12-19T14:41:00Z,364.98,355.92291666666665,51.32731481481482,1,406,United Kingdom,0.9999999990207482
16690,2,2011-05-22T10:53:00Z,86.5,202.08125,129.17291666666668,1,10,United Kingdom,0.39890078593977185
16692,2,2011-02-23T15:41:00Z,8.5,289.88125,32.96180555555556,1,2,United Kingdom,0.39555755670751597
16693,2,2011-03-13T11:06:00Z,157.56,272.0722222222222,203.00277777777777,1,58,United Kingdom,0.9142724215724964
16696,4,2011-04-05T15:20:00Z,35.400000000000006,248.89583333333334,37.65347222222222,1,7,United Kingdom,0.41355866916330813
16697,1,2011-04-12T17:12:00Z,112.75,241.81805555555556,0,0,20,United Kingdom,0.5682169451489658
16698,2,2011-03-31T13:33:00Z,1182,253.9701388888889,26.888194444444444,1,4,United Kingdom,0.31310403941627635
16700,13,2010-12-08T16:34:00Z,336.94,366.84444444444443,29.814004629629633,1,159,United Kingdom,0.9996560385982998
16701,13,2010-12-13T11:51:00Z,476.76,362.0409722222222,29.41429398148148,1,99,United Kingdom,0.9918509369547917
16705,20,2010-12-16T10:51:00Z,920.52,359.0826388888889,18.844919590643276,1,133,United Kingdom,0.9984013802004053
16706,3,2011-08-17T15:53:00Z,291.53,114.87291666666667,38.45729166666667,1,108,United Kingdom,0.9858780271849522
16709,5,2011-03-03T10:55:00Z,1120.53,282.0798611111111,49.25017361111111,1,64,United Kingdom,0.9218481788303885
16710,10,2010-12-06T13:13:00Z,375.47,368.9840277777778,38.78526234567901,1,268,United Kingdom,0.999998799874688
16711,5,2010-12-17T12:43:00Z,214.2,358.0048611111111,88.53975694444445,1,18,United Kingdom,0.6565371007571602
16712,11,2011-03-08T15:07:00Z,370.77,276.90486111111113,26.69451388888889,1,259,United Kingdom,0.9999971485056994
16713,15,2010-12-08T13:01:00Z,414.43,366.9923611111111,24.85590277777778,1,338,United Kingdom,0.9999999677128947
16714,3,2011-01-26T13:40:00Z,1136.58,317.96527777777777,49.44756944444445,1,77,United Kingdom,0.9642259699004571
16716,2,2011-02-01T15:35:00Z,734.4000000000001,311.8854166666667,44.769444444444446,1,1,United Kingdom,0.36075740516135935
16717,6,2010-12-08T16:48:00Z,307.25,366.83472222222224,68.56222222222223,1,176,United Kingdom,0.9998587841321686
16718,1,2010-12-05T13:03:00Z,623.75,369.99097222222224,0,0,41,United Kingdom,0.8564320950888684
16719,7,2010-12-06T12:06:00Z,430.73,369.03055555555557,58.98159722222223,1,107,United Kingdom,0.9948289678100148
16721,1,2011-03-22T16:08:00Z,292.47,262.8625,0,0,37,United Kingdom,0.7687153094076519
16722,13,2010-12-06T12:59:00Z,480.68,368.99375,29.25167824074074,1,96,United Kingdom,0.9907609114796195
16723,2,2011-08-24T11:31:00Z,424.15,108.05486111111111,16.0625,1,37,United Kingdom,0.6212530848019574
16725,7,2010-12-03T16:02:00Z,122.15,371.8666666666667,11.505787037037038,1,110,United Kingdom,0.9959661997302411
16726,5,2010-12-13T13:28:00Z,129.57,361.9736111111111,83.76475694444444,1,121,United Kingdom,0.9976128438644701
16727,1,2010-12-10T13:48:00Z,272.82,364.95972222222224,0,0,41,United Kingdom,0.8649195044155155
16728,4,2011-03-20T13:28:00Z,224.49,264.9736111111111,72.68240740740741,1,218,United Kingdom,0.9999757187508096
16729,21,2011-04-12T14:22:00Z,504.27,241.9361111111111,10.150243055555555,1,234,United Kingdom,0.9999874119167997
16730,3,2011-01-24T14:01:00Z,187.01999999999998,319.9506944444444,133.50347222222223,1,75,United Kingdom,0.9692159419045107
16734,3,2011-08-17T15:00:00Z,303.21,114.90972222222223,30.97361111111111,1,44,United Kingdom,0.7150349888847891
16735,5,2011-01-09T12:53:00Z,660.36,334.99791666666664,63.98888888888889,1,88,United Kingdom,0.9831231757542438
16738,1,2011-02-15T09:46:00Z,3.75,298.1277777777778,0,0,1,United Kingdom,0.3920008806287536
16739,1,2011-06-16T09:17:00Z,323,177.14791666666667,0,0,13,United Kingdom,0.39535717751479277
16743,7,2010-12-16T12:15:00Z,430.28,359.02430555555554,54.84004629629629,1,89,United Kingdom,0.9863685176262044
16744,7,2011-06-19T15:13:00Z,109.96,173.90069444444444,26.985300925925927,1,198,United Kingdom,0.9999012271663303
16745,17,2011-02-01T11:31:00Z,239.3,312.0548611111111,14.063671875,1,148,United Kingdom,0.9992477150599985
16746,18,2010-12-16T11:43:00Z,311.64,359.0465277777778,20.825571895424837,1,234,United Kingdom,0.9999928007808394
16748,5,2011-01-09T13:50:00Z,479,334.9583333333333,79.21302083333333,1,42,United Kingdom,0.8486618659890782
16750,5,2011-04-21T16:53:00Z,118.7,232.83125,46.95746527777778,1,74,United Kingdom,0.954250208351435
16752,1,2010-12-02T12:18:00Z,207.5,373.02222222222224,0,0,9,United Kingdom,0.5615656534848343
16754,1,2010-12-02T17:38:00Z,2002.4,372.8,0,0,2,United Kingdom,0.3564936516292974
16755,3,2011-01-28T10:47:00Z,316.06,316.0854166666667,100.55347222222223,1,133,United Kingdom,0.9983577717638171
16756,1,2011-05-09T09:33:00Z,239.4,215.13680555555555,0,0,13,United Kingdom,0.44077565303978444
16757,1,2011-01-25T11:59:00Z,106.83000000000001,319.03541666666666,0,0,7,United Kingdom,0.4840280670996833
16761,1,2011-09-04T11:15:00Z,316.62,97.06597222222223,0,0,13,United Kingdom,0.31637016720196715
16762,3,2011-07-18T12:52:00Z,314.15000000000003,144.9986111111111,62.47604166666667,1,51,United Kingdom,0.8039276744862272
16763,1,2011-05-25T11:52:00Z,611.8499999999999,199.0402777777778,0,0,23,United Kingdom,0.5282385420056869
16764,13,2011-07-19T17:17:00Z,176.68,143.81458333333333,11.647222222222224,1,209,United Kingdom,0.9999352953641181
16765,1,2011-02-18T15:41:00Z,34,294.88125,0,0,1,United Kingdom,0.38675470294905134
16766,2,2011-03-11T13:34:00Z,572.8,273.96944444444443,0.075,1,17,United Kingdom,0.5341586982709634
16767,11,2011-01-27T13:38:00Z,1866.02,316.96666666666664,28.58361111111111,1,148,United Kingdom,0.9988690974977233
16768,3,2011-03-13T10:25:00Z,183.25,272.10069444444446,112.0045138888889,1,47,United Kingdom,0.8568256768704697
16769,1,2011-03-24T13:41:00Z,380.39,260.96458333333334,0,0,33,United Kingdom,0.7235126150634359
16770,5,2010-12-02T15:49:00Z,130.8,372.87569444444443,78.71388888888889,1,116,United Kingdom,0.9970488972920559
16771,5,2011-01-05T13:57:00Z,296.66,338.9534722222222,76.24496527777778,1,200,United Kingdom,0.999954284964178
16774,4,2011-06-14T12:45:00Z,143.4,179.00347222222223,36.99907407407407,1,36,United Kingdom,0.6952486168566956
16775,11,2010-12-07T15:15:00Z,231.9,367.89930555555554,35.70048611111111,1,84,United Kingdom,0.9839030459645983
16777,2,2011-03-27T14:34:00Z,177.25,257.9277777777778,176.96319444444444,1,45,United Kingdom,0.8355442757176361
16778,2,2011-03-10T15:21:00Z,93.18,274.8951388888889,199.93541666666667,1,16,United Kingdom,0.5536744416002347
16779,22,2010-12-08T09:56:00Z,356.91,367.12083333333334,17.34318783068783,1,161,United Kingdom,0.9996886888243625
16780,2,2011-03-25T17:34:00Z,161.89,259.8027777777778,158.94097222222223,1,51,United Kingdom,0.8753540810467444
16781,1,2010-12-02T14:26:00Z,311.25,372.93333333333334,0,0,17,United Kingdom,0.6536482500482265
16782,13,2010-12-09T11:28:00Z,371.7,366.05694444444447,29.589814814814815,1,103,United Kingdom,0.993659889492655
16788,2,2011-03-30T13:05:00Z,297.17,254.98958333333334,131.075,1,138,United Kingdom,0.9983571115030769
16791,7,2011-01-11T15:42:00Z,255.38,332.88055555555553,50.52430555555555,1,218,United Kingdom,0.9999817652225353
16792,2,2011-03-02T14:39:00Z,100.43,282.9243055555556,0.001388888888888889,1,11,United Kingdom,0.49720929851105927
16794,10,2011-06-12T14:15:00Z,274.74,180.94097222222223,19.905787037037037,1,142,United Kingdom,0.9981708739377251
16795,1,2010-12-09T14:08:00Z,414.88,365.9458333333333,0,0,64,United Kingdom,0.9533682921530423
16801,4,2011-03-11T13:56:00Z,751.9,273.95416666666665,36.68912037037037,1,72,United Kingdom,0.9500332858040795
16804,3,2011-03-14T15:48:00Z,118.05,270.87638888888887,123.51909722222223,1,59,United Kingdom,0.9186478557678223
16805,2,2010-12-14T13:35:00Z,214.76999999999998,360.96875,186.90833333333333,1,94,United Kingdom,0.9901126603077957
16806,4,2011-04-14T19:59:00Z,241.29,239.70208333333332,45.270370370370365,1,68,United Kingdom,0.9384084939046463
16807,3,2011-03-14T09:46:00Z,371.23,271.1277777777778,64.04652777777778,1,57,United Kingdom,0.9050417187566666
16808,2,2011-03-10T19:05:00Z,166.5,274.7395833333333,175.02013888888888,1,21,United Kingdom,0.6118522546381779
16809,5,2011-03-22T15:20:00Z,214.28,262.8958333333333,59.75434027777778,1,79,United Kingdom,0.9677830084631532
16810,1,2011-05-31T15:32:00Z,309.54,192.8875,0,0,15,United Kingdom,0.43802348231644017
16812,1,2010-12-14T12:35:00Z,479.35,361.0104166666667,0,0,15,United Kingdom,0.6071131963663216
16813,10,2011-05-19T13:28:00Z,206.25,204.9736111111111,21.780478395061728,1,248,United Kingdom,0.9999933969570205
16814,21,2010-12-05T11:45:00Z,273.29,370.0451388888889,17.753541666666667,1,122,United Kingdom,0.9977267291487194
16816,4,2010-12-16T17:01:00Z,75.78,358.8256944444444,84.96180555555556,1,28,United Kingdom,0.769802878152687
16817,9,2010-12-06T14:19:00Z,244.20000000000002,368.93819444444443,45.73298611111111,1,73,United Kingdom,0.9718876529965661
16818,11,2011-05-18T11:42:00Z,554.42,206.04722222222222,19.495763888888888,1,172,United Kingdom,0.9996274545827715
16820,1,2011-09-05T12:06:00Z,497.61,96.03055555555555,0,0,26,United Kingdom,0.4631179869505682
16823,1,2011-04-26T15:00:00Z,358.38,227.90972222222223,0,0,34,United Kingdom,0.7060577294270467
16824,2,2011-06-28T13:36:00Z,222.9,164.96805555555557,148.9597222222222,1,23,United Kingdom,0.5169805736944362
16825,2,2011-06-07T09:44:00Z,318.7,186.12916666666666,147.08819444444444,1,27,United Kingdom,0.5847073636153718
16828,2,2011-08-19T13:24:00Z,113.5,112.97638888888889,19.073611111111113,1,8,United Kingdom,0.28751400835061175
16829,1,2011-07-06T10:48:00Z,197.22,157.0847222222222,0,0,11,United Kingdom,0.35835470960110744
16832,3,2011-05-06T14:12:00Z,58.9,217.94305555555556,16.529166666666665,1,11,United Kingdom,0.429952501354865
16833,4,2011-01-09T13:02:00Z,309.48,334.9916666666667,111.0224537037037,1,46,United Kingdom,0.8783302341578205
16834,1,2011-04-26T09:37:00Z,413.46,228.1340277777778,0,0,24,United Kingdom,0.5850511889213706
16835,2,2010-12-01T17:15:00Z,81.75,373.81597222222223,244.85763888888889,1,10,United Kingdom,0.5832357977574796
16836,2,2011-08-15T12:38:00Z,91.32000000000001,117.00833333333334,76.89375,1,11,United Kingdom,0.32554912996189767
16837,11,2011-04-08T08:48:00Z,148.74,246.16805555555555,21.42354166666667,1,123,United Kingdom,0.9964305249130632
16838,2,2011-02-24T15:01:00Z,392.12,288.9090277777778,90.925,1,24,United Kingdom,0.6485737124723048
16839,34,2010-12-05T11:15:00Z,552.24,370.06597222222223,10.936616161616163,1,114,United Kingdom,0.99629869975999
16841,6,2011-02-25T12:40:00Z,317.38,288.00694444444446,50.193194444444444,1,101,United Kingdom,0.9903056303271613
16842,3,2011-02-10T14:51:00Z,520.5699999999999,302.9159722222222,100.91354166666666,1,45,United Kingdom,0.8494069120997827
16843,16,2011-01-16T16:10:00Z,759.0600000000001,327.8611111111111,18.980370370370373,1,226,United Kingdom,0.9999859492263649
16849,1,2011-06-06T09:16:00Z,124.57,187.1486111111111,0,0,8,United Kingdom,0.3569324154773634
16850,1,2011-01-10T11:09:00Z,332.41,334.0701388888889,0,0,19,United Kingdom,0.637564639931821
16852,2,2011-06-16T15:49:00Z,113.06,176.87569444444443,165.89791666666667,1,9,United Kingdom,0.35932345785291603
16858,1,2010-12-06T09:52:00Z,375.69,369.12361111111113,0,0,9,United Kingdom,0.5464206597124919
16859,2,2011-03-23T13:39:00Z,259.84,261.9659722222222,116.94444444444444,1,50,United Kingdom,0.8676985619436832
16861,2,2011-07-04T15:38:00Z,70.80000000000001,158.88333333333333,98.72708333333334,1,6,United Kingdom,0.309822804816813
16863,2,2010-12-08T08:58:00Z,164.25,367.1611111111111,335.26944444444445,1,25,United Kingdom,0.7435000411752339
16866,3,2011-07-01T12:34:00Z,108.95,162.01111111111112,10.448611111111111,1,10,United Kingdom,0.3566879508105668
16869,4,2011-06-17T13:01:00Z,233.53,175.9923611111111,50.98634259259259,1,113,United Kingdom,0.9917216956044181
16871,6,2011-03-14T10:31:00Z,535.02,271.0965277777778,49.67444444444445,1,131,United Kingdom,0.9976554080002883
16872,3,2011-06-08T14:32:00Z,388.36,184.92916666666667,53.532291666666666,1,5,United Kingdom,0.3049760199520133
16873,6,2010-12-10T15:45:00Z,2157.64,364.87847222222223,71.96944444444445,1,179,United Kingdom,0.9998013930567604
16875,5,2011-01-04T10:37:00Z,368.8,340.09236111111113,68.03159722222222,1,93,United Kingdom,0.9881492544329358
16877,6,2011-05-15T16:13:00Z,77.75,208.85902777777778,39.179722222222225,1,111,United Kingdom,0.9923519775519772
16880,7,2011-06-03T16:45:00Z,269.88,189.83680555555554,26.46388888888889,1,121,United Kingdom,0.9947882907601576
16882,3,2011-01-26T17:43:00Z,9.9,317.7965277777778,125.35381944444444,1,39,United Kingdom,0.834485428659558
16883,2,2010-12-03T10:33:00Z,128.03,372.09513888888887,184.09583333333333,1,33,United Kingdom,0.8191448141146811
16885,3,2010-12-17T17:23:00Z,190.65,357.81041666666664,170.92256944444443,1,82,United Kingdom,0.981588285706706
16889,3,2011-01-07T10:47:00Z,523.05,337.0854166666667,71.00625,1,112,United Kingdom,0.9953032633334826
16891,5,2010-12-03T11:35:00Z,232.26,372.0520833333333,92.49652777777777,1,166,United Kingdom,0.9997725370836987
16892,5,2011-06-09T11:35:00Z,102.98,184.05208333333334,45.51788194444445,1,87,United Kingdom,0.9708377559077287
16893,1,2010-12-08T12:06:00Z,145.93,367.03055555555557,0,0,44,United Kingdom,0.8864517574030595
16897,2,2011-01-30T11:52:00Z,213.03,314.04027777777776,14.131944444444445,1,37,United Kingdom,0.809075024870762
16898,3,2010-12-06T12:23:00Z,116.08,369.01875,171.06979166666667,1,150,United Kingdom,0.9994871809437695
16899,6,2010-12-14T13:11:00Z,170.55,360.98541666666665,70.59055555555555,1,80,United Kingdom,0.9799921473761823
16902,1,2011-08-15T14:17:00Z,1706.88,116.93958333333333,0,0,43,United Kingdom,0.6239572585952655
16904,16,2010-12-07T13:29:00Z,322.8,367.97291666666666,24.199120370370373,1,387,United Kingdom,0.9999999975351617
16905,7,2010-12-03T10:43:00Z,254.4,372.08819444444447,61.02291666666667,1,117,United Kingdom,0.9970952649663511
16906,4,2011-04-05T12:30:00Z,114.64,249.01388888888889,55.65717592592592,1,74,United Kingdom,0.9572624283998347
16907,5,2010-12-09T16:52:00Z,182.02,365.83194444444445,84.0125,1,89,United Kingdom,0.9875891768920204
16910,8,2011-09-09T14:14:00Z,111.78,91.94166666666666,12.4203373015873,1,318,United Kingdom,0.9999997224013566
16912,11,2011-01-20T15:42:00Z,377.3,323.88055555555553,29.485833333333336,1,88,United Kingdom,0.9835570948838792
16913,1,2011-02-22T12:56:00Z,113.44,290.99583333333334,0,0,8,United Kingdom,0.46621417456080205
16915,6,2011-03-01T09:52:00Z,54.300000000000004,284.12361111111113,54.85652777777777,1,46,United Kingdom,0.8609773938031707
16916,2,2010-12-02T13:14:00Z,198.08,372.98333333333335,348.95416666666665,1,129,United Kingdom,0.9984689927240651
16917,1,2011-03-08T11:55:00Z,391.52,277.03819444444446,0,0,9,United Kingdom,0.44587270725403794
16918,6,2011-01-26T17:37:00Z,275.78000000000003,317.80069444444445,53.560138888888886,1,97,United Kingdom,0.9896359095758664
16919,11,2010-12-06T12:52:00Z,198.35,368.99861111111113,21.20298611111111,1,141,United Kingdom,0.9991639528502517
16923,19,2010-12-12T11:06:00Z,550.5,363.0722222222222,19.44884259259259,1,313,United Kingdom,0.9999998753392271
16926,1,2010-12-03T13:42:00Z,230.25,371.9638888888889,0,0,14,United Kingdom,0.621642690304567
16927,3,2010-12-13T11:57:00Z,218.1,362.03680555555553,122.98368055555555,1,5,United Kingdom,0.497348002144796
16928,17,2010-12-01T15:21:00Z,116.25,373.8951388888889,18.312022569444444,1,69,United Kingdom,0.9674100596911445
16929,7,2011-07-07T12:39:00Z,229.14,156.0076388888889,25.305324074074075,1,51,United Kingdom,0.8147555409381666
16931,21,2010-12-05T11:40:00Z,152.05,370.0486111111111,18.203298611111112,1,448,United Kingdom,0.9999999999016373
16933,2,2011-04-14T13:33:00Z,224.73,239.9701388888889,237.97291666666666,1,42,United Kingdom,0.7988723594977718
16938,4,2011-02-04T09:34:00Z,267.6,309.1361111111111,100.01064814814815,1,212,United Kingdom,0.99997231042045
16940,3,2011-02-23T12:27:00Z,757.68,290.0159722222222,118.51666666666667,1,226,United Kingdom,0.9999834488372156
16942,9,2011-04-26T11:59:00Z,285.04,228.03541666666666,26.87855902777778,1,159,United Kingdom,0.999380686211748
16943,3,2011-01-25T14:00:00Z,451.03000000000003,318.9513888888889,53.45729166666667,1,23,United Kingdom,0.6627581369655728
16945,19,2010-12-16T17:49:00Z,279.85,358.7923611111111,18.707947530864196,1,137,United Kingdom,0.9989013011237868
16947,1,2011-04-18T09:38:00Z,406.48,236.13333333333333,0,0,21,United Kingdom,0.5558460786804519
16948,3,2011-01-18T10:58:00Z,69.6,326.0777777777778,93.5375,1,15,United Kingdom,0.5967220734356729
16949,6,2011-01-27T12:11:00Z,74.42,317.02708333333334,62.59111111111112,1,57,United Kingdom,0.92635212798046
16950,3,2010-12-07T15:20:00Z,172,367.8958333333333,155.3701388888889,1,39,United Kingdom,0.8572052005071872
16951,3,2011-02-08T14:58:00Z,1053.79,304.9111111111111,84.93993055555555,1,73,United Kingdom,0.9548538086371012
16952,2,2011-08-22T12:58:00Z,157.10999999999999,109.99444444444444,0.003472222222222222,1,16,United Kingdom,0.3736550687913743
16954,9,2010-12-15T10:41:00Z,346.8,360.08958333333334,44.87022569444444,1,40,United Kingdom,0.853734443748351
16955,4,2010-12-01T13:31:00Z,156.1,373.9715277777778,62.95949074074074,1,18,United Kingdom,0.6753506982984582
16957,2,2011-03-03T09:25:00Z,114.84,282.1423611111111,42.18819444444444,1,15,United Kingdom,0.5471902198950194
16960,3,2011-04-01T11:54:00Z,201.53,253.0388888888889,106.99340277777777,1,92,United Kingdom,0.9826744077199338
16961,1,2011-08-15T13:46:00Z,234.17,116.96111111111111,0,0,14,United Kingdom,0.35193807124723475
16963,1,2011-06-05T13:48:00Z,110.55000000000001,187.9597222222222,0,0,7,United Kingdom,0.3467387376904647
16965,1,2011-04-27T12:08:00Z,201.19,227.02916666666667,0,0,26,United Kingdom,0.622134349603584
16966,7,2011-04-13T14:17:00Z,409.2,240.93958333333333,38.66238425925926,1,8,United Kingdom,0.3940026158171501
16967,1,2011-06-03T14:24:00Z,319.02,189.93472222222223,0,0,21,United Kingdom,0.51175443000376
16968,2,2011-08-24T10:51:00Z,253.31,108.0826388888889,103.17430555555555,1,31,United Kingdom,0.5568919120395442
16969,3,2011-06-01T12:10:00Z,397.36,192.02777777777777,76.02152777777778,1,42,United Kingdom,0.755055399162386
16976,1,2011-03-17T16:33:00Z,251.51999999999998,267.84513888888887,0,0,2,United Kingdom,0.35807536874993356
16979,6,2011-02-15T09:20:00Z,347.15,298.1458333333333,58.82513888888889,1,64,United Kingdom,0.9394330797525081
16980,2,2011-02-21T12:58:00Z,732.36,291.99444444444447,36.15138888888889,1,71,United Kingdom,0.9515067733469434
16983,7,2010-12-05T12:34:00Z,163.49,370.0111111111111,59.49722222222223,1,112,United Kingdom,0.9962932511794504
16984,2,2011-08-01T17:37:00Z,3226.13,130.80069444444445,41.8375,1,354,United Kingdom,0.9999999176924194
16985,10,2010-12-16T10:38:00Z,933.32,359.09166666666664,37.90239197530864,1,62,United Kingdom,0.9397617851784439
16987,7,2011-05-18T15:55:00Z,213.05,205.87152777777777,33.677199074074075,1,74,United Kingdom,0.9476436154945246
16989,6,2011-07-12T09:11:00Z,857.7,151.15208333333334,28.66222222222222,1,7,United Kingdom,0.27086348950236205
16990,1,2011-05-05T08:30:00Z,179,219.18055555555554,0,0,1,United Kingdom,0.3041568955228754
16992,5,2011-02-28T10:37:00Z,421.6,285.09236111111113,68.51267361111111,1,84,United Kingdom,0.975959274380632
16996,6,2010-12-21T13:22:00Z,97.84,353.97777777777776,64.62791666666666,1,13,United Kingdom,0.5990580174369406
16997,3,2011-01-18T11:51:00Z,390,326.0409722222222,18.617013888888888,1,7,United Kingdom,0.4729611158529121
16998,4,2011-02-08T15:42:00Z,90,304.88055555555553,51.5837962962963,1,1,United Kingdom,0.3935570927798365
17001,11,2010-12-16T09:35:00Z,397.96,359.1354166666667,35.80020833333334,1,75,United Kingdom,0.9724488453741914
17002,3,2011-02-22T11:46:00Z,513.06,291.0444444444444,102.51875,1,41,United Kingdom,0.8134775412132513
17004,2,2011-09-08T12:16:00Z,1006.4,93.02361111111111,46.08958333333333,1,38,United Kingdom,0.5812539282968296
17007,6,2010-12-17T13:57:00Z,72,357.9534722222222,61.37361111111111,1,50,United Kingdom,0.91266871880100775
17015,3,2011-06-07T13:19:00Z,524.5,185.97986111111112,78.44652777777777,1,182,United Kingdom,0.9997600506515831
17017,20,2010-12-02T10:17:00Z,780.12,373.10625,19.47203947368421,1,88,United Kingdom,0.9852037119118265
17018,2,2011-01-18T08:46:00Z,405,326.1694444444444,285.1222222222222,1,15,United Kingdom,0.5753470562460182
17019,4,2010-12-06T12:55:00Z,358.82,368.99652777777777,119.0025462962963,1,166,United Kingdom,0.9997616757600608
17024,3,2011-07-05T09:31:00Z,31.25,158.13819444444445,56.08888888888889,1,2,United Kingdom,0.2686616649996303
17025,3,2010-12-01T15:45:00Z,143.12,373.87847222222223,156.36145833333333,1,8,United Kingdom,0.5538660640119264
17026,2,2010-12-05T12:47:00Z,33.15,370.00208333333336,184.0701388888889,1,4,United Kingdom,0.5052080365778427
17027,6,2011-01-26T14:19:00Z,191.55,317.93819444444443,47.78402777777778,1,110,United Kingdom,0.9948149841618327
17029,2,2011-04-17T10:57:00Z,358,237.07847222222222,126.00625,1,1,United Kingdom,0.3106257925949454
17031,2,2011-07-08T09:38:00Z,225.95,155.13333333333333,143.03125,1,19,United Kingdom,0.4543289789468548
17033,3,2010-12-15T13:21:00Z,307.8,359.9784722222222,136.52534722222222,1,24,United Kingdom,0.7197616286401811
17034,3,2011-02-25T10:10:00Z,141.79999999999998,288.1111111111111,135.60555555555555,1,28,United Kingdom,0.7074566912879787
17035,2,2011-02-01T12:27:00Z,259.51,312.0159722222222,65.95555555555555,1,27,United Kingdom,0.7117212755018273
17040,1,2011-07-25T10:19:00Z,449.73,138.10486111111112,0,0,15,United Kingdom,0.3719649402922248
17041,3,2010-12-14T11:43:00Z,304.5,361.0465277777778,166.9923611111111,1,59,United Kingdom,0.9408106779964435
17042,5,2011-04-06T14:53:00Z,273.21,247.91458333333333,61.22447916666667,1,74,United Kingdom,0.955314001416414
17043,4,2011-03-18T14:53:00Z,174.6,266.9145833333333,78.00925925925925,1,100,United Kingdom,0.9892362355039728
17045,3,2011-04-06T12:08:00Z,39.95,248.02916666666667,67.10451388888889,1,20,United Kingdom,0.5795030025897576
17046,1,2011-07-05T14:24:00Z,642.02,157.93472222222223,0,0,22,United Kingdom,0.4687667743717473
17047,3,2011-05-18T16:50:00Z,439.39,205.83333333333334,59.92951388888889,1,59,United Kingdom,0.8866724725699983
17048,3,2011-01-12T16:51:00Z,258.41,331.8326388888889,106.8951388888889,1,41,United Kingdom,0.8477274001275099
17049,9,2011-03-09T08:33:00Z,924.54,276.17847222222224,34.13671875,1,201,United Kingdom,0.9999327461026286
17050,6,2011-02-13T12:41:00Z,131.4,300.00625,40.60930555555556,1,169,United Kingdom,0.9997409403382959
17051,1,2011-05-29T14:13:00Z,247.14000000000001,194.9423611111111,0,0,40,United Kingdom,0.7453961303416802
17053,1,2011-08-01T10:23:00Z,498.48,131.10208333333333,0,0,13,United Kingdom,0.33830047358007
17054,5,2011-04-08T13:14:00Z,314.07,245.98333333333332,54.246875,1,64,United Kingdom,0.9258082523777568
17058,3,2011-04-14T09:18:00Z,582.72,240.1472222222222,79.01909722222223,1,51,United Kingdom,0.8523093983939425
17059,5,2010-12-05T12:35:00Z,722.36,370.0104166666667,84.99861111111112,1,292,United Kingdom,0.9999996233966391
17060,1,2011-03-18T13:27:00Z,234.24,266.97430555555553,0,0,5,United Kingdom,0.3947993853428123
17061,11,2011-04-21T13:29:00Z,1701.5,232.97291666666666,15.891319444444445,1,57,United Kingdom,0.8504274063718302
17062,4,2010-12-05T11:59:00Z,179.64,370.03541666666666,18.653240740740742,1,52,United Kingdom,0.9223346498924879
17063,7,2011-02-23T13:44:00Z,187.65,289.9625,44.68460648148149,1,66,United Kingdom,0.9454205233837809
17064,3,2011-01-16T16:10:00Z,147.85,327.8611111111111,134.37777777777777,1,53,United Kingdom,0.913084116898893
17068,21,2010-12-06T13:58:00Z,166.15,368.9527777777778,17.798472222222223,1,116,United Kingdom,0.9969703567291652
17069,9,2010-12-01T16:49:00Z,277.05,373.8340277777778,43.12708333333333,1,111,United Kingdom,0.9960440680425258
17070,1,2011-08-17T17:01:00Z,312.14,114.82569444444445,0,0,62,United Kingdom,0.8643398167231647
17071,9,2011-02-03T08:18:00Z,308.55,310.18888888888887,35.16779513888889,1,102,United Kingdom,0.9916485123478149
17073,4,2011-08-22T14:37:00Z,453.79,109.92569444444445,30.627314814814813,1,142,United Kingdom,0.9973926633218626
17075,4,2011-01-26T13:20:00Z,188.86,317.9791666666667,99.98101851851851,1,62,United Kingdom,0.9407820686652603
17076,3,2010-12-10T10:08:00Z,151.5,365.1125,164.16145833333334,1,17,United Kingdom,0.655511673773694
17080,2,2011-03-15T12:05:00Z,76.32000000000001,270.03125,247.0375,1,8,United Kingdom,0.4460898425498643
17082,2,2011-01-25T14:36:00Z,636.94,318.9263888888889,285.0284722222222,1,75,United Kingdom,0.9653201404204297
17083,3,2011-02-09T11:38:00Z,691.36,304.05,97.08506944444444,1,24,United Kingdom,0.64553467145997
17085,5,2010-12-12T12:24:00Z,452.99,363.0180555555556,59.76927083333333,1,115,United Kingdom,0.9964699590354816
17088,4,2011-03-31T09:48:00Z,1015.83,254.1263888888889,75.0636574074074,1,96,United Kingdom,0.9826314724764107
17090,7,2010-12-20T13:52:00Z,61.2,354.95694444444445,58.33240740740741,1,45,United Kingdom,0.8886391390868075
17091,9,2010-12-07T09:55:00Z,293.45000000000005,368.12152777777777,45.62916666666667,1,119,United Kingdom,0.9973081580477009
17092,4,2011-03-07T14:51:00Z,134.9,277.9159722222222,75.73611111111111,1,99,United Kingdom,0.9893028334843732
17094,1,2011-01-21T13:09:00Z,302,322.9868055555556,0,0,14,United Kingdom,0.5659046419790489
17095,3,2011-01-09T11:05:00Z,313.15,335.0729166666667,156.0263888888889,1,69,United Kingdom,0.9596999354341826
17096,4,2011-03-23T12:05:00Z,133.49,262.03125,82.04074074074074,1,46,United Kingdom,0.8464090680987627
17097,8,2010-12-09T14:55:00Z,174.72,365.91319444444446,51.870039682539684,1,153,Spain,0.9995482318296472
17101,4,2011-06-14T14:49:00Z,230.58,178.91736111111112,55.98796296296297,1,28,United Kingdom,0.5953257424349139
17102,1,2011-03-23T10:08:00Z,25.5,262.1125,0,0,1,United Kingdom,0.3541472427868272
17105,2,2011-02-06T14:46:00Z,319.4,306.9194444444444,147.04652777777778,1,80,United Kingdom,0.9738557434773403
17107,6,2011-03-06T15:17:00Z,1695.21,278.8979166666667,48.99125,1,269,United Kingdom,0.9999976141568766
17109,6,2011-04-21T15:46:00Z,400.64,232.87777777777777,40.61013888888889,1,107,United Kingdom,0.9907780593105336
17110,1,2011-06-27T12:58:00Z,163.29999999999998,165.99444444444444,0,0,12,United Kingdom,0.3815450943447732
17114,8,2011-01-09T11:39:00Z,142.24,335.0493055555556,47.00376984126984,1,85,United Kingdom,0.9828085383849627
17115,3,2011-04-20T14:46:00Z,310.02,233.91944444444445,112.49444444444444,1,33,United Kingdom,0.7033335241662253
17117,1,2011-02-24T13:54:00Z,116.19999999999999,288.9555555555556,0,0,9,United Kingdom,0.4767650517682907
17118,1,2011-01-26T12:19:00Z,157.02,318.0215277777778,0,0,10,United Kingdom,0.5185434669150502
17120,1,2011-04-20T15:21:00Z,307.46,233.89513888888888,0,0,18,United Kingdom,0.5212335422728959
17122,1,2011-08-12T14:33:00Z,138.32,119.92847222222223,0,0,7,United Kingdom,0.28174815786924295
17123,1,2011-07-01T10:47:00Z,345.3,162.08541666666667,0,0,9,United Kingdom,0.3309821033072192
17124,1,2011-06-07T14:02:00Z,298.89,185.95,0,0,31,United Kingdom,0.6351237125119956
17126,5,2010-12-12T11:26:00Z,212.6,363.05833333333334,52.52534722222222,1,187,United Kingdom,0.9999209069787678
17128,1,2011-01-09T12:02:00Z,157.09,335.03333333333336,0,0,14,United Kingdom,0.5879886443915859
17133,7,2011-03-18T13:47:00Z,683.4200000000001,266.9604166666667,41.824074074074076,1,13,United Kingdom,0.46743860558007927
17134,2,2011-03-20T11:56:00Z,330.5,265.0375,157.91458333333333,1,21,United Kingdom,0.5913960458841455
17135,7,2010-12-03T09:31:00Z,215.57999999999998,372.1381944444444,59.21724537037037,1,34,United Kingdom,0.8234014071901489
17138,1,2011-03-09T11:54:00Z,380.5,276.0388888888889,0,0,24,United Kingdom,0.6364573808301885
17139,12,2011-02-24T09:32:00Z,2639.38,289.1375,24.82070707070707,1,309,United Kingdom,0.9999996330331545
17140,1,2011-04-06T13:33:00Z,465.32,247.9701388888889,0,0,16,United Kingdom,0.5001319624225582
17142,1,2011-04-14T18:22:00Z,579,239.76944444444445,0,0,15,United Kingdom,0.47079204369751365
17146,3,2010-12-16T12:20:00Z,298.25,359.0208333333333,126.50833333333334,1,33,United Kingdom,0.8035972888359225
17147,4,2011-02-01T09:36:00Z,409.5,312.1347222222222,96.37407407407407,1,68,United Kingdom,0.952276328910532
17152,3,2011-03-21T16:20:00Z,315.9,263.8541666666667,34.41631944444445,1,9,United Kingdom,0.436695138875366
17155,2,2011-06-15T10:22:00Z,143.29999999999998,178.1027777777778,160.09444444444443,1,19,United Kingdom,0.4845659942886571
17157,2,2011-06-16T15:08:00Z,161.45999999999998,176.90416666666667,168.7513888888889,1,11,United Kingdom,0.3805742831378961
17158,3,2010-12-14T13:03:00Z,413.79,360.99097222222224,164.04583333333332,1,53,United Kingdom,0.9187431841675684
17159,3,2011-06-21T09:49:00Z,528.45,172.12569444444443,75.021875,1,96,United Kingdom,0.9783009061368427
17160,6,2011-04-12T12:00:00Z,611.91,242.03472222222223,42.01736111111111,1,111,United Kingdom,0.9923740495516327
17162,10,2011-02-07T12:27:00Z,424.41,306.0159722222222,30.77368827160494,1,81,United Kingdom,0.974367321602554
17164,7,2011-03-11T14:26:00Z,627.13,273.93333333333334,40.13055555555555,1,92,United Kingdom,0.9823010102784524
17165,1,2011-02-28T16:39:00Z,158.68,284.8409722222222,0,0,10,United Kingdom,0.4824711470153969
17166,2,2011-05-20T08:18:00Z,127.59,204.1888888888889,165.0611111111111,1,11,United Kingdom,0.41100067958363634
17169,2,2011-06-09T13:16:00Z,308.68,183.98194444444445,125.88125,1,51,United Kingdom,0.8294241662662769
17171,1,2011-02-23T16:37:00Z,224.91,289.84236111111113,0,0,16,United Kingdom,0.5610910911234244
17173,8,2011-07-31T15:26:00Z,462.78,131.89166666666668,17.995436507936507,1,36,United Kingdom,0.6309143881347729
17174,1,2011-05-06T11:47:00Z,59.9,218.04375,0,0,4,United Kingdom,0.34404590912641897
17175,4,2011-02-16T14:56:00Z,519.08,296.9125,84.00810185185185,1,42,United Kingdom,0.8247041822888684
17176,1,2011-05-22T12:41:00Z,306.13,202.00625,0,0,15,United Kingdom,0.4480044512550126
17179,3,2010-12-13T14:24:00Z,243,361.9347222222222,91.55,1,56,United Kingdom,0.9327878189646112
17180,4,2011-01-27T18:05:00Z,247.54,316.78125,86.63449074074073,1,91,United Kingdom,0.985943287498127
17181,2,2010-12-01T12:38:00Z,155.52,374.0083333333333,316.09027777777777,1,23,United Kingdom,0.729562069861254
17183,6,2011-08-26T15:25:00Z,329.67,105.89236111111111,19.555833333333332,1,42,United Kingdom,0.6835272769561954
17187,1,2011-04-27T12:39:00Z,203.95,227.0076388888889,0,0,10,United Kingdom,0.41752724674945685
17188,7,2010-12-12T12:56:00Z,513.64,362.99583333333334,58.50659722222222,1,71,United Kingdom,0.9658518955786807
17189,2,2010-12-15T17:28:00Z,227.22,359.80694444444447,253.09097222222223,1,52,United Kingdom,0.9181578717889476
17190,2,2011-05-16T15:29:00Z,195,207.88958333333332,148.8361111111111,1,19,United Kingdom,0.5134451202637645
17191,7,2010-12-06T14:36:00Z,422.81,368.9263888888889,56.68310185185185,1,163,United Kingdom,0.9997166900079193
17193,7,2011-06-16T10:04:00Z,299.03999999999996,177.11527777777778,23.51886574074074,1,17,United Kingdom,0.4474487736418875
17194,2,2010-12-14T12:06:00Z,252.62,361.03055555555557,86.99930555555555,1,26,United Kingdom,0.7438826112454245
17198,3,2010-12-03T14:54:00Z,272.01,371.9138888888889,173.91145833333334,1,89,United Kingdom,0.9876213490256844
17204,4,2011-03-21T12:42:00Z,788.9100000000001,264.00555555555553,29.362037037037037,1,44,United Kingdom,0.8082141375655439
17211,8,2010-12-05T12:44:00Z,273.3,370.00416666666666,48.99593253968254,1,150,United Kingdom,0.9994677440218684
17212,1,2011-03-31T19:42:00Z,226.85,253.7138888888889,0,0,4,United Kingdom,0.36942911604108314
17213,7,2010-12-08T13:03:00Z,312.90000000000003,366.99097222222224,54.34606481481482,1,85,United Kingdom,0.9843189935184959
17214,6,2010-12-15T15:14:00Z,171.05,359.9,59.78375,1,79,United Kingdom,0.978848363905378
17217,1,2011-04-19T17:19:00Z,113.5,234.81319444444443,0,0,9,United Kingdom,0.4189401499277921
17218,10,2010-12-06T15:25:00Z,292.54,368.8923611111111,40.437268518518515,1,146,United Kingdom,0.999338455378561
17220,14,2010-12-10T14:54:00Z,317.5,364.9138888888889,26.150267094017092,1,303,United Kingdom,0.9999998045474047
17223,2,2010-12-06T14:08:00Z,292.84,368.9458333333333,58.075694444444444,1,43,United Kingdom,0.8778913571074107
17226,1,2011-02-04T11:52:00Z,393.49,309.04027777777776,0,0,21,United Kingdom,0.6327349434652645
17227,6,2010-12-06T11:16:00Z,142.25,369.0652777777778,69.99652777777779,1,28,United Kingdom,0.774529640964713
17228,8,2010-12-02T16:00:00Z,183.3,372.86805555555554,50.96666666666666,1,140,United Kingdom,0.9991375096272588
17229,2,2011-07-20T12:38:00Z,157.71,143.00833333333333,46.05416666666667,1,39,United Kingdom,0.6943713862955565
17230,8,2010-12-15T11:22:00Z,1761.26,360.06111111111113,13.600198412698413,1,51,United Kingdom,0.8767363794419754
17231,10,2010-12-13T14:16:00Z,232.01,361.9402777777778,38.78256172839506,1,292,United Kingdom,0.9999996573267245
17234,1,2011-06-10T11:20:00Z,149.89,183.0625,0,0,14,United Kingdom,0.42516989383477954
17235,2,2010-12-02T13:38:00Z,341.9,372.96666666666664,347.09236111111113,1,24,United Kingdom,0.7292090223340215
17236,6,2010-12-12T11:49:00Z,126.28,363.0423611111111,70.00152777777778,1,88,United Kingdom,0.9869700550302307
17238,17,2010-12-03T15:05:00Z,254.39000000000001,371.90625,23.053385416666668,1,297,United Kingdom,0.9999997453585853
17239,1,2011-01-31T09:41:00Z,382.5,313.13125,0,0,15,United Kingdom,0.562936683117079
17242,2,2011-06-12T13:04:00Z,709.4399999999999,180.99027777777778,72.07708333333333,1,30,United Kingdom,0.592056401879384
17243,26,2010-12-05T10:03:00Z,256.90000000000003,370.11597222222224,14.725638888888888,1,180,United Kingdom,0.999888378167494
17245,1,2011-05-19T10:43:00Z,171.45,205.08819444444444,0,0,9,United Kingdom,0.38429757990677166
17248,1,2011-08-11T13:34:00Z,318.65,120.96944444444445,0,0,68,United Kingdom,0.8991907465236041
17250,2,2011-03-23T16:45:00Z,162.65,261.83680555555554,257.8125,1,55,United Kingdom,0.8971041850029953
17251,1,2010-12-12T11:06:00Z,283.28000000000003,363.0722222222222,0,0,37,United Kingdom,0.8372811695657469
17252,2,2011-06-06T16:41:00Z,341.96,186.83958333333334,69.71111111111111,1,86,United Kingdom,0.9677788456085287
17255,2,2011-02-13T15:18:00Z,112.46,299.89722222222224,258.875,1,69,United Kingdom,0.9556664877876574
17256,2,2011-01-31T14:53:00Z,127.9,312.9145833333333,204.9423611111111,1,12,United Kingdom,0.5408050970370062
17259,2,2010-12-06T12:55:00Z,381.64,368.99652777777777,220.0875,1,104,United Kingdom,0.9940390444183699
17262,5,2010-12-08T13:30:00Z,268.86,366.97222222222223,78.49409722222222,1,9,United Kingdom,0.5510918681854152
17263,1,2011-05-15T14:32:00Z,63.44,208.92916666666667,0,0,23,United Kingdom,0.5746153406062557
17265,2,2011-06-12T12:00:00Z,384.09000000000003,181.03472222222223,41.950694444444444,1,106,United Kingdom,0.9879252891009934
17266,3,2011-07-15T11:57:00Z,113.06,148.03680555555556,72.546875,1,60,United Kingdom,0.8748524039690029
17267,2,2011-08-04T17:19:00Z,311.02,127.81319444444445,0.0020833333333333333,1,37,United Kingdom,0.6480380678670239
17268,4,2011-04-08T13:20:00Z,138.24,245.97916666666666,45.95509259259259,1,3,United Kingdom,0.3550880026539256
17272,4,2011-03-22T12:05:00Z,657.68,263.03125,73.3962962962963,1,70,United Kingdom,0.9436828168269595
17277,2,2011-01-21T12:37:00Z,717.02,323.00902777777776,95.00694444444444,1,67,United Kingdom,0.9482163772388953
17278,1,2011-04-12T13:10:00Z,246.04,241.98611111111111,0,0,15,United Kingdom,0.495131965176862
17282,3,2011-02-13T11:36:00Z,741.85,300.0513888888889,84.56006944444445,1,79,United Kingdom,0.96845929199745
17284,6,2011-01-07T14:31:00Z,716.11,336.9298611111111,55.20097222222222,1,229,United Kingdom,0.9999885699149083
17287,7,2010-12-02T12:22:00Z,113.92,373.01944444444445,57.67418981481482,1,88,United Kingdom,0.9875551477273312
17288,7,2010-12-16T13:33:00Z,133.56,358.97013888888887,58.18472222222223,1,118,United Kingdom,0.9971721901503728
17289,3,2011-06-12T13:51:00Z,167.36,180.95763888888888,74.46180555555556,1,86,United Kingdom,0.9684141530371699
17291,1,2011-02-04T13:04:00Z,550.8000000000001,308.9902777777778,0,0,1,United Kingdom,0.36907713145799
17293,9,2010-12-13T14:55:00Z,346.14,361.91319444444446,44.1234375,1,93,United Kingdom,0.9892715211325962
17298,2,2011-08-07T12:21:00Z,107.64,125.0201388888889,23.181944444444444,1,30,United Kingdom,0.5716402502388462
17299,4,2011-06-19T16:04:00Z,151.63,173.86527777777778,53.94375,1,50,United Kingdom,0.8215966094269799
17302,5,2011-02-07T10:14:00Z,182.85,306.10833333333335,72.74340277777777,1,68,United Kingdom,0.9537839069275276
17303,1,2010-12-13T13:32:00Z,250.04,361.97083333333336,0,0,53,United Kingdom,0.9222171894177422
17306,19,2010-12-21T13:34:00Z,324,353.96944444444443,19.05246913580247,1,13,United Kingdom,0.5846314195872477
17309,1,2011-09-05T15:20:00Z,82.75,95.89583333333333,0,0,11,United Kingdom,0.30625321631048447
17311,2,2011-01-27T10:56:00Z,556.46,317.07916666666665,238.13541666666666,1,55,United Kingdom,0.9089697207293971
17312,3,2011-07-03T13:12:00Z,145.8,159.98472222222222,10.472222222222221,1,11,United Kingdom,0.36438942382239337
17314,8,2011-01-31T11:25:00Z,203.79999999999998,313.05902777777777,41.13253968253969,1,120,United Kingdom,0.9968323525999523
17315,38,2010-12-17T12:24:00Z,108.92,358.0180555555556,9.621452702702703,1,256,United Kingdom,0.9999978126660426
17317,3,2011-09-11T12:45:00Z,2027.94,90.00347222222223,21.59513888888889,1,8,United Kingdom,0.1805825251829969
17320,3,2010-12-06T15:38:00Z,450.92,368.8833333333333,133.95590277777777,1,57,United Kingdom,0.9344721013114774
17323,7,2011-02-20T14:38:00Z,141.69,292.925,46.18645833333333,1,125,United Kingdom,0.9973755639602638
17324,4,2010-12-08T12:45:00Z,127.05,367.00347222222223,116.30300925925927,1,43,United Kingdom,0.8816286188989555
17325,1,2011-03-04T13:09:00Z,96.8,280.9868055555556,0,0,6,United Kingdom,0.43089244803682253
17329,2,2011-01-28T15:29:00Z,243.36,315.88958333333335,300.9548611111111,1,29,United Kingdom,0.7366566164709525
17331,1,2011-08-08T11:55:00Z,175.2,124.03819444444444,0,0,1,United Kingdom,0.22456859397153084
17334,2,2011-02-04T09:03:00Z,296.52,309.15763888888887,6.247222222222222,1,11,United Kingdom,0.5127134976815854
17337,4,2011-02-02T17:06:00Z,1026.72,310.8222222222222,52.96967592592592,1,421,United Kingdom,0.9999999993491697
17338,8,2010-12-13T12:57:00Z,767.6,361.9951388888889,49.15138888888889,1,389,United Kingdom,0.999999997435898
17339,2,2010-12-09T14:44:00Z,60,365.92083333333335,270.9479166666667,1,9,United Kingdom,0.5635660141348295
17340,11,2010-12-08T15:56:00Z,2671.27,366.87083333333334,33.67840277777778,1,229,United Kingdom,0.9999831827590305
17341,3,2010-12-08T12:46:00Z,513.6,367.0027777777778,104.9954861111111,1,147,United Kingdom,0.9993287195036641
17343,1,2010-12-19T15:07:00Z,193.64,355.90486111111113,0,0,17,United Kingdom,0.6438921617075521
17345,4,2011-05-27T12:26:00Z,82.79,197.01666666666668,60.36944444444444,1,70,United Kingdom,0.9360876102091029
17346,15,2010-12-01T14:34:00Z,146.61,373.9277777777778,26.421825396825398,1,299,United Kingdom,0.9999997788588714
17348,5,2011-02-15T10:49:00Z,160.15,298.0840277777778,70.75625,1,180,United Kingdom,0.999851294419135
17349,1,2011-06-13T14:29:00Z,110.75,179.93125,0,0,8,United Kingdom,0.35060982959986725
17351,3,2011-03-11T16:05:00Z,198.6,273.8645833333333,118.55555555555556,1,22,United Kingdom,0.6212266600832055
17353,2,2011-07-08T16:17:00Z,870,154.85625,25.043055555555554,1,5,United Kingdom,0.25326627023890397
17356,1,2011-02-01T11:07:00Z,178.22,312.07152777777776,0,0,19,United Kingdom,0.6248276339844255
17358,2,2010-12-19T14:16:00Z,246.70000000000002,355.9402777777778,52.111805555555556,1,55,United Kingdom,0.9276692913974647
17360,3,2011-06-08T17:09:00Z,330.95,184.8201388888889,83.4173611111111,1,113,United Kingdom,0.9918243115750904
17361,3,2011-02-21T09:55:00Z,45,292.12152777777777,121.12083333333334,1,26,United Kingdom,0.6946958011600549
17362,2,2011-02-03T10:26:00Z,150,310.1,70.17847222222223,1,30,United Kingdom,0.7465153373042767
17364,11,2011-01-12T16:57:00Z,436.23,331.8284722222222,33.066874999999996,1,288,United Kingdom,0.9999994927708824
17365,8,2011-01-11T12:11:00Z,727.36,333.02708333333334,45.714484126984125,1,278,United Kingdom,0.9999990841922252
17367,1,2011-04-15T14:21:00Z,168.4,238.93680555555557,0,0,33,United Kingdom,0.7155231615401969
17368,8,2011-01-06T11:57:00Z,563.15,338.03680555555553,44.877876984126985,1,93,United Kingdom,0.9874230495400865
17370,4,2011-06-23T11:50:00Z,110.7,170.04166666666666,32.31111111111111,1,31,United Kingdom,0.6306324819858516
17371,3,2010-12-13T15:20:00Z,97.63,361.8958333333333,171.96180555555554,1,83,United Kingdom,0.9832155535933016
17372,8,2010-12-12T12:00:00Z,172.71,363.03472222222223,45.99771825396825,1,215,United Kingdom,0.9999817076037839
17373,4,2011-01-31T11:46:00Z,145.25,313.0444444444444,90.71805555555555,1,47,United Kingdom,0.8783381403612758
17374,2,2011-03-03T12:53:00Z,191.95,281.99791666666664,62.84166666666667,1,24,United Kingdom,0.6537651444082435
17375,3,2010-12-13T15:16:00Z,109.71,361.8986111111111,81.01006944444444,1,63,United Kingdom,0.9538579171309601
17376,2,2011-02-01T14:12:00Z,105.85,311.94305555555553,240.93333333333334,1,23,United Kingdom,0.6761896630419505
17377,20,2010-12-01T12:35:00Z,223.9,374.0104166666667,18.418201754385965,1,190,United Kingdom,0.9999352614124946
17381,29,2010-12-02T12:58:00Z,211.2,372.99444444444447,12.998536706349208,1,40,United Kingdom,0.8648250507627547
17384,2,2011-05-04T16:07:00Z,227.64999999999998,219.86319444444445,199.98680555555555,1,12,United Kingdom,0.4338072414726967
17386,6,2011-06-27T12:11:00Z,434.04,166.02708333333334,31.59402777777778,1,23,United Kingdom,0.5042038298521455
17388,4,2011-02-25T12:28:00Z,381.6,288.0152777777778,69.97291666666666,1,13,United Kingdom,0.5101361512500119
17389,34,2011-01-12T15:48:00Z,105.54,331.87638888888887,10.022516835016834,1,45,United Kingdom,0.8770844178061696
17391,2,2011-06-28T12:21:00Z,407.04,165.02013888888888,0.9006944444444445,1,2,United Kingdom,0.25525928359406436
17392,2,2010-12-16T19:04:00Z,312.41,358.7402777777778,51.73888888888889,1,53,United Kingdom,0.9200029521241755
17394,1,2011-05-04T13:22:00Z,203.86999999999998,219.9777777777778,0,0,4,United Kingdom,0.33739489765561753
17396,8,2010-12-03T09:45:00Z,397.5,372.12847222222223,47.45505952380952,1,24,United Kingdom,0.7255783414335757
17398,3,2011-03-29T13:04:00Z,305.68,255.99027777777778,70.43194444444444,1,30,United Kingdom,0.6909008813516491
17400,5,2010-12-21T17:16:00Z,424.17,353.8152777777778,56.73298611111111,1,175,United Kingdom,0.9998376885659742
17402,13,2010-12-05T13:53:00Z,271.2,369.95625,30.404050925925926,1,33,United Kingdom,0.8120674834859828
17404,15,2010-12-14T13:28:00Z,1188,360.9736111111111,25.437400793650795,1,111,Sweden,0.994687517823127
17405,3,2011-07-12T14:17:00Z,393.31,150.93958333333333,74.56076388888889,1,77,United Kingdom,0.9408013939324463
17406,3,2010-12-08T10:35:00Z,702.1,367.09375,16.594444444444445,1,99,United Kingdom,0.991541688701834
17408,1,2011-06-29T12:53:00Z,32.65,163.99791666666667,0,0,2,United Kingdom,0.2736111584688275
17409,2,2011-04-05T16:42:00Z,260.55,248.8388888888889,63.74583333333333,1,13,United Kingdom,0.4756640315959708
17410,5,2011-05-08T15:21:00Z,302.40000000000003,215.89513888888888,49.75434027777778,1,57,United Kingdom,0.8842338401864458
17411,3,2011-03-23T13:44:00Z,285.58,261.9625,124.51423611111112,1,39,United Kingdom,0.7863104178009381
17412,7,2010-12-02T16:29:00Z,197.3,372.84791666666666,61.63275462962963,1,48,United Kingdom,0.9067307035359121
17414,2,2011-06-08T11:43:00Z,598,185.04652777777778,141.02083333333334,1,5,United Kingdom,0.29348159940484425
17416,7,2011-03-03T13:45:00Z,2114.71,281.96180555555554,41.993287037037035,1,186,United Kingdom,0.9998043766953271
17418,2,2011-01-20T11:39:00Z,167.39000000000001,324.0493055555556,281.05625,1,29,United Kingdom,0.7472700096303323
17419,12,2010-12-07T15:03:00Z,356.87,367.90763888888887,32.35883838383838,1,155,United Kingdom,0.9995764038447867
17420,3,2010-12-01T09:56:00Z,130.85,374.12083333333334,161.6027777777778,1,28,United Kingdom,0.778854512542025
17422,6,2011-02-16T14:44:00Z,321.25,296.92083333333335,55.98930555555555,1,93,United Kingdom,0.9859189614258217
17423,2,2011-05-06T09:14:00Z,449.42,218.15,171.18194444444444,1,26,United Kingdom,0.5973873033067759
17426,6,2011-03-02T16:34:00Z,1193.88,282.84444444444443,54.81291666666667,1,179,United Kingdom,0.9997801934148786
17428,28,2010-12-06T09:37:00Z,353,369.13402777777776,13.629835390946502,1,252,United Kingdom,0.9999972637961612
17429,3,2011-05-05T09:53:00Z,186.86,219.12291666666667,45.07256944444445,1,36,United Kingdom,0.7285568221377509
17430,2,2010-12-09T13:05:00Z,112.6,365.9895833333333,332.8465277777778,1,14,United Kingdom,0.6228506269120034
17431,1,2011-01-30T14:36:00Z,403.3,313.9263888888889,0,0,41,United Kingdom,0.8321554964338598
17436,2,2011-04-27T11:33:00Z,122.4,227.0534722222222,225.03958333333333,1,7,United Kingdom,0.38533320278761846
17438,1,2011-03-31T10:26:00Z,388.45000000000005,254.1,0,0,17,United Kingdom,0.5248105150197873
17440,3,2011-04-06T12:05:00Z,117.6,248.03125,45.496180555555554,1,3,United Kingdom,0.35838049038142933
17442,6,2011-02-22T13:02:00Z,440.83,290.9916666666667,50.76875,1,96,United Kingdom,0.9872227487827147
17443,1,2011-05-04T10:47:00Z,534.24,220.08541666666667,0,0,1,Canada,0.28548507706112153
17444,3,2011-06-20T09:04:00Z,1171.46,173.15694444444443,12.562847222222222,1,132,Canada,0.995980014067009
17446,2,2011-02-02T14:40:00Z,68.1,310.9236111111111,133.8347222222222,1,6,United Kingdom,0.4648601973103176
17449,7,2010-12-15T10:57:00Z,684.26,360.0784722222222,59.541550925925925,1,178,United Kingdom,0.9998552145554818
17450,46,2010-12-07T09:23:00Z,39.599999999999994,368.14375,7.981574074074074,1,124,United Kingdom,0.9980569113103629
17451,7,2011-08-26T11:54:00Z,346.01,106.03888888888889,17.355092592592595,1,83,United Kingdom,0.9476033478002936
17454,4,2010-12-15T10:54:00Z,165.85,360.0805555555556,55.709259259259255,1,57,United Kingdom,0.9367051055435859
17455,1,2011-05-20T12:31:00Z,131.7,204.01319444444445,0,0,8,United Kingdom,0.37345139822177587
17456,1,2010-12-09T15:23:00Z,249.86,365.89375,0,0,17,United Kingdom,0.650396912912518
17457,5,2011-01-04T14:33:00Z,385.8,339.92847222222224,53.231770833333336,1,14,United Kingdom,0.5784771674423175
17460,6,2010-12-01T16:24:00Z,19.9,373.8513888888889,55.78888888888889,1,18,United Kingdom,0.6830691897067909
17462,2,2011-02-28T17:01:00Z,463.41,284.8256944444444,223.87152777777777,1,25,United Kingdom,0.6520744089986024
17463,5,2011-01-30T15:48:00Z,709.51,313.87638888888887,74.22777777777777,1,162,United Kingdom,0.9995913849209177
17464,1,2011-07-04T13:19:00Z,289.96,158.97986111111112,0,0,9,United Kingdom,0.33123372784671795
17469,5,2011-05-19T08:55:00Z,305.36,205.16319444444446,47.045138888888886,1,61,United Kingdom,0.8996645076186837
17470,5,2010-12-07T09:57:00Z,178.4,368.1201388888889,80.77864583333333,1,67,United Kingdom,0.9625048199904754
17472,3,2011-02-13T14:40:00Z,252.51,299.9236111111111,54.00590277777778,1,142,United Kingdom,0.9989138361383241
17481,4,2011-09-07T09:57:00Z,260.63,94.12013888888889,30.034953703703703,1,69,United Kingdom,0.8946406553850397
17483,3,2011-06-09T19:40:00Z,155.10000000000002,183.71527777777777,58.864583333333336,1,18,United Kingdom,0.4769045877691555
17486,1,2011-03-23T14:00:00Z,396.87,261.9513888888889,0,0,24,United Kingdom,0.6211891733996832
17489,2,2011-05-11T11:34:00Z,208.56,213.05277777777778,153.89027777777778,1,28,United Kingdom,0.6317876331814906
17490,7,2011-06-16T09:15:00Z,305.2,177.14930555555554,29.33252314814815,1,63,United Kingdom,0.8980626211596155
17491,10,2010-12-07T12:18:00Z,327.4,368.02222222222224,40.68518518518519,1,72,United Kingdom,0.9696806030287932
17492,1,2011-04-05T15:21:00Z,374.57,248.89513888888888,0,0,12,United Kingdom,0.4553218337889193
17496,1,2010-12-16T08:39:00Z,271.05,359.1743055555556,0,0,10,United Kingdom,0.5554223004826786
17499,1,2011-02-23T09:14:00Z,622.88,290.15,0,0,40,United Kingdom,0.800269880735013
17501,2,2011-05-03T09:46:00Z,248.25,221.12777777777777,6.944444444444445e-4,1,18,United Kingdom,0.5113072450635833
17504,9,2011-01-21T11:09:00Z,441.15,323.0701388888889,14.50954861111111,1,112,United Kingdom,0.9951165450814898
17505,2,2011-05-18T09:01:00Z,486.99,206.15902777777777,44.15902777777778,1,48,United Kingdom,0.813803681041417
17507,2,2011-02-03T18:08:00Z,340.56,309.77916666666664,47.736111111111114,1,79,United Kingdom,0.9726825444278475
17508,1,2011-03-04T08:10:00Z,387.31,281.19444444444446,0,0,22,Greece,0.6169786578649846
17511,31,2010-12-01T10:19:00Z,1825.74,374.1048611111111,12.36650462962963,1,453,United Kingdom,0.9999999998840451
17512,10,2011-02-11T12:22:00Z,494.51,302.01944444444445,30.332484567901233,1,61,United Kingdom,0.9284868301891069
17514,1,2011-08-03T15:45:00Z,208.65,128.87847222222223,0,0,40,United Kingdom,0.689509423530175
17515,4,2011-01-25T14:33:00Z,231.48,318.92847222222224,95.6599537037037,1,49,United Kingdom,0.889278189353576
17516,5,2011-02-27T12:41:00Z,321.23,286.00625,67.54340277777777,1,113,United Kingdom,0.994726747425909
17517,1,2011-02-04T11:48:00Z,153.94,309.04305555555555,0,0,11,United Kingdom,0.5219855665323976
17519,6,2010-12-06T15:18:00Z,335.3,368.89722222222224,70.21180555555556,1,60,United Kingdom,0.9449995485745251
17521,3,2011-05-24T15:14:00Z,159.56,199.9,84.91944444444445,1,38,United Kingdom,0.7339943093606605
17522,5,2011-05-05T16:31:00Z,147.44,218.84652777777777,54.208333333333336,1,59,United Kingdom,0.8994103317738937
17524,1,2010-12-13T14:32:00Z,145,361.9291666666667,0,0,6,United Kingdom,0.5150301670122109
17525,1,2010-12-15T12:05:00Z,422.7,360.03125,0,0,9,United Kingdom,0.5335433722555674
17526,4,2010-12-09T12:20:00Z,226.79999999999998,366.0208333333333,120.31597222222223,1,17,United Kingdom,0.6519046211241866
17527,4,2011-05-05T13:43:00Z,292.11,218.96319444444444,54.98356481481482,1,45,United Kingdom,0.8062969924318297
17530,10,2010-12-09T20:01:00Z,300.64,365.7006944444444,40.438348765432096,1,306,United Kingdom,0.9999998340487756
17531,1,2011-06-02T19:17:00Z,296.7,190.73125,0,0,14,United Kingdom,0.4238297133215892
17535,1,2011-03-04T15:20:00Z,164.4,280.8958333333333,0,0,13,United Kingdom,0.51674285102937
17536,1,2011-06-15T13:23:00Z,76.5,177.97708333333333,0,0,3,United Kingdom,0.2941322328649046
17537,2,2011-02-09T13:37:00Z,630.7,303.96736111111113,273.8881944444444,1,74,United Kingdom,0.9612515490260355
17540,2,2011-01-27T14:35:00Z,268.8,316.9270833333333,291.88958333333335,1,20,United Kingdom,0.6362590946538624
17542,1,2011-03-15T11:45:00Z,170.75,270.0451388888889,0,0,24,United Kingdom,0.6432236589896991
17548,1,2011-04-20T12:01:00Z,103.3,234.03402777777777,0,0,5,United Kingdom,0.3692361509466839
17550,3,2011-04-10T15:19:00Z,156.22,243.89652777777778,22.975694444444443,1,42,United Kingdom,0.8044547896541369
17551,1,2010-12-15T14:12:00Z,306.84,359.94305555555553,0,0,39,United Kingdom,0.8484103100431147
17552,4,2010-12-02T18:45:00Z,263.62,372.75347222222223,103.97569444444444,1,43,United Kingdom,0.8804647471420946
17553,1,2011-08-02T10:00:00Z,1487.6,130.11805555555554,0,0,2,United Kingdom,0.18133505562718008
17554,5,2011-07-14T20:01:00Z,772.43,148.70069444444445,36.689930555555556,1,58,United Kingdom,0.8415188555800021
17555,2,2011-01-09T12:31:00Z,195.45,335.0131944444444,314.99375,1,101,United Kingdom,0.9923284032330082
17556,1,2011-05-18T10:48:00Z,157.9,206.0847222222222,0,0,6,United Kingdom,0.3499612346073121
17560,4,2011-02-02T11:14:00Z,162.1,311.06666666666666,71.97314814814816,1,22,United Kingdom,0.6605504008601574
17562,7,2011-06-19T13:06:00Z,300.1,173.98888888888888,26.508680555555557,1,48,United Kingdom,0.7997466773903202
17567,8,2010-12-02T15:18:00Z,517.9499999999999,372.89722222222224,52.14583333333333,1,110,United Kingdom,0.9955438810729769
17569,1,2011-01-11T14:15:00Z,344.14,332.94097222222223,0,0,29,United Kingdom,0.7457402930167804
17571,4,2011-02-14T15:15:00Z,284.35,298.89930555555554,82.6763888888889,1,247,United Kingdom,0.9999952758757892
17572,4,2010-12-01T12:51:00Z,70.80000000000001,373.99930555555557,100.73657407407408,1,7,United Kingdom,0.5458693255529454
17573,3,2011-09-07T10:36:00Z,174.71,94.09305555555555,32.05034722222222,1,24,United Kingdom,0.45640639984241677
17574,1,2011-04-11T09:47:00Z,185.65,243.12708333333333,0,0,8,United Kingdom,0.4104685172859153
17576,19,2010-12-09T16:57:00Z,119.65,365.8284722222222,19.835609567901233,1,245,United Kingdom,0.9999962462200305
17578,1,2011-05-05T18:38:00Z,143.46,218.75833333333333,0,0,5,United Kingdom,0.35152337258117655
17579,3,2011-06-13T14:12:00Z,164.41,179.94305555555556,87.46388888888889,1,46,United Kingdom,0.7929021416905445
17580,3,2010-12-16T15:27:00Z,46.85,358.8909722222222,52.94236111111111,1,43,United Kingdom,0.8801577358246616
17581,25,2010-12-02T14:47:00Z,668.4,372.91875,15.495775462962962,1,229,United Kingdom,0.9999903441483986
17582,1,2011-04-17T13:18:00Z,175.27,236.98055555555555,0,0,28,United Kingdom,0.6575649535963901
17584,2,2011-08-04T14:12:00Z,749.45,127.94305555555556,120.125,1,30,United Kingdom,0.5329102468348322
17585,4,2011-01-05T15:09:00Z,417.81,338.9034722222222,76.31041666666667,1,176,United Kingdom,0.9998358808069511
17588,3,2011-04-21T10:31:00Z,397.2,233.09652777777777,66.06458333333333,1,19,United Kingdom,0.5274117283478306
17589,4,2011-04-13T13:47:00Z,590.77,240.96041666666667,60.044212962962966,1,172,United Kingdom,0.9996767024387029
17591,7,2010-12-07T15:39:00Z,406.6,367.8826388888889,48.98645833333333,1,81,United Kingdom,0.9803716163724554
17593,5,2010-12-22T10:29:00Z,662.9,353.09791666666666,87.25017361111111,1,190,United Kingdom,0.9999204081847997
17594,2,2011-03-30T10:32:00Z,315,255.09583333333333,169.2513888888889,1,42,United Kingdom,0.8055015899818593
17596,7,2010-12-06T12:34:00Z,392.62,369.0111111111111,57.51122685185185,1,168,United Kingdom,0.999783266121612
17597,1,2011-05-10T11:54:00Z,2044.3700000000001,214.0388888888889,0,0,55,United Kingdom,0.8117620256671619
17601,1,2011-04-14T18:02:00Z,116.00999999999999,239.78333333333333,0,0,9,United Kingdom,0.4240349291372537
17602,6,2011-01-19T16:18:00Z,767.0500000000001,324.85555555555555,64.37986111111111,1,335,United Kingdom,0.9999999502875181
17604,2,2011-01-31T15:09:00Z,136.24,312.9034722222222,94.94027777777778,1,57,United Kingdom,0.9239844799793797
17609,5,2011-01-16T16:23:00Z,430.04,327.8520833333333,71.70920138888889,1,199,United Kingdom,0.9999476634983695
17611,15,2010-12-13T13:52:00Z,244.19,361.95694444444445,25.284573412698414,1,440,United Kingdom,0.9999999998418664
17612,6,2011-02-15T10:40:00Z,305.46,298.09027777777777,48.835972222222225,1,116,United Kingdom,0.9957312503468704
17613,14,2011-02-07T11:20:00Z,586.8,306.0625,21.767681623931626,1,211,United Kingdom,0.999967845590691
17615,3,2011-05-01T15:33:00Z,153.75,222.88680555555555,45.969791666666666,1,13,United Kingdom,0.45467598215574206
17616,3,2010-12-07T10:04:00Z,326.4,368.1152777777778,97.00243055555555,1,1,United Kingdom,0.44509491588558125
17618,3,2010-12-12T16:05:00Z,320.28,362.8645833333333,178.41145833333334,1,56,United Kingdom,0.931754628420747
17619,1,2011-01-31T14:18:00Z,218.52,312.93888888888887,0,0,71,United Kingdom,0.96095010803598
17621,3,2010-12-20T13:31:00Z,239.4,354.9715277777778,166.57638888888889,1,24,United Kingdom,0.7190220188555931
17624,2,2011-05-05T17:59:00Z,400.3,218.78541666666666,203.70347222222222,1,49,United Kingdom,0.8326439451200084
17625,4,2011-03-27T12:21:00Z,549.68,258.0201388888889,79.68402777777779,1,223,United Kingdom,0.9999789670226015
17629,8,2010-12-15T09:58:00Z,238.65,360.11944444444447,50.57718253968254,1,106,United Kingdom,0.9946197378987007
17630,2,2011-04-21T14:03:00Z,335.5,232.94930555555555,62.91319444444444,1,24,United Kingdom,0.5950797747592839
17631,3,2011-04-21T13:22:00Z,302.55,232.9777777777778,115.42534722222223,1,39,United Kingdom,0.7636206122118466
17633,4,2011-08-11T15:43:00Z,332.89,120.87986111111111,29.634722222222223,1,59,United Kingdom,0.8477205282890168
17634,9,2011-01-06T12:45:00Z,785.65,338.00347222222223,37.62708333333333,1,209,United Kingdom,0.9999672685996971
17637,2,2011-08-16T13:25:00Z,338.95,115.97569444444444,83.97638888888889,1,35,United Kingdom,0.6101329493208166
17639,1,2011-03-08T15:22:00Z,108.5,276.89444444444445,0,0,7,United Kingdom,0.4385304805804274
17642,2,2011-06-16T12:55:00Z,395.3,176.99652777777777,56.84444444444444,1,34,United Kingdom,0.6560506701981872
17643,1,2010-12-01T14:38:00Z,101.55,373.925,0,0,8,United Kingdom,0.5566252908422685
17644,11,2011-03-24T09:44:00Z,442.47,261.12916666666666,25.91659722222222,1,102,United Kingdom,0.989321606068334
17646,3,2010-12-09T14:28:00Z,251,365.93194444444447,72.97534722222223,1,46,United Kingdom,0.8934374203465623
17648,4,2011-04-04T10:29:00Z,583.87,250.09791666666666,62.98888888888889,1,81,United Kingdom,0.9662127625426989
17649,1,2011-07-24T15:53:00Z,868.49,138.87291666666667,0,0,52,United Kingdom,0.7841591558216492
17651,10,2011-06-15T15:57:00Z,360.9,177.8701388888889,18.419135802469135,1,149,United Kingdom,0.9986808800585028
17652,12,2011-03-03T14:05:00Z,222.3,281.9479166666667,23.26830808080808,1,118,United Kingdom,0.9959618873923203
17653,4,2011-08-11T15:24:00Z,163.24,120.89305555555555,27.96342592592593,1,44,United Kingdom,0.7276750864470443
17654,1,2011-03-07T13:17:00Z,117.55,277.98125,0,0,22,United Kingdom,0.630416660507028
17655,7,2010-12-08T16:45:00Z,676.1,366.83680555555554,59.29733796296296,1,66,United Kingdom,0.9550615653792945
17656,5,2011-08-03T10:45:00Z,341.58,129.08680555555554,13.774131944444445,1,67,United Kingdom,0.897108339399851
17658,2,2011-05-12T15:23:00Z,317.6,211.89375,185.86388888888888,1,17,United Kingdom,0.48374621978922566
17659,12,2010-12-02T16:46:00Z,247.8,372.8361111111111,32.260290404040404,1,127,United Kingdom,0.9982782573417023
17660,1,2011-07-21T13:37:00Z,196,141.9673611111111,0,0,37,United Kingdom,0.6686696872641434
17663,7,2011-02-25T14:11:00Z,371.39,287.94375,43.630208333333336,1,63,United Kingdom,0.9333272825222454
17664,2,2011-05-11T14:17:00Z,326.19,212.93958333333333,193.88333333333333,1,41,United Kingdom,0.765544782637285
17667,5,2011-02-14T09:24:00Z,928.05,299.1430555555556,58.053472222222226,1,85,United Kingdom,0.9754662808531059
17669,7,2011-04-04T10:11:00Z,475.5,250.11041666666668,34.49097222222222,1,45,United Kingdom,0.8194785816997714
17670,1,2011-04-26T09:12:00Z,205.7,228.1513888888889,0,0,11,United Kingdom,0.43130882087276057
17671,4,2010-12-09T14:27:00Z,394.18,365.9326388888889,116.6375,1,40,United Kingdom,0.8553302931890663
17672,2,2011-02-03T13:29:00Z,1177.84,309.97291666666666,259.0340277777778,1,105,United Kingdom,0.9910074245799197
17673,6,2011-01-23T15:16:00Z,402.42,320.8986111111111,63.77972222222222,1,118,United Kingdom,0.9964218806064129
17674,2,2010-12-06T10:20:00Z,300.65999999999997,369.1041666666667,294.1354166666667,1,19,United Kingdom,0.6737383755080774
17675,31,2010-12-07T13:22:00Z,617.12,367.97777777777776,12.20650462962963,1,239,United Kingdom,0.9999942092659447
17676,6,2010-12-08T13:49:00Z,300.7,366.9590277777778,72.41208333333333,1,49,United Kingdom,0.9066535772994024
17677,30,2010-12-06T08:42:00Z,922.4,369.1722222222222,12.656944444444445,1,178,United Kingdom,0.9998517856784347
17678,1,2011-03-21T11:52:00Z,298.11,264.04027777777776,0,0,16,United Kingdom,0.5285589907896768
17682,6,2010-12-06T13:35:00Z,391.5,368.96875,71.62,1,48,United Kingdom,0.9008115373055631
17685,7,2010-12-02T14:42:00Z,452.52,372.9222222222222,59.31180555555556,1,88,United Kingdom,0.9864019447747678
17686,7,2011-02-10T10:18:00Z,1592.61,303.10555555555555,49.20381944444444,1,205,United Kingdom,0.9999420062839156
17690,15,2010-12-01T16:15:00Z,279.6,373.8576388888889,24.49712301587302,1,186,United Kingdom,0.9999190860055884
17691,2,2010-12-06T11:10:00Z,142.5,369.06944444444446,10.256944444444445,1,18,United Kingdom,0.6714640537131206
17692,4,2010-12-15T13:37:00Z,343.26,359.96736111111113,77.33888888888889,1,34,United Kingdom,0.8104716098928069
17693,1,2011-07-25T15:48:00Z,200.47,137.8763888888889,0,0,16,United Kingdom,0.39961253195281365
17694,1,2011-07-21T12:00:00Z,283.12,142.03472222222223,0,0,15,United Kingdom,0.38632697556618967
17695,2,2011-06-21T12:35:00Z,353.6,172.01041666666666,39.920138888888886,1,30,United Kingdom,0.6052624963750132
17696,8,2010-12-10T09:51:00Z,157.9,365.12430555555557,46.59444444444444,1,78,United Kingdom,0.9783077451468728
17697,1,2011-04-17T15:40:00Z,338.95,236.88194444444446,0,0,19,United Kingdom,0.535328363129134
17698,1,2011-03-24T11:34:00Z,154.95,261.0527777777778,0,0,8,United Kingdom,0.43139123585559985
17700,4,2011-03-03T16:34:00Z,602.61,281.84444444444443,88.26782407407408,1,116,United Kingdom,0.9950493173833383
17701,1,2011-04-01T12:25:00Z,417.95,253.01736111111111,0,0,24,United Kingdom,0.6107071251485291
17702,4,2011-05-17T16:23:00Z,439.8,206.85208333333333,58.66203703703704,1,58,United Kingdom,0.8817996139240797
17703,3,2011-07-24T13:30:00Z,229.14,138.97222222222223,51.54895833333333,1,47,United Kingdom,0.7684611019427999
17704,2,2011-04-14T09:28:00Z,387.29,240.14027777777778,71.00833333333334,1,27,United Kingdom,0.6360561882812014
17705,9,2011-02-11T10:57:00Z,136.3,302.0784722222222,37.264583333333334,1,63,United Kingdom,0.9406050268377839
17706,17,2010-12-08T11:02:00Z,287.08,367.075,22.631597222222222,1,270,United Kingdom,0.99999893440172
17707,2,2011-01-07T13:30:00Z,83.7,336.97222222222223,151.06458333333333,1,3,United Kingdom,0.45321487096602486
17708,2,2011-01-19T10:09:00Z,110.60000000000001,325.1118055555556,137.00208333333333,1,28,United Kingdom,0.7411168118848327
17709,1,2011-06-23T11:55:00Z,137.45000000000002,170.03819444444446,0,0,7,United Kingdom,0.3277814887279308
17711,2,2011-02-23T11:32:00Z,220.53,290.0541666666667,279.00555555555553,1,22,United Kingdom,0.6362648924651141
17714,1,2011-01-23T10:32:00Z,153,321.09583333333336,0,0,10,United Kingdom,0.5221362892192625
17715,1,2011-05-23T12:32:00Z,326.4,201.0125,0,0,1,United Kingdom,0.2798342409227969
17716,11,2011-03-17T10:38:00Z,665.46,268.09166666666664,24.505694444444444,1,171,United Kingdom,0.9996912460208679
17718,1,2011-04-21T13:39:00Z,139.35,232.96597222222223,0,0,6,United Kingdom,0.37807621630386645
17719,15,2011-03-29T11:29:00Z,579.83,256.05625,15.568799603174602,1,111,United Kingdom,0.9928808725892806
17720,4,2010-12-07T10:43:00Z,102,368.08819444444447,113.72708333333333,1,39,United Kingdom,0.8595524909329232
17722,4,2010-12-08T12:41:00Z,910.14,367.00625,90.03726851851853,1,111,United Kingdom,0.9951882458035801
17723,6,2011-05-09T14:44:00Z,331.80000000000007,214.92083333333332,17.432361111111113,1,4,United Kingdom,0.3250580099204575
17724,3,2011-07-24T13:26:00Z,373.1,138.975,33.541666666666664,1,38,United Kingdom,0.6669392971168341
17725,11,2011-03-17T19:47:00Z,337.71,267.7104166666667,25.08659722222222,1,115,United Kingdom,0.9948313295064676
17730,13,2011-01-17T14:49:00Z,311.48,326.9173611111111,26.91979166666667,1,127,United Kingdom,0.9978640910838715
17731,4,2011-06-09T14:18:00Z,352.90999999999997,183.9388888888889,34.67685185185185,1,54,United Kingdom,0.84882987226872
17732,1,2010-12-02T09:29:00Z,303.97,373.13958333333335,0,0,18,United Kingdom,0.6659337729125226
17733,2,2011-03-23T09:54:00Z,216.95000000000002,262.1222222222222,222.93194444444444,1,33,United Kingdom,0.7330417565499029
17734,3,2011-04-20T10:04:00Z,112.97999999999999,234.11527777777778,90.05173611111111,1,40,United Kingdom,0.7823681019930716
17735,19,2010-12-07T10:32:00Z,454.6,368.09583333333336,20.29224537037037,1,319,United Kingdom,0.9999999129072623
17736,3,2011-08-18T14:33:00Z,307.49,113.92847222222223,52.021875,1,24,United Kingdom,0.469081824023299
17738,4,2011-03-02T16:26:00Z,779.92,282.85,87.64791666666667,1,89,United Kingdom,0.9793460239895805
17739,7,2010-12-14T14:26:00Z,360.06,360.93333333333334,58.130324074074075,1,29,United Kingdom,0.767318362863726
17742,2,2011-01-11T10:04:00Z,302.57,333.1152777777778,219.225,1,13,United Kingdom,0.5639037502310463
17744,6,2010-12-16T14:17:00Z,377.52,358.93958333333336,70.9825,1,110,United Kingdom,0.9954385197131904
17746,1,2011-04-13T14:31:00Z,110.25,240.9298611111111,0,0,6,United Kingdom,0.3880539738383039
17747,1,2011-08-19T08:13:00Z,71.4,113.19236111111111,0,0,1,United Kingdom,0.2211660529217875
17749,2,2011-03-28T13:39:00Z,369.01,256.9659722222222,78.0875,1,33,United Kingdom,0.7206349071008792
17750,9,2011-06-28T15:44:00Z,323,164.87916666666666,19.86675347222222,1,101,United Kingdom,0.9835516221764155
17752,1,2010-12-15T16:19:00Z,80.64,359.8548611111111,0,0,1,United Kingdom,0.4522771761583131
17754,5,2011-03-24T13:54:00Z,264.24,260.9555555555556,64.9732638888889,1,82,United Kingdom,0.9717134341883621
17757,30,2010-12-02T17:17:00Z,143.45000000000002,372.81458333333336,12.790565134099616,1,275,United Kingdom,0.9999992280753113
17758,8,2011-04-03T15:22:00Z,583.79,250.89444444444445,32.99632936507937,1,310,United Kingdom,0.9999997609453379
17759,3,2011-06-23T13:35:00Z,145.2,169.96875,76.05104166666666,1,82,United Kingdom,0.9598230408045271
17760,2,2010-12-01T15:08:00Z,172.54,373.90416666666664,351.825,1,25,United Kingdom,0.7486262492713336
17763,1,2011-03-21T14:25:00Z,15,263.93402777777777,0,0,1,United Kingdom,0.3565919453378894
17764,2,2011-05-12T16:11:00Z,261.97,211.86041666666668,160.7861111111111,1,71,United Kingdom,0.940094228223733
17765,3,2011-03-28T11:58:00Z,121.25,257.0361111111111,49.01493055555556,1,51,United Kingdom,0.875215034391675
17768,3,2011-06-26T13:46:00Z,411.33,166.9611111111111,78.99166666666666,1,77,United Kingdom,0.9443054921695808
17769,10,2011-01-23T11:15:00Z,376.31,321.06597222222223,34.22245370370371,1,200,United Kingdom,0.9999495477223269
17770,5,2011-03-02T13:35:00Z,603.17,282.96875,20.989409722222224,1,33,United Kingdom,0.7307819022360614
17771,2,2011-01-20T14:13:00Z,115.8,323.9423611111111,266.8958333333333,1,51,United Kingdom,0.903741696846927
17774,4,2011-02-07T13:13:00Z,219.99,305.9840277777778,69.66111111111111,1,123,United Kingdom,0.9971917892165815
17775,1,2011-03-30T10:50:00Z,56.4,255.08333333333334,0,0,3,United Kingdom,0.3691975751207228
17777,3,2011-08-31T14:35:00Z,194.7,100.92708333333333,37.946875,1,141,United Kingdom,0.9973333087196453
17779,3,2011-07-19T12:19:00Z,323.09,144.02152777777778,61.040277777777774,1,73,United Kingdom,0.9273501219976794
17781,2,2011-03-31T19:54:00Z,102,253.70555555555555,93.8375,1,12,United Kingdom,0.4784166231097992
17783,2,2011-04-06T10:07:00Z,112.41,248.11319444444445,175.25,1,67,United Kingdom,0.9394734566180954
17786,2,2011-01-26T14:35:00Z,114.85,317.9270833333333,231.92777777777778,1,57,United Kingdom,0.9258891166453355
17787,4,2010-12-03T13:43:00Z,736.28,371.96319444444447,72.96782407407407,1,94,United Kingdom,0.9891920661067566
17788,2,2011-08-02T10:38:00Z,16.7,130.09166666666667,55.97986111111111,1,3,United Kingdom,0.2559152114336847
17789,1,2011-03-03T13:14:00Z,225.9,281.98333333333335,0,0,14,United Kingdom,0.5268247495664488
17790,14,2010-12-10T10:47:00Z,127.9,365.0854166666667,26.00229700854701,1,121,United Kingdom,0.9976458064933332
17795,2,2011-03-20T12:02:00Z,163.25,265.03333333333336,85.02361111111111,1,43,United Kingdom,0.8257951534843979
17796,4,2010-12-05T12:23:00Z,114.65,370.01875,109.71180555555556,1,63,United Kingdom,0.955327878349779
17797,3,2011-06-10T11:29:00Z,272.41,183.05625,80.03888888888889,1,102,United Kingdom,0.9857276411759568
17799,10,2010-12-13T13:10:00Z,223.48,361.9861111111111,37.67638888888889,1,280,United Kingdom,0.9999993626154601
17800,9,2011-01-09T13:50:00Z,136.05,334.9583333333333,37.12039930555556,1,51,United Kingdom,0.9073705117086727
17802,3,2010-12-02T13:44:00Z,100.2,372.9625,145.025,1,102,United Kingdom,0.9939653622161435
17809,12,2010-12-01T09:41:00Z,34.8,374.13125,32.467045454545456,1,46,United Kingdom,0.9019399781866969
17811,39,2011-01-10T10:58:00Z,185.97,334.0777777777778,8.660964912280702,1,359,United Kingdom,0.9999999882153208
17812,4,2010-12-06T15:27:00Z,217.54999999999998,368.8909722222222,118.61574074074075,1,113,United Kingdom,0.9964124100914231
17816,4,2010-12-09T14:10:00Z,16.21,365.94444444444446,109.63055555555555,1,16,United Kingdom,0.6526596803263
17817,3,2011-03-07T17:30:00Z,74.7,277.80555555555554,136.440625,1,32,United Kingdom,0.7434078818800667
17819,7,2010-12-03T14:26:00Z,591.47,371.93333333333334,49.97523148148148,1,36,United Kingdom,0.8239451829211958
17827,5,2010-12-10T10:18:00Z,115.08000000000001,365.10555555555555,89.79895833333333,1,190,United Kingdom,0.9999346172126907
17828,4,2011-06-08T08:31:00Z,833.16,185.1798611111111,54.00231481481482,1,54,Malta,0.832588313602617
17829,1,2011-02-14T12:46:00Z,889.24,299.0027777777778,0,0,30,United Arab Emirates,0.6978063954838765
17830,3,2011-02-24T10:15:00Z,188.5,289.1076388888889,143.54618055555557,1,18,United Kingdom,0.5880367609182878
17837,8,2011-06-29T16:44:00Z,119.8,163.8375,17.28263888888889,1,110,United Kingdom,0.9901202604155911
17838,5,2010-12-02T15:55:00Z,717.1600000000001,372.87152777777777,86.45225694444444,1,96,United Kingdom,0.9903340708557282
17841,124,2010-12-01T14:41:00Z,537.38,373.92291666666665,3.0235207768744354,1,1323,United Kingdom,0.9999999999999998
17843,1,2011-02-09T15:33:00Z,205.48,303.88680555555555,0,0,36,United Kingdom,0.7941369242599833
17844,1,2011-08-25T11:27:00Z,51.56,107.05763888888889,0,0,5,Canada,0.2549139280030411
17848,9,2010-12-16T18:38:00Z,97.3,358.7583333333333,34.61553819444445,1,41,United Kingdom,0.8671732549462822
17849,4,2011-01-10T11:59:00Z,217.75,334.03541666666666,38.35810185185185,1,14,United Kingdom,0.583052887386849
17850,34,2010-12-01T08:26:00Z,139.12,374.18333333333334,0.03916245791245791,1,21,United Kingdom,0.7096424775364828
17854,2,2011-04-26T16:53:00Z,111.76,227.83125,41.977777777777774,1,15,United Kingdom,0.4886454091426735
17855,1,2010-12-02T09:44:00Z,208.97,373.12916666666666,0,0,17,United Kingdom,0.6599246744737861
17856,4,2011-03-03T11:40:00Z,482.81000000000006,282.0486111111111,93.30555555555556,1,12,United Kingdom,0.48401498956842753
17857,23,2010-12-09T11:35:00Z,1335.2,366.0520833333333,16.412184343434344,1,19,United Kingdom,0.607987140535047
17858,12,2010-12-05T13:08:00Z,251.25,369.9875,33.086363636363636,1,101,United Kingdom,0.9933037978800686
17859,1,2011-02-08T10:32:00Z,148.21,305.09583333333336,0,0,23,United Kingdom,0.6671753554887302
17860,1,2010-12-06T12:41:00Z,252.8,369.00625,0,0,49,United Kingdom,0.9084591423719786
17861,8,2011-01-24T11:34:00Z,241.86,320.0527777777778,45.171329365079366,1,172,United Kingdom,0.9997907452197158
17862,1,2011-01-20T12:23:00Z,330.9,324.01875,0,0,11,United Kingdom,0.5265370719214646
17863,6,2010-12-05T13:21:00Z,384.71999999999997,369.9784722222222,62.00333333333333,1,110,United Kingdom,0.9956426087342544
17864,3,2011-03-09T11:44:00Z,208.41,276.04583333333335,131.48993055555556,1,70,United Kingdom,0.9522938822278635
17865,20,2010-12-10T14:53:00Z,756.45,364.9145833333333,17.572916666666668,1,191,United Kingdom,0.9999264154600559
17866,1,2011-07-20T11:07:00Z,329.65,143.0715277777778,0,0,9,United Kingdom,0.3138707155519367
17867,6,2011-02-24T12:25:00Z,25.5,289.0173611111111,51.615277777777784,1,62,United Kingdom,0.9360152292977635
17869,5,2010-12-06T17:16:00Z,214.32,368.8152777777778,65.23958333333333,1,37,United Kingdom,0.8430694645628056
17870,12,2010-12-08T08:12:00Z,326.4,367.19305555555553,33.11710858585859,1,214,United Kingdom,0.9999802938272506
17871,1,2011-05-19T11:32:00Z,155.9,205.05416666666667,0,0,10,United Kingdom,0.3976013556491865
17873,5,2010-12-01T14:54:00Z,215.15,373.9138888888889,73.26857638888889,1,24,United Kingdom,0.7365618535782812
17874,6,2011-03-29T11:25:00Z,65.16000000000001,256.05902777777777,14.01236111111111,1,37,United Kingdom,0.7740908638949846
17877,1,2011-06-22T13:00:00Z,237.60999999999999,170.99305555555554,0,0,12,United Kingdom,0.3820331677063863
17879,1,2011-06-19T12:36:00Z,178.52,174.00972222222222,0,0,6,United Kingdom,0.31782817831062665
17880,1,2010-12-10T10:21:00Z,458.92,365.1034722222222,0,0,26,United Kingdom,0.7368120052284558
17881,1,2011-02-08T17:16:00Z,133.35,304.8152777777778,0,0,8,United Kingdom,0.4798445921572303
17883,4,2011-04-07T19:16:00Z,119.35,246.73194444444445,80.9798611111111,1,133,United Kingdom,0.9978946554770391
17884,4,2010-12-03T12:11:00Z,187.51,372.02708333333334,122.65787037037036,1,107,United Kingdom,0.9952112624641765
17886,3,2011-04-04T12:34:00Z,223.19,250.01111111111112,108.94965277777777,1,93,United Kingdom,0.9832285661527738
17887,1,2011-08-02T17:29:00Z,111.35,129.80625,0,0,10,United Kingdom,0.3251762751357876
17888,8,2010-12-17T13:56:00Z,29.43,357.95416666666665,47.99890873015873,1,60,United Kingdom,0.9467031232130607
17889,2,2011-01-21T17:14:00Z,101.85,322.81666666666666,109.96666666666667,1,20,United Kingdom,0.6522109454239364
17890,2,2010-12-13T15:12:00Z,476.96,361.9013888888889,38.83819444444445,1,88,United Kingdom,0.9856547331891565
17891,1,2011-06-30T20:08:00Z,203.85999999999999,162.69583333333333,0,0,34,United Kingdom,0.6534511375740243
17892,3,2011-07-07T12:56:00Z,142.1,155.99583333333334,49.58090277777778,1,27,United Kingdom,0.5641546041946022
17893,1,2011-04-28T13:50:00Z,112.25,225.95833333333334,0,0,15,United Kingdom,0.48658349755551267
17894,8,2010-12-08T14:50:00Z,106.77000000000001,366.9166666666667,42.110416666666666,1,127,United Kingdom,0.9982979912627682
17897,3,2010-12-01T12:31:00Z,165.89,374.0131944444444,100.47638888888889,1,100,United Kingdom,0.9932239724554267
17898,2,2011-05-16T17:13:00Z,99.84,207.8173611111111,121.90486111111112,1,27,United Kingdom,0.6210388111587495
17899,1,2011-07-03T14:58:00Z,155.79999999999998,159.9111111111111,0,0,29,United Kingdom,0.592726387418575
17900,2,2011-06-02T14:28:00Z,79.8,190.93194444444444,0.006944444444444444,1,4,United Kingdom,0.31687730089042887
17905,4,2010-12-01T13:21:00Z,201.75,373.9784722222222,100.72500000000001,1,33,United Kingdom,0.8174664638932857
17906,1,2011-04-06T17:25:00Z,72.9,247.80902777777777,0,0,12,United Kingdom,0.47395313904539244
17908,1,2010-12-01T11:45:00Z,243.28,374.0451388888889,0,0,51,United Kingdom,0.918577400108986
17912,5,2010-12-10T11:11:00Z,95.25,365.06875,13.533680555555556,1,35,United Kingdom,0.8309789688786537
17913,2,2010-12-19T11:35:00Z,218.05,356.0520833333333,296.96527777777777,1,55,United Kingdom,0.9282073493543382
17917,3,2010-12-12T12:08:00Z,110.91,363.02916666666664,158.525,1,77,United Kingdom,0.9772519105543965
17920,17,2010-12-01T11:49:00Z,514.41,374.0423611111111,23.069444444444443,1,407,United Kingdom,0.9999999991059892
17921,4,2011-03-18T13:19:00Z,280.57,266.9798611111111,67.41134259259259,1,114,United Kingdom,0.99462148257529
17923,1,2011-03-02T15:15:00Z,207.50000000000003,282.89930555555554,0,0,1,United Kingdom,0.36384012532756044
17924,7,2010-12-01T10:51:00Z,279,374.0826388888889,60.32175925925926,1,26,United Kingdom,0.7532266111882503
17925,1,2010-12-02T10:10:00Z,244.08,373.1111111111111,0,0,1,United Kingdom,0.4558367748947995
17926,2,2011-05-20T09:24:00Z,211.73000000000002,204.14305555555555,70.21875,1,17,United Kingdom,0.48232913501247315
17928,2,2011-04-07T18:03:00Z,78.26,246.7826388888889,200.82569444444445,1,23,United Kingdom,0.613246002623252
17929,4,2011-02-04T11:40:00Z,196.2,309.0486111111111,99.06041666666665,1,4,United Kingdom,0.4288427881590294
17930,5,2011-04-14T15:46:00Z,390.6,239.87777777777777,50.94392361111111,1,26,United Kingdom,0.6234821684298208
17931,2,2011-03-29T12:31:00Z,297.2,256.0131944444444,121.25138888888888,1,63,United Kingdom,0.9255354102746505
17932,3,2011-05-12T13:58:00Z,589.01,211.95277777777778,91.121875,1,84,United Kingdom,0.9658504314427595
17935,2,2011-07-21T11:23:00Z,134.57,142.06041666666667,3.079861111111111,1,28,United Kingdom,0.562547291849129
17937,7,2010-12-12T14:43:00Z,1393.56,362.9215277777778,58.97939814814814,1,19,United Kingdom,0.6010586308864179
17939,1,2011-07-03T12:27:00Z,99.14,160.01597222222222,0,0,12,United Kingdom,0.37942442918938024
17940,10,2011-02-10T09:29:00Z,1045.44,303.13958333333335,28.129475308641975,1,6,United Kingdom,0.39352912986379995
17941,1,2011-08-01T08:30:00Z,304.56,131.18055555555554,0,0,2,United Kingdom,0.23317289096507957
17946,2,2011-03-25T14:34:00Z,17.549999999999997,259.9277777777778,26.101388888888888,1,18,United Kingdom,0.5681758004462429
17948,1,2011-07-15T12:58:00Z,358.56000000000006,147.99444444444444,0,0,1,United Kingdom,0.23438273044956137
17949,45,2010-12-03T13:12:00Z,1314,371.9847222222222,8.414362373737374,1,29,United Kingdom,0.7289676358238801
17950,3,2010-12-09T15:16:00Z,190.35,365.8986111111111,146.50069444444443,1,63,United Kingdom,0.9536844575604007
17951,3,2010-12-01T12:40:00Z,295.5,374.00694444444446,166.99652777777777,1,18,United Kingdom,0.6672666786342314
17954,12,2010-12-03T14:18:00Z,108.78,371.93888888888887,33.27253787878788,1,326,United Kingdom,0.9999999456421264
17955,4,2011-05-04T12:29:00Z,261.95,220.01458333333332,6.993287037037038,1,14,United Kingdom,0.4573813090219793
17956,1,2011-04-04T13:47:00Z,12.75,249.96041666666667,0,0,1,United Kingdom,0.3429442703244816
17958,1,2011-08-15T12:19:00Z,508.4599999999999,117.02152777777778,0,0,7,United Kingdom,0.2599736113115474
17960,1,2011-06-21T14:15:00Z,73.78,171.94097222222223,0,0,26,United Kingdom,0.5728064534059537
17961,39,2010-12-02T19:18:00Z,127.55,372.73055555555555,9.234228801169591,1,211,United Kingdom,0.9999786683538844
17962,1,2011-07-20T14:16:00Z,102.83,142.94027777777777,0,0,33,United Kingdom,0.627919671792852
17964,2,2010-12-02T13:32:00Z,261.76,372.97083333333336,340.8833333333333,1,84,United Kingdom,0.9841250893204021
17965,14,2010-12-05T15:54:00Z,37.35,369.8722222222222,25.518002136752138,1,274,United Kingdom,0.9999991992358411
17966,5,2011-03-23T17:25:00Z,147,261.80902777777777,55.927256944444444,1,53,United Kingdom,0.8875168452693178
17967,1,2010-12-03T11:19:00Z,123.07,372.06319444444443,0,0,41,United Kingdom,0.8729279598860599
17968,1,2010-12-01T12:23:00Z,277.35,374.01875,0,0,74,United Kingdom,0.9736154673234597
17969,2,2010-12-13T15:34:00Z,125.2,361.8861111111111,194.89305555555555,1,14,United Kingdom,0.6178758315343784
17970,1,2011-05-12T20:03:00Z,582.59,211.69930555555555,0,0,27,United Kingdom,0.59468928024275
17972,1,2011-04-12T12:16:00Z,136.04,242.0236111111111,0,0,30,United Kingdom,0.687515552095699
17974,3,2011-05-04T11:50:00Z,172.77,220.04166666666666,97.4954861111111,1,143,United Kingdom,0.9985726550958371
17975,13,2010-12-08T11:38:00Z,314.1,367.05,29.256307870370367,1,189,United Kingdom,0.9999280287650429
17976,1,2010-12-02T13:49:00Z,353.19,372.9590277777778,0,0,56,United Kingdom,0.9339528198229315
17978,1,2010-12-09T14:05:00Z,300.92,365.9479166666667,0,0,12,United Kingdom,0.5861180667868896
17979,4,2011-03-25T11:34:00Z,231.76999999999998,260.0527777777778,74.67384259259259,1,116,United Kingdom,0.9950658349260688
17980,3,2010-12-15T15:50:00Z,295.2,359.875,96.92048611111112,1,23,United Kingdom,0.709763504263843
17984,1,2011-07-17T15:59:00Z,152.68,145.86875,0,0,48,United Kingdom,0.7861133673562155
17987,1,2011-06-07T14:22:00Z,198.57,185.9361111111111,0,0,13,United Kingdom,0.4124392868521176
17988,7,2011-01-17T11:59:00Z,64.99000000000001,327.03541666666666,52.4931712962963,1,37,United Kingdom,0.8233843170641036
17990,3,2010-12-13T12:10:00Z,168,362.02777777777777,62.490972222222226,1,27,United Kingdom,0.7585647439537521
17991,2,2011-04-27T16:39:00Z,5.9,226.84097222222223,0.9715277777777778,1,4,United Kingdom,0.35596805224908046
17994,4,2011-02-22T11:02:00Z,307.25,291.075,56.34236111111111,1,63,United Kingdom,0.9352009010383981
17995,1,2011-03-03T12:30:00Z,76.1,282.0138888888889,0,0,2,United Kingdom,0.3832030550065142
17997,8,2011-06-28T17:28:00Z,322.53,164.80694444444444,12.849702380952381,1,133,United Kingdom,0.9968342999724656
17999,2,2010-12-08T15:17:00Z,190.34,366.8979166666667,329.02708333333334,1,87,United Kingdom,0.9862826889967212
18004,1,2010-12-12T13:47:00Z,169.47,362.9604166666667,0,0,32,United Kingdom,0.8034639602340574
18008,9,2011-01-25T12:26:00Z,130.81,319.01666666666665,31.01484375,1,24,United Kingdom,0.6926055413025025
18009,1,2011-04-18T13:36:00Z,257.34,235.96805555555557,0,0,31,United Kingdom,0.6861478018899835
18010,1,2011-03-28T12:27:00Z,174.8,257.0159722222222,0,0,14,United Kingdom,0.5031494674853371
18011,1,2010-12-01T17:35:00Z,102.78999999999999,373.8020833333333,0,0,28,United Kingdom,0.7798902311920667
18013,2,2011-07-07T14:08:00Z,177.21,155.94583333333333,0.0020833333333333333,1,31,United Kingdom,0.6121216707131738
18016,5,2010-12-10T17:14:00Z,156.65,364.81666666666666,82.96024305555555,1,90,United Kingdom,0.988236385887339
18017,3,2011-02-02T13:57:00Z,165,310.9534722222222,114.54791666666667,1,1,United Kingdom,0.3951203543445521
18018,2,2011-05-24T13:22:00Z,37.45,199.9777777777778,91.17708333333333,1,29,United Kingdom,0.6411283214707607
18024,2,2011-07-10T12:28:00Z,337.58,153.01527777777778,0.008333333333333333,1,21,United Kingdom,0.4705334959934564
18027,1,2011-09-02T10:38:00Z,115.31,99.09166666666667,0,0,21,United Kingdom,0.4272152681027641
18032,1,2011-01-09T15:32:00Z,73.5,334.8875,0,0,5,United Kingdom,0.47746564329093255
18036,3,2011-04-08T11:26:00Z,110.8,246.05833333333334,106.56736111111111,1,77,United Kingdom,0.9627791526234049
18037,6,2010-12-12T16:20:00Z,31.3,362.8541666666667,41.57763888888889,1,19,United Kingdom,0.6833318348281676
18040,2,2011-04-08T08:27:00Z,239,246.1826388888889,226.2451388888889,1,18,United Kingdom,0.5390076769098682
18041,21,2010-12-02T11:21:00Z,193.78,373.06180555555557,18.050625,1,285,United Kingdom,0.9999995350669142
18043,3,2010-12-08T12:35:00Z,316.46,367.0104166666667,171.00451388888888,1,106,United Kingdom,0.9946695518561358
18044,10,2010-12-14T12:25:00Z,74.25,361.0173611111111,39.56489197530865,1,88,United Kingdom,0.9870335495726725
18048,2,2011-05-20T14:54:00Z,168.49,203.9138888888889,0.002777777777777778,1,6,United Kingdom,0.34718858811222575
18050,1,2010-12-15T14:25:00Z,74.4,359.93402777777777,0,0,5,United Kingdom,0.5045494180169446
18055,10,2010-12-05T10:52:00Z,431.45,370.08194444444445,40.23865740740741,1,223,United Kingdom,0.9999874609181902
18056,1,2011-02-24T14:27:00Z,363.65,288.9326388888889,0,0,19,United Kingdom,0.5892315636051803
18061,10,2010-12-08T13:03:00Z,405.16,366.99097222222224,38.325385802469135,1,18,United Kingdom,0.6539563330992405
18062,3,2011-01-06T10:03:00Z,169.8,338.11597222222224,82.09861111111111,1,23,United Kingdom,0.69697982668892
18064,2,2011-04-18T15:08:00Z,408,235.90416666666667,102.06319444444445,1,7,United Kingdom,0.3766100333793388
18065,14,2010-12-10T12:44:00Z,228.12,365.00416666666666,27.608226495726495,1,110,United Kingdom,0.9957274855992049
18068,1,2011-02-23T14:50:00Z,101.7,289.9166666666667,0,0,1,United Kingdom,0.3774524873297772
18069,5,2011-01-16T15:50:00Z,297.66,327.875,75.25225694444444,1,334,United Kingdom,0.999999954341282
18071,2,2010-12-09T10:33:00Z,258.95,366.09513888888887,108.05972222222222,1,23,United Kingdom,0.7172338602648404
18072,1,2011-06-07T10:44:00Z,247.44,186.0875,0,0,18,United Kingdom,0.473392750252291
18073,12,2011-05-26T19:38:00Z,63,197.71666666666667,7.524242424242424,1,23,United Kingdom,0.5627157525039663
18074,1,2010-12-01T09:53:00Z,489.6,374.12291666666664,0,0,13,United Kingdom,0.5952038245652352
18075,10,2010-12-14T10:48:00Z,198.95000000000002,361.08472222222224,37.465509259259264,1,97,United Kingdom,0.9915659092877666
18077,11,2010-12-08T10:21:00Z,204.87,367.1034722222222,35.81326388888889,1,101,United Kingdom,0.9933020161025049
18078,2,2011-03-25T15:08:00Z,197.94,259.90416666666664,41.975,1,27,United Kingdom,0.6668526644966888
18079,4,2011-04-15T12:14:00Z,1612.83,239.025,64.37800925925926,1,99,United Kingdom,0.9814447121369422
18080,2,2011-04-11T10:10:00Z,841.4999999999999,243.11111111111111,223.9111111111111,1,2,United Kingdom,0.3001215240057413
18081,3,2011-07-29T11:56:00Z,113.25000000000001,134.0375,48.59513888888889,1,14,United Kingdom,0.3764716874260142
18085,2,2010-12-01T12:08:00Z,303.90000000000003,374.02916666666664,43.13125,1,25,United Kingdom,0.7421496238016283
18086,1,2011-03-10T13:34:00Z,101.34,274.96944444444443,0,0,7,United Kingdom,0.4369406338817535
18087,2,2011-02-22T10:43:00Z,3202.9199999999996,291.08819444444447,192.18680555555557,1,2,United Kingdom,0.22065107592702243
18092,11,2010-12-09T10:00:00Z,1485.72,366.11805555555554,36.31347222222222,1,28,United Kingdom,0.7040592342136369
18093,4,2011-02-10T12:15:00Z,852.9200000000001,303.02430555555554,69.71481481481482,1,31,United Kingdom,0.7141902063637805
18094,7,2011-02-21T08:50:00Z,504.72,292.1666666666667,35.00439814814815,1,39,United Kingdom,0.7983468851696534
18095,2,2011-01-11T12:37:00Z,374.75,333.00902777777776,20.009027777777778,1,20,United Kingdom,0.6458742879258836
18097,6,2010-12-20T14:49:00Z,182.52,354.9173611111111,69.37041666666667,1,65,United Kingdom,0.956191649011059
18099,1,2011-08-04T15:52:00Z,168.31,127.87361111111112,0,0,19,United Kingdom,0.42893066367745447
18101,2,2011-07-19T13:05:00Z,110.23,143.98958333333334,132.0222222222222,1,37,United Kingdom,0.6755909543134231
18102,60,2010-12-07T16:42:00Z,9639.12,367.8388888888889,6.216902071563088,1,150,United Kingdom,0.9936727864500112
18106,1,2011-01-14T12:23:00Z,430.7,330.01875,0,0,33,United Kingdom,0.7769851650659568
18108,1,2011-03-30T13:56:00Z,271,254.95416666666668,0,0,17,United Kingdom,0.5334566581987955
18109,26,2010-12-05T10:58:00Z,277.45,370.0777777777778,14.721055555555557,1,119,United Kingdom,0.9973420584107879
18112,2,2011-06-26T13:56:00Z,196.64,166.95416666666668,154.0326388888889,1,26,United Kingdom,0.5595300698037983
18113,1,2010-12-06T12:31:00Z,76.32000000000001,369.0131944444444,0,0,1,United Kingdom,0.46241812507307045
18114,1,2011-02-22T13:20:00Z,220.1,290.9791666666667,0,0,28,United Kingdom,0.7057513125472598
18116,8,2010-12-10T12:14:00Z,139.68,365.025,42.42123015873016,1,230,United Kingdom,0.9999917489714722
18118,26,2010-12-05T12:13:00Z,475.86,370.02569444444447,14.358861111111112,1,424,United Kingdom,0.9999999996274705
18119,1,2010-12-07T11:59:00Z,181.12,368.03541666666666,0,0,29,United Kingdom,0.7809587031177027
18120,1,2011-05-09T13:45:00Z,111.15,214.96180555555554,0,0,17,United Kingdom,0.500689307817176
18121,2,2011-07-08T12:14:00Z,649.85,155.025,5.027083333333334,1,28,United Kingdom,0.5428298738687698
18122,6,2011-07-12T11:37:00Z,119.19,151.05069444444445,28.412638888888885,1,239,United Kingdom,0.9999869900972342
18125,4,2011-01-27T15:02:00Z,556.46,316.90833333333336,95.63125000000001,1,164,United Kingdom,0.9996508689848974
18127,3,2011-07-29T10:06:00Z,139.6,134.11388888888888,57.08298611111111,1,41,United Kingdom,0.7090303153239949
18129,1,2011-04-10T14:16:00Z,112.55,243.94027777777777,0,0,13,United Kingdom,0.48010899057022705
18133,1,2011-05-11T14:14:00Z,931.5,212.94166666666666,0,0,1,United Kingdom,0.2586020293220185
18135,5,2011-06-02T14:04:00Z,109.82000000000001,190.94861111111112,40.30694444444445,1,11,United Kingdom,0.39829672405257577
18136,3,2011-01-24T12:08:00Z,288.99,320.02916666666664,128.07361111111112,1,34,United Kingdom,0.7848533670429773
18138,1,2011-02-17T14:51:00Z,152.65,295.9159722222222,0,0,8,United Kingdom,0.4689504762791822
18142,2,2011-05-08T12:31:00Z,282.48,216.01319444444445,58.03333333333333,1,9,United Kingdom,0.38858460817031865
18143,2,2011-07-21T10:44:00Z,480.18,142.0875,25.05763888888889,1,59,United Kingdom,0.8544506131617154
18144,12,2010-12-01T13:45:00Z,165.04999999999998,373.96180555555554,33.269002525252525,1,27,United Kingdom,0.7680560253486748
18145,4,2011-01-31T12:10:00Z,609.01,313.02777777777777,99.98888888888888,1,174,United Kingdom,0.9997857641085783
18146,2,2011-05-03T16:35:00Z,76.65,220.84375,79.81458333333333,1,10,United Kingdom,0.41919739575464743
18147,2,2011-08-23T12:22:00Z,98.88,109.01944444444445,62.975,1,7,United Kingdom,0.2743400791001083
18149,3,2011-03-11T12:44:00Z,227.78,274.00416666666666,111.48611111111111,1,11,United Kingdom,0.4791462016611115
18150,3,2011-05-22T10:47:00Z,227.57999999999998,202.08541666666667,84.62569444444445,1,29,United Kingdom,0.6316321903224331
18151,2,2011-02-23T08:29:00Z,312.55,290.18125,155.12916666666666,1,38,United Kingdom,0.7967625438628594
18155,3,2011-02-21T10:36:00Z,113.92999999999999,292.09305555555557,108.06111111111112,1,19,United Kingdom,0.6083556967445357
18156,2,2010-12-05T12:29:00Z,206.23,370.01458333333335,356.99652777777777,1,100,United Kingdom,0.9930329717348391
18159,1,2011-02-11T14:26:00Z,530.15,301.93333333333334,0,0,23,United Kingdom,0.6412779900564263
18160,2,2011-05-23T13:41:00Z,318.55,200.96458333333334,143.08958333333334,1,37,United Kingdom,0.7162058273477571
18161,5,2011-01-24T11:56:00Z,301.53,320.0375,76.04930555555555,1,49,United Kingdom,0.8879242250360635
18165,1,2011-06-15T13:23:00Z,302.46,177.97708333333333,0,0,10,United Kingdom,0.3608694724095012
18167,3,2011-08-26T11:40:00Z,498.48,106.04861111111111,41.08888888888889,1,24,United Kingdom,0.4480838253804701
18168,6,2010-12-02T18:08:00Z,263.3,372.77916666666664,39.21013888888889,1,97,United Kingdom,0.991843433390912
18170,3,2011-05-06T15:13:00Z,304.21,217.90069444444444,91.98680555555555,1,29,United Kingdom,0.6428133638957485
18171,5,2011-01-10T09:55:00Z,240.45000000000002,334.12152777777777,68.74270833333334,1,43,United Kingdom,0.862403238635937
18172,20,2011-02-23T10:44:00Z,649.02,290.0875,14.474707602339182,1,100,United Kingdom,0.9889699689120814
18173,4,2011-03-10T11:56:00Z,853.48,275.0375,62.65972222222222,1,23,United Kingdom,0.5936135147409408
18176,1,2010-12-16T15:45:00Z,476.35,358.87847222222223,0,0,30,United Kingdom,0.7695099633702065
18177,6,2011-03-29T08:46:00Z,169.05,256.1694444444444,44.84972222222222,1,53,United Kingdom,0.884458297201088
18178,4,2010-12-10T12:42:00Z,300.65000000000003,365.00555555555553,78.62222222222222,1,80,United Kingdom,0.9796580648181605
18179,6,2011-01-07T14:22:00Z,335.8,336.93611111111113,65.41680555555556,1,86,United Kingdom,0.9829602440979429
18180,6,2011-07-20T08:59:00Z,300.65000000000003,143.16041666666666,27.59722222222222,1,108,United Kingdom,0.9874584212734093
18183,2,2011-03-10T10:08:00Z,312.8,275.1125,47.22083333333333,1,36,United Kingdom,0.7679758837971109
18185,1,2011-04-04T13:42:00Z,304.25,249.9638888888889,0,0,17,United Kingdom,0.5258785886064204
18188,3,2011-02-22T14:43:00Z,426.6,290.9215277777778,137.54270833333334,1,63,United Kingdom,0.9332241581326776
18189,2,2011-03-17T09:49:00Z,633.1,268.12569444444443,190.11875,1,65,United Kingdom,0.9300704072828618
18190,2,2011-01-13T10:35:00Z,171.46,331.09375,138.17569444444445,1,14,United Kingdom,0.5829212180800039
18191,1,2011-03-23T12:08:00Z,207.8,262.02916666666664,0,0,7,United Kingdom,0.4163411932324167
18193,1,2011-06-27T13:58:00Z,243.76000000000002,165.95277777777778,0,0,16,United Kingdom,0.42635713687676335
18196,2,2011-02-22T16:13:00Z,450.78,290.8590277777778,195.00625,1,131,United Kingdom,0.9978948176306801
18198,17,2011-01-07T13:39:00Z,300.54,336.9659722222222,20.753038194444443,1,81,United Kingdom,0.9782223460900551
18200,1,2011-08-25T18:45:00Z,163.8,106.75347222222223,0,0,29,United Kingdom,0.5355836764162215
18202,3,2011-02-01T13:36:00Z,485.73,311.96805555555557,55.97083333333333,1,55,United Kingdom,0.908679645370478
18203,1,2011-07-05T13:07:00Z,160.42,157.98819444444445,0,0,19,United Kingdom,0.4616959374637736
18204,3,2011-05-31T15:26:00Z,549.43,192.89166666666668,60.52708333333333,1,159,United Kingdom,0.9992266999486676
18210,6,2011-03-17T16:58:00Z,142.4,267.8277777777778,53.150555555555556,1,109,United Kingdom,0.9933104172097673
18211,5,2011-03-06T12:09:00Z,137.9,279.0284722222222,63.208506944444444,1,37,United Kingdom,0.7878448766789772
18212,1,2011-01-17T16:14:00Z,248.42,326.85833333333335,0,0,30,United Kingdom,0.7552520815131798
18213,1,2011-04-17T10:21:00Z,232.48000000000002,237.10347222222222,0,0,15,United Kingdom,0.49073322857768054
18218,2,2011-03-03T12:24:00Z,309.38,282.0180555555556,70.0201388888889,1,17,United Kingdom,0.5600294139586445
18219,10,2010-12-06T10:05:00Z,210.19,369.1145833333333,40.674228395061725,1,58,United Kingdom,0.9412526191642376
18220,1,2011-04-27T09:03:00Z,305.28,227.1576388888889,0,0,2,United Kingdom,0.31553021930802194
18221,5,2011-05-12T14:13:00Z,234.47,211.9423611111111,47.2546875,1,59,United Kingdom,0.8945208228534723
18222,1,2011-09-08T10:45:00Z,443,93.08680555555556,0,0,19,United Kingdom,0.3752885172258049
18223,14,2010-12-16T16:42:00Z,501.69,358.8388888888889,27.206677350427352,1,116,United Kingdom,0.9965428596196705
18224,1,2011-03-21T10:30:00Z,158.95000000000002,264.09722222222223,0,0,10,United Kingdom,0.4600386059294151
18225,12,2010-12-09T15:46:00Z,30,365.8777777777778,32.90031565656565,1,150,United Kingdom,0.9994918218843318
18226,11,2011-01-06T09:00:00Z,417.3,338.15972222222223,29.319166666666668,1,141,United Kingdom,0.9989876260769308
18227,1,2011-05-06T12:23:00Z,93.75,218.01875,0,0,5,United Kingdom,0.35378620122856297
18229,20,2010-12-01T16:25:00Z,344.2,373.85069444444446,19.03812134502924,1,66,United Kingdom,0.9598633798070204
18230,7,2011-02-10T13:06:00Z,464.82,302.9888888888889,48.83518518518519,1,32,United Kingdom,0.74460084109641
18231,5,2011-02-24T09:08:00Z,291,289.15416666666664,24.053819444444443,1,106,United Kingdom,0.9925938379008017
18232,4,2011-05-26T16:30:00Z,107.85000000000001,197.84722222222223,38.60162037037037,1,31,United Kingdom,0.6584252116883589
18233,1,2011-01-18T08:44:00Z,440,326.17083333333335,0,0,1,United Kingdom,0.39354922110218943
18235,3,2011-05-06T13:35:00Z,430.46,217.96875,72.89305555555555,1,100,United Kingdom,0.985810001143858
18236,6,2011-04-13T09:52:00Z,123.2,241.1236111111111,42.18527777777778,1,42,United Kingdom,0.8039332594663345
18237,5,2011-07-28T13:05:00Z,323.38,134.98958333333334,32.99722222222222,1,40,United Kingdom,0.688700692027453
18239,5,2010-12-02T17:48:00Z,438.1,372.79305555555555,38.44618055555556,1,80,United Kingdom,0.9796081771663728
18241,17,2011-05-06T09:22:00Z,365.83,218.14444444444445,13.007291666666667,1,60,United Kingdom,0.8986146466619446
18242,4,2011-05-10T11:20:00Z,314.26,214.0625,47.03310185185185,1,72,United Kingdom,0.942723250743979
18245,7,2010-12-19T14:58:00Z,365.73,355.9111111111111,57.99884259259259,1,153,United Kingdom,0.9995038293748681
18246,2,2011-04-20T13:55:00Z,232.9,233.95486111111111,209.9125,1,3,United Kingdom,0.3376275265159664
18248,2,2011-06-06T13:18:00Z,496.46,186.98055555555555,63.87569444444444,1,39,United Kingdom,0.7154394348252391
18250,1,2011-02-02T13:16:00Z,349.27,310.9819444444444,0,0,21,United Kingdom,0.637391500826541
18252,2,2011-06-21T11:47:00Z,69.9,172.04375,121.03888888888889,1,90,United Kingdom,0.9738572568684946
18257,8,2011-02-16T15:13:00Z,328.4,296.90069444444447,36.71180555555556,1,97,United Kingdom,0.9885069440479541
18259,3,2010-12-08T13:38:00Z,376.3,366.96666666666664,170.9777777777778,1,27,United Kingdom,0.7523661321670861
18260,6,2010-12-16T18:23:00Z,230.70000000000002,358.76875,37.151944444444446,1,86,United Kingdom,0.9848941650014207
18261,2,2011-09-05T09:34:00Z,224.8,96.1361111111111,52.25138888888889,1,19,United Kingdom,0.392031782687667
18262,1,2011-07-22T16:04:00Z,149.48,140.86527777777778,0,0,13,United Kingdom,0.369020798942157
18263,3,2011-04-01T11:48:00Z,307.59999999999997,253.04305555555555,113.44166666666666,1,59,United Kingdom,0.9086066380120671
18265,2,2011-07-04T15:26:00Z,488.55,158.89166666666668,85.94722222222222,1,44,United Kingdom,0.7430365146479417
18268,1,2011-07-28T19:13:00Z,25.5,134.73402777777778,0,0,1,United Kingdom,0.2398800757486144
18269,1,2010-12-08T13:53:00Z,168.6,366.95625,0,0,7,United Kingdom,0.5318653830237808
18270,2,2011-03-18T12:41:00Z,111.95,267.00625,228.05277777777778,1,11,United Kingdom,0.4792008274080747
18272,6,2011-04-07T09:35:00Z,639.82,247.13541666666666,48.82611111111111,1,99,United Kingdom,0.9860778470354787
18273,3,2011-03-27T11:22:00Z,51,258.06111111111113,127.53958333333334,1,1,United Kingdom,0.34860856165564647
18280,1,2011-03-07T09:52:00Z,180.60000000000002,278.12361111111113,0,0,10,United Kingdom,0.4737579648772021
18281,1,2011-06-12T10:53:00Z,80.82,181.08125,0,0,7,United Kingdom,0.3417752844333042
18282,2,2011-08-05T13:35:00Z,100.21,126.96875,118.92222222222222,1,12,United Kingdom,0.3462395825832551
18283,16,2011-01-06T14:14:00Z,108.45,337.94166666666666,22.26055555555556,1,263,United Kingdom,0.9999983410354873
18287,3,2011-05-22T10:39:00Z,765.28,202.09097222222223,79.47569444444444,1,59,United Kingdom,0.8759853773508582
