statistic,p_value,conf_low,conf_high
9.658886792066612,1.1629858577624847e-21,327.4904502833644,494.3441061735986
