term,estimate,std.error,statistic,p.value
(Intercept),-1.4524155196884199,0.07262409592635609,-19.999085718894605,5.609130853211595e-89
total_revenue,0.0034832213633936935,1.3518190298590705e-4,25.76692061922538,2.083274759755588e-146
avg_order_value,-0.006671453272685406,7.367155860823904e-4,-9.055670056014407,1.357318469403853e-19
